FileName,Class,TotalFrames,ClassEncoded
ALS_IceBucket_Challenge_000.mp4,ALS_IceBucket_Challenge,69,0
ALS_IceBucket_Challenge_001.mp4,ALS_IceBucket_Challenge,40,0
ALS_IceBucket_Challenge_002.mp4,ALS_IceBucket_Challenge,67,0
ALS_IceBucket_Challenge_003.mp4,ALS_IceBucket_Challenge,39,0
ALS_IceBucket_Challenge_004.mp4,ALS_IceBucket_Challenge,51,0
ALS_IceBucket_Challenge_005.mp4,ALS_IceBucket_Challenge,37,0
ALS_IceBucket_Challenge_006.mp4,ALS_IceBucket_Challenge,74,0
ALS_IceBucket_Challenge_007.mp4,ALS_IceBucket_Challenge,58,0
ALS_IceBucket_Challenge_008.mp4,ALS_IceBucket_Challenge,43,0
ALS_IceBucket_Challenge_009.mp4,ALS_IceBucket_Challenge,43,0
ALS_IceBucket_Challenge_010.mp4,ALS_IceBucket_Challenge,47,0
ALS_IceBucket_Challenge_011.mp4,ALS_IceBucket_Challenge,37,0
ALS_IceBucket_Challenge_012.mp4,ALS_IceBucket_Challenge,59,0
ALS_IceBucket_Challenge_013.mp4,ALS_IceBucket_Challenge,46,0
ALS_IceBucket_Challenge_014.mp4,ALS_IceBucket_Challenge,44,0
ALS_IceBucket_Challenge_015.mp4,ALS_IceBucket_Challenge,50,0
CPR_000.mp4,CPR,51,1
CPR_001.mp4,CPR,53,1
CPR_002.mp4,CPR,82,1
CPR_003.mp4,CPR,87,1
CPR_004.mp4,CPR,45,1
CPR_005.mp4,CPR,63,1
CPR_006.mp4,CPR,61,1
CPR_007.mp4,CPR,52,1
CPR_008.mp4,CPR,84,1
CPR_009.mp4,CPR,78,1
CPR_010.mp4,CPR,76,1
CPR_011.mp4,CPR,41,1
CPR_012.mp4,CPR,83,1
CPR_013.mp4,CPR,64,1
CPR_014.mp4,CPR,55,1
CPR_015.mp4,CPR,67,1
abseiling_000.mp4,abseiling,63,2
abseiling_001.mp4,abseiling,61,2
abseiling_002.mp4,abseiling,87,2
abseiling_003.mp4,abseiling,102,2
abseiling_004.mp4,abseiling,64,2
abseiling_005.mp4,abseiling,123,2
abseiling_006.mp4,abseiling,132,2
abseiling_007.mp4,abseiling,100,2
abseiling_008.mp4,abseiling,132,2
abseiling_009.mp4,abseiling,61,2
abseiling_010.mp4,abseiling,131,2
abseiling_011.mp4,abseiling,135,2
abseiling_012.mp4,abseiling,120,2
abseiling_013.mp4,abseiling,65,2
abseiling_014.mp4,abseiling,51,2
abseiling_015.mp4,abseiling,85,2
add_new_car_tire_000.mp4,add_new_car_tire,152,3
add_new_car_tire_001.mp4,add_new_car_tire,302,3
add_new_car_tire_002.mp4,add_new_car_tire,55,3
add_new_car_tire_003.mp4,add_new_car_tire,116,3
add_new_car_tire_004.mp4,add_new_car_tire,117,3
add_new_car_tire_005.mp4,add_new_car_tire,121,3
add_new_car_tire_006.mp4,add_new_car_tire,172,3
add_new_car_tire_007.mp4,add_new_car_tire,67,3
add_new_car_tire_008.mp4,add_new_car_tire,103,3
add_new_car_tire_009.mp4,add_new_car_tire,241,3
add_new_car_tire_010.mp4,add_new_car_tire,108,3
add_new_car_tire_011.mp4,add_new_car_tire,97,3
add_new_car_tire_012.mp4,add_new_car_tire,177,3
add_new_car_tire_013.mp4,add_new_car_tire,65,3
add_new_car_tire_014.mp4,add_new_car_tire,45,3
add_new_car_tire_015.mp4,add_new_car_tire,183,3
adjusting_glasses_000.mp4,adjusting_glasses,24,4
adjusting_glasses_001.mp4,adjusting_glasses,19,4
adjusting_glasses_002.mp4,adjusting_glasses,93,4
adjusting_glasses_003.mp4,adjusting_glasses,48,4
adjusting_glasses_004.mp4,adjusting_glasses,35,4
adjusting_glasses_005.mp4,adjusting_glasses,56,4
adjusting_glasses_006.mp4,adjusting_glasses,33,4
adjusting_glasses_007.mp4,adjusting_glasses,23,4
adjusting_glasses_008.mp4,adjusting_glasses,26,4
adjusting_glasses_009.mp4,adjusting_glasses,33,4
adjusting_glasses_010.mp4,adjusting_glasses,40,4
adjusting_glasses_011.mp4,adjusting_glasses,22,4
adjusting_glasses_012.mp4,adjusting_glasses,25,4
adjusting_glasses_013.mp4,adjusting_glasses,27,4
adjusting_glasses_014.mp4,adjusting_glasses,27,4
adjusting_glasses_015.mp4,adjusting_glasses,25,4
air_drumming_000.mp4,air_drumming,102,5
air_drumming_001.mp4,air_drumming,54,5
air_drumming_002.mp4,air_drumming,51,5
air_drumming_003.mp4,air_drumming,106,5
air_drumming_004.mp4,air_drumming,113,5
air_drumming_005.mp4,air_drumming,54,5
air_drumming_006.mp4,air_drumming,51,5
air_drumming_007.mp4,air_drumming,30,5
air_drumming_008.mp4,air_drumming,97,5
air_drumming_009.mp4,air_drumming,80,5
air_drumming_010.mp4,air_drumming,51,5
air_drumming_011.mp4,air_drumming,42,5
air_drumming_012.mp4,air_drumming,93,5
air_drumming_013.mp4,air_drumming,60,5
air_drumming_014.mp4,air_drumming,49,5
air_drumming_015.mp4,air_drumming,33,5
air_guitar_000.mp4,air_guitar,111,6
air_guitar_001.mp4,air_guitar,27,6
air_guitar_002.mp4,air_guitar,53,6
air_guitar_003.mp4,air_guitar,43,6
air_guitar_004.mp4,air_guitar,23,6
air_guitar_005.mp4,air_guitar,80,6
air_guitar_006.mp4,air_guitar,19,6
air_guitar_007.mp4,air_guitar,43,6
air_guitar_008.mp4,air_guitar,41,6
air_guitar_009.mp4,air_guitar,48,6
air_guitar_010.mp4,air_guitar,37,6
air_guitar_011.mp4,air_guitar,30,6
air_guitar_012.mp4,air_guitar,26,6
air_guitar_013.mp4,air_guitar,41,6
air_guitar_014.mp4,air_guitar,27,6
air_guitar_015.mp4,air_guitar,45,6
air_hocky_000.mp4,air_hocky,23,7
air_hocky_001.mp4,air_hocky,127,7
air_hocky_002.mp4,air_hocky,104,7
air_hocky_003.mp4,air_hocky,24,7
air_hocky_004.mp4,air_hocky,105,7
air_hocky_005.mp4,air_hocky,55,7
air_hocky_006.mp4,air_hocky,57,7
air_hocky_007.mp4,air_hocky,29,7
air_hocky_008.mp4,air_hocky,14,7
air_hocky_009.mp4,air_hocky,35,7
air_hocky_010.mp4,air_hocky,34,7
air_hocky_011.mp4,air_hocky,30,7
air_hocky_012.mp4,air_hocky,18,7
air_hocky_013.mp4,air_hocky,38,7
air_hocky_014.mp4,air_hocky,49,7
air_hocky_015.mp4,air_hocky,13,7
alligator_wrestling_000.mp4,alligator_wrestling,89,8
alligator_wrestling_001.mp4,alligator_wrestling,129,8
alligator_wrestling_002.mp4,alligator_wrestling,100,8
alligator_wrestling_003.mp4,alligator_wrestling,91,8
alligator_wrestling_004.mp4,alligator_wrestling,90,8
alligator_wrestling_005.mp4,alligator_wrestling,140,8
alligator_wrestling_006.mp4,alligator_wrestling,94,8
alligator_wrestling_007.mp4,alligator_wrestling,101,8
alligator_wrestling_008.mp4,alligator_wrestling,71,8
alligator_wrestling_009.mp4,alligator_wrestling,99,8
alligator_wrestling_010.mp4,alligator_wrestling,57,8
alligator_wrestling_011.mp4,alligator_wrestling,102,8
alligator_wrestling_012.mp4,alligator_wrestling,64,8
alligator_wrestling_013.mp4,alligator_wrestling,72,8
alligator_wrestling_014.mp4,alligator_wrestling,57,8
alligator_wrestling_015.mp4,alligator_wrestling,101,8
applauding_000.mp4,applauding,48,9
applauding_001.mp4,applauding,53,9
applauding_002.mp4,applauding,39,9
applauding_003.mp4,applauding,51,9
applauding_004.mp4,applauding,109,9
applauding_005.mp4,applauding,46,9
applauding_006.mp4,applauding,51,9
applauding_007.mp4,applauding,45,9
applauding_008.mp4,applauding,54,9
applauding_009.mp4,applauding,25,9
applauding_010.mp4,applauding,42,9
applauding_011.mp4,applauding,38,9
applauding_012.mp4,applauding,36,9
applauding_013.mp4,applauding,16,9
applauding_014.mp4,applauding,38,9
applauding_015.mp4,applauding,38,9
applying_cream_000.mp4,applying_cream,99,10
applying_cream_001.mp4,applying_cream,60,10
applying_cream_002.mp4,applying_cream,58,10
applying_cream_003.mp4,applying_cream,41,10
applying_cream_004.mp4,applying_cream,81,10
applying_cream_005.mp4,applying_cream,55,10
applying_cream_006.mp4,applying_cream,39,10
applying_cream_007.mp4,applying_cream,29,10
applying_cream_008.mp4,applying_cream,102,10
applying_cream_009.mp4,applying_cream,57,10
applying_cream_010.mp4,applying_cream,120,10
applying_cream_011.mp4,applying_cream,87,10
applying_cream_012.mp4,applying_cream,49,10
applying_cream_013.mp4,applying_cream,96,10
applying_cream_014.mp4,applying_cream,51,10
applying_cream_015.mp4,applying_cream,85,10
archery_000.mp4,archery,44,11
archery_001.mp4,archery,45,11
archery_002.mp4,archery,55,11
archery_003.mp4,archery,67,11
archery_004.mp4,archery,20,11
archery_005.mp4,archery,38,11
archery_006.mp4,archery,75,11
archery_007.mp4,archery,37,11
archery_008.mp4,archery,26,11
archery_009.mp4,archery,28,11
archery_010.mp4,archery,24,11
archery_011.mp4,archery,33,11
archery_012.mp4,archery,44,11
archery_013.mp4,archery,18,11
archery_014.mp4,archery,18,11
archery_015.mp4,archery,32,11
arm_wave_000.mp4,arm_wave,67,12
arm_wave_001.mp4,arm_wave,44,12
arm_wave_002.mp4,arm_wave,90,12
arm_wave_003.mp4,arm_wave,67,12
arm_wave_004.mp4,arm_wave,49,12
arm_wave_005.mp4,arm_wave,42,12
arm_wave_006.mp4,arm_wave,43,12
arm_wave_007.mp4,arm_wave,48,12
arm_wave_008.mp4,arm_wave,50,12
arm_wave_009.mp4,arm_wave,77,12
arm_wave_010.mp4,arm_wave,53,12
arm_wave_011.mp4,arm_wave,78,12
arm_wave_012.mp4,arm_wave,92,12
arm_wave_013.mp4,arm_wave,51,12
arm_wave_014.mp4,arm_wave,64,12
arm_wave_015.mp4,arm_wave,53,12
arm_wrestling_000.mp4,arm_wrestling,37,13
arm_wrestling_001.mp4,arm_wrestling,54,13
arm_wrestling_002.mp4,arm_wrestling,65,13
arm_wrestling_003.mp4,arm_wrestling,36,13
arm_wrestling_004.mp4,arm_wrestling,60,13
arm_wrestling_005.mp4,arm_wrestling,46,13
arm_wrestling_006.mp4,arm_wrestling,46,13
arm_wrestling_007.mp4,arm_wrestling,74,13
arm_wrestling_008.mp4,arm_wrestling,81,13
arm_wrestling_009.mp4,arm_wrestling,36,13
arm_wrestling_010.mp4,arm_wrestling,87,13
arm_wrestling_011.mp4,arm_wrestling,47,13
arm_wrestling_012.mp4,arm_wrestling,65,13
arm_wrestling_013.mp4,arm_wrestling,84,13
arm_wrestling_014.mp4,arm_wrestling,72,13
arm_wrestling_015.mp4,arm_wrestling,57,13
atlatl_throw_000.mp4,atlatl_throw,75,14
atlatl_throw_001.mp4,atlatl_throw,105,14
atlatl_throw_002.mp4,atlatl_throw,21,14
atlatl_throw_003.mp4,atlatl_throw,44,14
atlatl_throw_004.mp4,atlatl_throw,36,14
atlatl_throw_005.mp4,atlatl_throw,25,14
atlatl_throw_006.mp4,atlatl_throw,9,14
atlatl_throw_007.mp4,atlatl_throw,17,14
atlatl_throw_008.mp4,atlatl_throw,14,14
atlatl_throw_009.mp4,atlatl_throw,17,14
atlatl_throw_010.mp4,atlatl_throw,66,14
atlatl_throw_011.mp4,atlatl_throw,25,14
atlatl_throw_012.mp4,atlatl_throw,27,14
atlatl_throw_013.mp4,atlatl_throw,15,14
atlatl_throw_014.mp4,atlatl_throw,30,14
atlatl_throw_015.mp4,atlatl_throw,33,14
axe_throwing_000.mp4,axe_throwing,18,15
axe_throwing_001.mp4,axe_throwing,14,15
axe_throwing_002.mp4,axe_throwing,17,15
axe_throwing_003.mp4,axe_throwing,13,15
axe_throwing_004.mp4,axe_throwing,32,15
axe_throwing_005.mp4,axe_throwing,15,15
axe_throwing_006.mp4,axe_throwing,15,15
axe_throwing_007.mp4,axe_throwing,25,15
axe_throwing_008.mp4,axe_throwing,55,15
axe_throwing_009.mp4,axe_throwing,37,15
axe_throwing_010.mp4,axe_throwing,29,15
axe_throwing_011.mp4,axe_throwing,15,15
axe_throwing_012.mp4,axe_throwing,30,15
axe_throwing_013.mp4,axe_throwing,21,15
axe_throwing_014.mp4,axe_throwing,23,15
axe_throwing_015.mp4,axe_throwing,18,15
backflip_000.mp4,backflip,27,16
backflip_001.mp4,backflip,30,16
backflip_002.mp4,backflip,36,16
backflip_003.mp4,backflip,39,16
backflip_004.mp4,backflip,72,16
backflip_005.mp4,backflip,47,16
backflip_006.mp4,backflip,42,16
backflip_007.mp4,backflip,133,16
backflip_008.mp4,backflip,46,16
backflip_009.mp4,backflip,34,16
backflip_010.mp4,backflip,71,16
backflip_011.mp4,backflip,41,16
backflip_012.mp4,backflip,110,16
backflip_013.mp4,backflip,22,16
backflip_014.mp4,backflip,21,16
backflip_015.mp4,backflip,54,16
backward_roll_000.mp4,backward_roll,59,17
backward_roll_001.mp4,backward_roll,75,17
backward_roll_002.mp4,backward_roll,65,17
backward_roll_003.mp4,backward_roll,101,17
backward_roll_004.mp4,backward_roll,81,17
backward_roll_005.mp4,backward_roll,72,17
backward_roll_006.mp4,backward_roll,68,17
backward_roll_007.mp4,backward_roll,40,17
backward_roll_008.mp4,backward_roll,66,17
backward_roll_009.mp4,backward_roll,48,17
backward_roll_010.mp4,backward_roll,81,17
backward_roll_011.mp4,backward_roll,107,17
backward_roll_012.mp4,backward_roll,50,17
backward_roll_013.mp4,backward_roll,49,17
backward_roll_014.mp4,backward_roll,55,17
backward_roll_015.mp4,backward_roll,41,17
badminton_overswing_000.mp4,badminton_overswing,18,18
badminton_overswing_001.mp4,badminton_overswing,36,18
badminton_overswing_002.mp4,badminton_overswing,45,18
badminton_overswing_003.mp4,badminton_overswing,21,18
badminton_overswing_004.mp4,badminton_overswing,72,18
badminton_overswing_005.mp4,badminton_overswing,17,18
badminton_overswing_006.mp4,badminton_overswing,26,18
badminton_overswing_007.mp4,badminton_overswing,23,18
badminton_overswing_008.mp4,badminton_overswing,21,18
badminton_overswing_009.mp4,badminton_overswing,24,18
badminton_overswing_010.mp4,badminton_overswing,15,18
badminton_overswing_011.mp4,badminton_overswing,25,18
badminton_overswing_012.mp4,badminton_overswing,34,18
badminton_overswing_013.mp4,badminton_overswing,39,18
badminton_overswing_014.mp4,badminton_overswing,51,18
badminton_overswing_015.mp4,badminton_overswing,19,18
badminton_serve_000.mp4,badminton_serve,45,19
badminton_serve_001.mp4,badminton_serve,26,19
badminton_serve_002.mp4,badminton_serve,25,19
badminton_serve_003.mp4,badminton_serve,16,19
badminton_serve_004.mp4,badminton_serve,14,19
badminton_serve_005.mp4,badminton_serve,26,19
badminton_serve_006.mp4,badminton_serve,73,19
badminton_serve_007.mp4,badminton_serve,28,19
badminton_serve_008.mp4,badminton_serve,30,19
badminton_serve_009.mp4,badminton_serve,16,19
badminton_serve_010.mp4,badminton_serve,24,19
badminton_serve_011.mp4,badminton_serve,32,19
badminton_serve_012.mp4,badminton_serve,35,19
badminton_serve_013.mp4,badminton_serve,23,19
badminton_serve_014.mp4,badminton_serve,29,19
badminton_serve_015.mp4,badminton_serve,17,19
badminton_underswing_000.mp4,badminton_underswing,22,20
badminton_underswing_001.mp4,badminton_underswing,29,20
badminton_underswing_002.mp4,badminton_underswing,31,20
badminton_underswing_003.mp4,badminton_underswing,17,20
badminton_underswing_004.mp4,badminton_underswing,15,20
badminton_underswing_005.mp4,badminton_underswing,24,20
badminton_underswing_006.mp4,badminton_underswing,15,20
badminton_underswing_007.mp4,badminton_underswing,25,20
badminton_underswing_008.mp4,badminton_underswing,45,20
badminton_underswing_009.mp4,badminton_underswing,26,20
badminton_underswing_010.mp4,badminton_underswing,31,20
badminton_underswing_011.mp4,badminton_underswing,43,20
badminton_underswing_012.mp4,badminton_underswing,38,20
badminton_underswing_013.mp4,badminton_underswing,20,20
badminton_underswing_014.mp4,badminton_underswing,29,20
badminton_underswing_015.mp4,badminton_underswing,56,20
balancebeam_flip_000.mp4,balancebeam_flip,39,21
balancebeam_flip_001.mp4,balancebeam_flip,35,21
balancebeam_flip_002.mp4,balancebeam_flip,24,21
balancebeam_flip_003.mp4,balancebeam_flip,38,21
balancebeam_flip_004.mp4,balancebeam_flip,24,21
balancebeam_flip_005.mp4,balancebeam_flip,33,21
balancebeam_flip_006.mp4,balancebeam_flip,45,21
balancebeam_flip_007.mp4,balancebeam_flip,34,21
balancebeam_flip_008.mp4,balancebeam_flip,33,21
balancebeam_flip_009.mp4,balancebeam_flip,39,21
balancebeam_flip_010.mp4,balancebeam_flip,21,21
balancebeam_flip_011.mp4,balancebeam_flip,32,21
balancebeam_flip_012.mp4,balancebeam_flip,30,21
balancebeam_flip_013.mp4,balancebeam_flip,29,21
balancebeam_flip_014.mp4,balancebeam_flip,28,21
balancebeam_flip_015.mp4,balancebeam_flip,35,21
balancebeam_jump_000.mp4,balancebeam_jump,34,22
balancebeam_jump_001.mp4,balancebeam_jump,38,22
balancebeam_jump_002.mp4,balancebeam_jump,43,22
balancebeam_jump_003.mp4,balancebeam_jump,26,22
balancebeam_jump_004.mp4,balancebeam_jump,31,22
balancebeam_jump_005.mp4,balancebeam_jump,38,22
balancebeam_jump_006.mp4,balancebeam_jump,34,22
balancebeam_jump_007.mp4,balancebeam_jump,40,22
balancebeam_jump_008.mp4,balancebeam_jump,29,22
balancebeam_jump_009.mp4,balancebeam_jump,34,22
balancebeam_jump_010.mp4,balancebeam_jump,34,22
balancebeam_jump_011.mp4,balancebeam_jump,44,22
balancebeam_jump_012.mp4,balancebeam_jump,22,22
balancebeam_jump_013.mp4,balancebeam_jump,34,22
balancebeam_jump_014.mp4,balancebeam_jump,40,22
balancebeam_jump_015.mp4,balancebeam_jump,34,22
balancebeam_rotate_000.mp4,balancebeam_rotate,89,23
balancebeam_rotate_001.mp4,balancebeam_rotate,45,23
balancebeam_rotate_002.mp4,balancebeam_rotate,56,23
balancebeam_rotate_003.mp4,balancebeam_rotate,32,23
balancebeam_rotate_004.mp4,balancebeam_rotate,75,23
balancebeam_rotate_005.mp4,balancebeam_rotate,42,23
balancebeam_rotate_006.mp4,balancebeam_rotate,34,23
balancebeam_rotate_007.mp4,balancebeam_rotate,71,23
balancebeam_rotate_008.mp4,balancebeam_rotate,40,23
balancebeam_rotate_009.mp4,balancebeam_rotate,42,23
balancebeam_rotate_010.mp4,balancebeam_rotate,29,23
balancebeam_rotate_011.mp4,balancebeam_rotate,56,23
balancebeam_rotate_012.mp4,balancebeam_rotate,30,23
balancebeam_rotate_013.mp4,balancebeam_rotate,41,23
balancebeam_rotate_014.mp4,balancebeam_rotate,30,23
balancebeam_rotate_015.mp4,balancebeam_rotate,64,23
balancebeam_spin_000.mp4,balancebeam_spin,23,24
balancebeam_spin_001.mp4,balancebeam_spin,23,24
balancebeam_spin_002.mp4,balancebeam_spin,32,24
balancebeam_spin_003.mp4,balancebeam_spin,24,24
balancebeam_spin_004.mp4,balancebeam_spin,28,24
balancebeam_spin_005.mp4,balancebeam_spin,57,24
balancebeam_spin_006.mp4,balancebeam_spin,31,24
balancebeam_spin_007.mp4,balancebeam_spin,43,24
balancebeam_spin_008.mp4,balancebeam_spin,26,24
balancebeam_spin_009.mp4,balancebeam_spin,29,24
balancebeam_spin_010.mp4,balancebeam_spin,44,24
balancebeam_spin_011.mp4,balancebeam_spin,21,24
balancebeam_spin_012.mp4,balancebeam_spin,35,24
balancebeam_spin_013.mp4,balancebeam_spin,34,24
balancebeam_spin_014.mp4,balancebeam_spin,72,24
balancebeam_spin_015.mp4,balancebeam_spin,59,24
balancebeam_walk_000.mp4,balancebeam_walk,54,25
balancebeam_walk_001.mp4,balancebeam_walk,90,25
balancebeam_walk_002.mp4,balancebeam_walk,43,25
balancebeam_walk_003.mp4,balancebeam_walk,56,25
balancebeam_walk_004.mp4,balancebeam_walk,31,25
balancebeam_walk_005.mp4,balancebeam_walk,43,25
balancebeam_walk_006.mp4,balancebeam_walk,68,25
balancebeam_walk_007.mp4,balancebeam_walk,62,25
balancebeam_walk_008.mp4,balancebeam_walk,40,25
balancebeam_walk_009.mp4,balancebeam_walk,56,25
balancebeam_walk_010.mp4,balancebeam_walk,38,25
balancebeam_walk_011.mp4,balancebeam_walk,45,25
balancebeam_walk_012.mp4,balancebeam_walk,61,25
balancebeam_walk_013.mp4,balancebeam_walk,86,25
balancebeam_walk_014.mp4,balancebeam_walk,47,25
balancebeam_walk_015.mp4,balancebeam_walk,70,25
balloon_animal_000.mp4,balloon_animal,100,26
balloon_animal_001.mp4,balloon_animal,281,26
balloon_animal_002.mp4,balloon_animal,199,26
balloon_animal_003.mp4,balloon_animal,36,26
balloon_animal_004.mp4,balloon_animal,141,26
balloon_animal_005.mp4,balloon_animal,386,26
balloon_animal_006.mp4,balloon_animal,637,26
balloon_animal_007.mp4,balloon_animal,148,26
balloon_animal_008.mp4,balloon_animal,99,26
balloon_animal_009.mp4,balloon_animal,109,26
balloon_animal_010.mp4,balloon_animal,151,26
balloon_animal_011.mp4,balloon_animal,104,26
balloon_animal_012.mp4,balloon_animal,96,26
balloon_animal_013.mp4,balloon_animal,170,26
balloon_animal_014.mp4,balloon_animal,347,26
balloon_animal_015.mp4,balloon_animal,97,26
bandaging_000.mp4,bandaging,75,27
bandaging_001.mp4,bandaging,59,27
bandaging_002.mp4,bandaging,160,27
bandaging_003.mp4,bandaging,125,27
bandaging_004.mp4,bandaging,78,27
bandaging_005.mp4,bandaging,98,27
bandaging_006.mp4,bandaging,133,27
bandaging_007.mp4,bandaging,148,27
bandaging_008.mp4,bandaging,74,27
bandaging_009.mp4,bandaging,99,27
bandaging_010.mp4,bandaging,39,27
bandaging_011.mp4,bandaging,109,27
bandaging_012.mp4,bandaging,100,27
bandaging_013.mp4,bandaging,113,27
bandaging_014.mp4,bandaging,138,27
bandaging_015.mp4,bandaging,131,27
base_jumping_000.mp4,base_jumping,72,28
base_jumping_001.mp4,base_jumping,115,28
base_jumping_002.mp4,base_jumping,63,28
base_jumping_003.mp4,base_jumping,24,28
base_jumping_004.mp4,base_jumping,28,28
base_jumping_005.mp4,base_jumping,33,28
base_jumping_006.mp4,base_jumping,68,28
base_jumping_007.mp4,base_jumping,58,28
base_jumping_008.mp4,base_jumping,112,28
base_jumping_009.mp4,base_jumping,141,28
base_jumping_010.mp4,base_jumping,50,28
base_jumping_011.mp4,base_jumping,41,28
base_jumping_012.mp4,base_jumping,50,28
base_jumping_013.mp4,base_jumping,65,28
base_jumping_014.mp4,base_jumping,45,28
base_jumping_015.mp4,base_jumping,143,28
baseball_bunt_000.mp4,baseball_bunt,23,29
baseball_bunt_001.mp4,baseball_bunt,26,29
baseball_bunt_002.mp4,baseball_bunt,32,29
baseball_bunt_003.mp4,baseball_bunt,26,29
baseball_bunt_004.mp4,baseball_bunt,28,29
baseball_bunt_005.mp4,baseball_bunt,31,29
baseball_bunt_006.mp4,baseball_bunt,18,29
baseball_bunt_007.mp4,baseball_bunt,62,29
baseball_bunt_008.mp4,baseball_bunt,85,29
baseball_bunt_009.mp4,baseball_bunt,24,29
baseball_bunt_010.mp4,baseball_bunt,33,29
baseball_bunt_011.mp4,baseball_bunt,28,29
baseball_bunt_012.mp4,baseball_bunt,33,29
baseball_bunt_013.mp4,baseball_bunt,44,29
baseball_bunt_014.mp4,baseball_bunt,57,29
baseball_bunt_015.mp4,baseball_bunt,16,29
baseball_catch_catcher_000.mp4,baseball_catch_catcher,30,30
baseball_catch_catcher_001.mp4,baseball_catch_catcher,38,30
baseball_catch_catcher_002.mp4,baseball_catch_catcher,22,30
baseball_catch_catcher_003.mp4,baseball_catch_catcher,30,30
baseball_catch_catcher_004.mp4,baseball_catch_catcher,30,30
baseball_catch_catcher_005.mp4,baseball_catch_catcher,24,30
baseball_catch_catcher_006.mp4,baseball_catch_catcher,27,30
baseball_catch_catcher_007.mp4,baseball_catch_catcher,38,30
baseball_catch_catcher_008.mp4,baseball_catch_catcher,21,30
baseball_catch_catcher_009.mp4,baseball_catch_catcher,29,30
baseball_catch_catcher_010.mp4,baseball_catch_catcher,24,30
baseball_catch_catcher_011.mp4,baseball_catch_catcher,36,30
baseball_catch_catcher_012.mp4,baseball_catch_catcher,24,30
baseball_catch_catcher_013.mp4,baseball_catch_catcher,21,30
baseball_catch_catcher_014.mp4,baseball_catch_catcher,26,30
baseball_catch_catcher_015.mp4,baseball_catch_catcher,18,30
baseball_catch_flyball_000.mp4,baseball_catch_flyball,37,31
baseball_catch_flyball_001.mp4,baseball_catch_flyball,38,31
baseball_catch_flyball_002.mp4,baseball_catch_flyball,33,31
baseball_catch_flyball_003.mp4,baseball_catch_flyball,22,31
baseball_catch_flyball_004.mp4,baseball_catch_flyball,46,31
baseball_catch_flyball_005.mp4,baseball_catch_flyball,24,31
baseball_catch_flyball_006.mp4,baseball_catch_flyball,48,31
baseball_catch_flyball_007.mp4,baseball_catch_flyball,28,31
baseball_catch_flyball_008.mp4,baseball_catch_flyball,10,31
baseball_catch_flyball_009.mp4,baseball_catch_flyball,31,31
baseball_catch_flyball_010.mp4,baseball_catch_flyball,36,31
baseball_catch_flyball_011.mp4,baseball_catch_flyball,27,31
baseball_catch_flyball_012.mp4,baseball_catch_flyball,18,31
baseball_catch_flyball_013.mp4,baseball_catch_flyball,24,31
baseball_catch_flyball_014.mp4,baseball_catch_flyball,51,31
baseball_catch_flyball_015.mp4,baseball_catch_flyball,23,31
baseball_catch_groundball_000.mp4,baseball_catch_groundball,34,32
baseball_catch_groundball_001.mp4,baseball_catch_groundball,19,32
baseball_catch_groundball_002.mp4,baseball_catch_groundball,25,32
baseball_catch_groundball_003.mp4,baseball_catch_groundball,33,32
baseball_catch_groundball_004.mp4,baseball_catch_groundball,35,32
baseball_catch_groundball_005.mp4,baseball_catch_groundball,40,32
baseball_catch_groundball_006.mp4,baseball_catch_groundball,27,32
baseball_catch_groundball_007.mp4,baseball_catch_groundball,27,32
baseball_catch_groundball_008.mp4,baseball_catch_groundball,29,32
baseball_catch_groundball_009.mp4,baseball_catch_groundball,48,32
baseball_catch_groundball_010.mp4,baseball_catch_groundball,28,32
baseball_catch_groundball_011.mp4,baseball_catch_groundball,31,32
baseball_catch_groundball_012.mp4,baseball_catch_groundball,28,32
baseball_catch_groundball_013.mp4,baseball_catch_groundball,20,32
baseball_catch_groundball_014.mp4,baseball_catch_groundball,26,32
baseball_catch_groundball_015.mp4,baseball_catch_groundball,33,32
baseball_pitch_000.mp4,baseball_pitch,64,33
baseball_pitch_001.mp4,baseball_pitch,36,33
baseball_pitch_002.mp4,baseball_pitch,64,33
baseball_pitch_003.mp4,baseball_pitch,93,33
baseball_pitch_004.mp4,baseball_pitch,54,33
baseball_pitch_005.mp4,baseball_pitch,73,33
baseball_pitch_006.mp4,baseball_pitch,29,33
baseball_pitch_007.mp4,baseball_pitch,28,33
baseball_pitch_008.mp4,baseball_pitch,41,33
baseball_pitch_009.mp4,baseball_pitch,33,33
baseball_pitch_010.mp4,baseball_pitch,64,33
baseball_pitch_011.mp4,baseball_pitch,57,33
baseball_pitch_012.mp4,baseball_pitch,59,33
baseball_pitch_013.mp4,baseball_pitch,90,33
baseball_pitch_014.mp4,baseball_pitch,55,33
baseball_pitch_015.mp4,baseball_pitch,73,33
baseball_run_000.mp4,baseball_run,106,34
baseball_run_001.mp4,baseball_run,46,34
baseball_run_002.mp4,baseball_run,42,34
baseball_run_003.mp4,baseball_run,56,34
baseball_run_004.mp4,baseball_run,14,34
baseball_run_005.mp4,baseball_run,43,34
baseball_run_006.mp4,baseball_run,44,34
baseball_run_007.mp4,baseball_run,49,34
baseball_run_008.mp4,baseball_run,51,34
baseball_run_009.mp4,baseball_run,56,34
baseball_run_010.mp4,baseball_run,41,34
baseball_run_011.mp4,baseball_run,36,34
baseball_run_012.mp4,baseball_run,39,34
baseball_run_013.mp4,baseball_run,61,34
baseball_run_014.mp4,baseball_run,48,34
baseball_run_015.mp4,baseball_run,47,34
baseball_swing_000.mp4,baseball_swing,45,35
baseball_swing_001.mp4,baseball_swing,55,35
baseball_swing_002.mp4,baseball_swing,24,35
baseball_swing_003.mp4,baseball_swing,36,35
baseball_swing_004.mp4,baseball_swing,33,35
baseball_swing_005.mp4,baseball_swing,117,35
baseball_swing_006.mp4,baseball_swing,20,35
baseball_swing_007.mp4,baseball_swing,33,35
baseball_swing_008.mp4,baseball_swing,56,35
baseball_swing_009.mp4,baseball_swing,24,35
baseball_swing_010.mp4,baseball_swing,29,35
baseball_swing_011.mp4,baseball_swing,30,35
baseball_swing_012.mp4,baseball_swing,27,35
baseball_swing_013.mp4,baseball_swing,39,35
baseball_swing_014.mp4,baseball_swing,15,35
baseball_swing_015.mp4,baseball_swing,27,35
basketball_dribble_000.mp4,basketball_dribble,138,36
basketball_dribble_001.mp4,basketball_dribble,87,36
basketball_dribble_002.mp4,basketball_dribble,63,36
basketball_dribble_003.mp4,basketball_dribble,46,36
basketball_dribble_004.mp4,basketball_dribble,43,36
basketball_dribble_005.mp4,basketball_dribble,68,36
basketball_dribble_006.mp4,basketball_dribble,63,36
basketball_dribble_007.mp4,basketball_dribble,80,36
basketball_dribble_008.mp4,basketball_dribble,121,36
basketball_dribble_009.mp4,basketball_dribble,80,36
basketball_dribble_010.mp4,basketball_dribble,125,36
basketball_dribble_011.mp4,basketball_dribble,69,36
basketball_dribble_012.mp4,basketball_dribble,139,36
basketball_dribble_013.mp4,basketball_dribble,167,36
basketball_dribble_014.mp4,basketball_dribble,119,36
basketball_dribble_015.mp4,basketball_dribble,65,36
basketball_dunk_000.mp4,basketball_dunk,69,37
basketball_dunk_001.mp4,basketball_dunk,19,37
basketball_dunk_002.mp4,basketball_dunk,34,37
basketball_dunk_003.mp4,basketball_dunk,35,37
basketball_dunk_004.mp4,basketball_dunk,80,37
basketball_dunk_005.mp4,basketball_dunk,21,37
basketball_dunk_006.mp4,basketball_dunk,65,37
basketball_dunk_007.mp4,basketball_dunk,34,37
basketball_dunk_008.mp4,basketball_dunk,41,37
basketball_dunk_009.mp4,basketball_dunk,52,37
basketball_dunk_010.mp4,basketball_dunk,43,37
basketball_dunk_011.mp4,basketball_dunk,29,37
basketball_dunk_012.mp4,basketball_dunk,33,37
basketball_dunk_013.mp4,basketball_dunk,52,37
basketball_dunk_014.mp4,basketball_dunk,36,37
basketball_dunk_015.mp4,basketball_dunk,33,37
basketball_hookshot_000.mp4,basketball_hookshot,22,38
basketball_hookshot_001.mp4,basketball_hookshot,103,38
basketball_hookshot_002.mp4,basketball_hookshot,34,38
basketball_hookshot_003.mp4,basketball_hookshot,46,38
basketball_hookshot_004.mp4,basketball_hookshot,50,38
basketball_hookshot_005.mp4,basketball_hookshot,31,38
basketball_hookshot_006.mp4,basketball_hookshot,29,38
basketball_hookshot_007.mp4,basketball_hookshot,24,38
basketball_hookshot_008.mp4,basketball_hookshot,33,38
basketball_hookshot_009.mp4,basketball_hookshot,31,38
basketball_hookshot_010.mp4,basketball_hookshot,30,38
basketball_hookshot_011.mp4,basketball_hookshot,31,38
basketball_hookshot_012.mp4,basketball_hookshot,33,38
basketball_hookshot_013.mp4,basketball_hookshot,29,38
basketball_hookshot_014.mp4,basketball_hookshot,75,38
basketball_hookshot_015.mp4,basketball_hookshot,34,38
basketball_jabstep_000.mp4,basketball_jabstep,41,39
basketball_jabstep_001.mp4,basketball_jabstep,54,39
basketball_jabstep_002.mp4,basketball_jabstep,32,39
basketball_jabstep_003.mp4,basketball_jabstep,60,39
basketball_jabstep_004.mp4,basketball_jabstep,81,39
basketball_jabstep_005.mp4,basketball_jabstep,32,39
basketball_jabstep_006.mp4,basketball_jabstep,54,39
basketball_jabstep_007.mp4,basketball_jabstep,41,39
basketball_jabstep_008.mp4,basketball_jabstep,36,39
basketball_jabstep_009.mp4,basketball_jabstep,47,39
basketball_jabstep_010.mp4,basketball_jabstep,48,39
basketball_jabstep_011.mp4,basketball_jabstep,56,39
basketball_jabstep_012.mp4,basketball_jabstep,54,39
basketball_jabstep_013.mp4,basketball_jabstep,49,39
basketball_jabstep_014.mp4,basketball_jabstep,74,39
basketball_jabstep_015.mp4,basketball_jabstep,84,39
basketball_layup_000.mp4,basketball_layup,92,40
basketball_layup_001.mp4,basketball_layup,60,40
basketball_layup_002.mp4,basketball_layup,43,40
basketball_layup_003.mp4,basketball_layup,42,40
basketball_layup_004.mp4,basketball_layup,50,40
basketball_layup_005.mp4,basketball_layup,43,40
basketball_layup_006.mp4,basketball_layup,41,40
basketball_layup_007.mp4,basketball_layup,51,40
basketball_layup_008.mp4,basketball_layup,33,40
basketball_layup_009.mp4,basketball_layup,107,40
basketball_layup_010.mp4,basketball_layup,62,40
basketball_layup_011.mp4,basketball_layup,27,40
basketball_layup_012.mp4,basketball_layup,41,40
basketball_layup_013.mp4,basketball_layup,41,40
basketball_layup_014.mp4,basketball_layup,45,40
basketball_layup_015.mp4,basketball_layup,35,40
basketball_pass_000.mp4,basketball_pass,17,41
basketball_pass_001.mp4,basketball_pass,19,41
basketball_pass_002.mp4,basketball_pass,21,41
basketball_pass_003.mp4,basketball_pass,14,41
basketball_pass_004.mp4,basketball_pass,25,41
basketball_pass_005.mp4,basketball_pass,20,41
basketball_pass_006.mp4,basketball_pass,18,41
basketball_pass_007.mp4,basketball_pass,25,41
basketball_pass_008.mp4,basketball_pass,13,41
basketball_pass_009.mp4,basketball_pass,34,41
basketball_pass_010.mp4,basketball_pass,20,41
basketball_pass_011.mp4,basketball_pass,36,41
basketball_pass_012.mp4,basketball_pass,35,41
basketball_pass_013.mp4,basketball_pass,28,41
basketball_pass_014.mp4,basketball_pass,20,41
basketball_pass_015.mp4,basketball_pass,12,41
basketball_shoot_000.mp4,basketball_shoot,44,42
basketball_shoot_001.mp4,basketball_shoot,23,42
basketball_shoot_002.mp4,basketball_shoot,50,42
basketball_shoot_003.mp4,basketball_shoot,32,42
basketball_shoot_004.mp4,basketball_shoot,51,42
basketball_shoot_005.mp4,basketball_shoot,77,42
basketball_shoot_006.mp4,basketball_shoot,68,42
basketball_shoot_007.mp4,basketball_shoot,24,42
basketball_shoot_008.mp4,basketball_shoot,55,42
basketball_shoot_009.mp4,basketball_shoot,56,42
basketball_shoot_010.mp4,basketball_shoot,49,42
basketball_shoot_011.mp4,basketball_shoot,26,42
basketball_shoot_012.mp4,basketball_shoot,16,42
basketball_shoot_013.mp4,basketball_shoot,34,42
basketball_shoot_014.mp4,basketball_shoot,41,42
basketball_shoot_015.mp4,basketball_shoot,21,42
battle-rope_jumping-jack_000.mp4,battle-rope_jumping-jack,37,43
battle-rope_jumping-jack_001.mp4,battle-rope_jumping-jack,37,43
battle-rope_jumping-jack_002.mp4,battle-rope_jumping-jack,26,43
battle-rope_jumping-jack_003.mp4,battle-rope_jumping-jack,43,43
battle-rope_jumping-jack_004.mp4,battle-rope_jumping-jack,49,43
battle-rope_jumping-jack_005.mp4,battle-rope_jumping-jack,33,43
battle-rope_jumping-jack_006.mp4,battle-rope_jumping-jack,36,43
battle-rope_jumping-jack_007.mp4,battle-rope_jumping-jack,44,43
battle-rope_jumping-jack_008.mp4,battle-rope_jumping-jack,44,43
battle-rope_jumping-jack_009.mp4,battle-rope_jumping-jack,53,43
battle-rope_jumping-jack_010.mp4,battle-rope_jumping-jack,42,43
battle-rope_jumping-jack_011.mp4,battle-rope_jumping-jack,47,43
battle-rope_jumping-jack_012.mp4,battle-rope_jumping-jack,42,43
battle-rope_jumping-jack_013.mp4,battle-rope_jumping-jack,66,43
battle-rope_jumping-jack_014.mp4,battle-rope_jumping-jack,61,43
battle-rope_jumping-jack_015.mp4,battle-rope_jumping-jack,38,43
battle-rope_power-slam_000.mp4,battle-rope_power-slam,24,44
battle-rope_power-slam_001.mp4,battle-rope_power-slam,22,44
battle-rope_power-slam_002.mp4,battle-rope_power-slam,25,44
battle-rope_power-slam_003.mp4,battle-rope_power-slam,37,44
battle-rope_power-slam_004.mp4,battle-rope_power-slam,35,44
battle-rope_power-slam_005.mp4,battle-rope_power-slam,36,44
battle-rope_power-slam_006.mp4,battle-rope_power-slam,27,44
battle-rope_power-slam_007.mp4,battle-rope_power-slam,22,44
battle-rope_power-slam_008.mp4,battle-rope_power-slam,21,44
battle-rope_power-slam_009.mp4,battle-rope_power-slam,28,44
battle-rope_power-slam_010.mp4,battle-rope_power-slam,32,44
battle-rope_power-slam_011.mp4,battle-rope_power-slam,24,44
battle-rope_power-slam_012.mp4,battle-rope_power-slam,25,44
battle-rope_power-slam_013.mp4,battle-rope_power-slam,30,44
battle-rope_power-slam_014.mp4,battle-rope_power-slam,40,44
battle-rope_power-slam_015.mp4,battle-rope_power-slam,36,44
battle-rope_rainbow_000.mp4,battle-rope_rainbow,85,45
battle-rope_rainbow_001.mp4,battle-rope_rainbow,48,45
battle-rope_rainbow_002.mp4,battle-rope_rainbow,47,45
battle-rope_rainbow_003.mp4,battle-rope_rainbow,64,45
battle-rope_rainbow_004.mp4,battle-rope_rainbow,56,45
battle-rope_rainbow_005.mp4,battle-rope_rainbow,74,45
battle-rope_rainbow_006.mp4,battle-rope_rainbow,58,45
battle-rope_rainbow_007.mp4,battle-rope_rainbow,85,45
battle-rope_rainbow_008.mp4,battle-rope_rainbow,66,45
battle-rope_rainbow_009.mp4,battle-rope_rainbow,89,45
battle-rope_rainbow_010.mp4,battle-rope_rainbow,68,45
battle-rope_rainbow_011.mp4,battle-rope_rainbow,54,45
battle-rope_rainbow_012.mp4,battle-rope_rainbow,90,45
battle-rope_rainbow_013.mp4,battle-rope_rainbow,78,45
battle-rope_rainbow_014.mp4,battle-rope_rainbow,36,45
battle-rope_rainbow_015.mp4,battle-rope_rainbow,78,45
battle-rope_russian-twist_000.mp4,battle-rope_russian-twist,37,46
battle-rope_russian-twist_001.mp4,battle-rope_russian-twist,38,46
battle-rope_russian-twist_002.mp4,battle-rope_russian-twist,36,46
battle-rope_russian-twist_003.mp4,battle-rope_russian-twist,43,46
battle-rope_russian-twist_004.mp4,battle-rope_russian-twist,53,46
battle-rope_russian-twist_005.mp4,battle-rope_russian-twist,68,46
battle-rope_russian-twist_006.mp4,battle-rope_russian-twist,45,46
battle-rope_russian-twist_007.mp4,battle-rope_russian-twist,57,46
battle-rope_russian-twist_008.mp4,battle-rope_russian-twist,52,46
battle-rope_russian-twist_009.mp4,battle-rope_russian-twist,45,46
battle-rope_russian-twist_010.mp4,battle-rope_russian-twist,46,46
battle-rope_russian-twist_011.mp4,battle-rope_russian-twist,68,46
battle-rope_russian-twist_012.mp4,battle-rope_russian-twist,47,46
battle-rope_russian-twist_013.mp4,battle-rope_russian-twist,69,46
battle-rope_russian-twist_014.mp4,battle-rope_russian-twist,29,46
battle-rope_russian-twist_015.mp4,battle-rope_russian-twist,62,46
battle-rope_sideplank_000.mp4,battle-rope_sideplank,50,47
battle-rope_sideplank_001.mp4,battle-rope_sideplank,49,47
battle-rope_sideplank_002.mp4,battle-rope_sideplank,53,47
battle-rope_sideplank_003.mp4,battle-rope_sideplank,45,47
battle-rope_sideplank_004.mp4,battle-rope_sideplank,40,47
battle-rope_sideplank_005.mp4,battle-rope_sideplank,50,47
battle-rope_sideplank_006.mp4,battle-rope_sideplank,46,47
battle-rope_sideplank_007.mp4,battle-rope_sideplank,55,47
battle-rope_sideplank_008.mp4,battle-rope_sideplank,50,47
battle-rope_sideplank_009.mp4,battle-rope_sideplank,51,47
battle-rope_sideplank_010.mp4,battle-rope_sideplank,42,47
battle-rope_sideplank_011.mp4,battle-rope_sideplank,47,47
battle-rope_sideplank_012.mp4,battle-rope_sideplank,39,47
battle-rope_sideplank_013.mp4,battle-rope_sideplank,46,47
battle-rope_sideplank_014.mp4,battle-rope_sideplank,70,47
battle-rope_sideplank_015.mp4,battle-rope_sideplank,33,47
battle-rope_snake_000.mp4,battle-rope_snake,91,48
battle-rope_snake_001.mp4,battle-rope_snake,57,48
battle-rope_snake_002.mp4,battle-rope_snake,47,48
battle-rope_snake_003.mp4,battle-rope_snake,100,48
battle-rope_snake_004.mp4,battle-rope_snake,38,48
battle-rope_snake_005.mp4,battle-rope_snake,48,48
battle-rope_snake_006.mp4,battle-rope_snake,37,48
battle-rope_snake_007.mp4,battle-rope_snake,51,48
battle-rope_snake_008.mp4,battle-rope_snake,29,48
battle-rope_snake_009.mp4,battle-rope_snake,51,48
battle-rope_snake_010.mp4,battle-rope_snake,49,48
battle-rope_snake_011.mp4,battle-rope_snake,43,48
battle-rope_snake_012.mp4,battle-rope_snake,60,48
battle-rope_snake_013.mp4,battle-rope_snake,52,48
battle-rope_snake_014.mp4,battle-rope_snake,48,48
battle-rope_snake_015.mp4,battle-rope_snake,55,48
battle-rope_wave_000.mp4,battle-rope_wave,33,49
battle-rope_wave_001.mp4,battle-rope_wave,36,49
battle-rope_wave_002.mp4,battle-rope_wave,36,49
battle-rope_wave_003.mp4,battle-rope_wave,29,49
battle-rope_wave_004.mp4,battle-rope_wave,56,49
battle-rope_wave_005.mp4,battle-rope_wave,42,49
battle-rope_wave_006.mp4,battle-rope_wave,61,49
battle-rope_wave_007.mp4,battle-rope_wave,39,49
battle-rope_wave_008.mp4,battle-rope_wave,46,49
battle-rope_wave_009.mp4,battle-rope_wave,58,49
battle-rope_wave_010.mp4,battle-rope_wave,59,49
battle-rope_wave_011.mp4,battle-rope_wave,47,49
battle-rope_wave_012.mp4,battle-rope_wave,37,49
battle-rope_wave_013.mp4,battle-rope_wave,72,49
battle-rope_wave_014.mp4,battle-rope_wave,47,49
battle-rope_wave_015.mp4,battle-rope_wave,44,49
beer_pong_throw_000.mp4,beer_pong_throw,25,50
beer_pong_throw_001.mp4,beer_pong_throw,31,50
beer_pong_throw_002.mp4,beer_pong_throw,22,50
beer_pong_throw_003.mp4,beer_pong_throw,33,50
beer_pong_throw_004.mp4,beer_pong_throw,17,50
beer_pong_throw_005.mp4,beer_pong_throw,31,50
beer_pong_throw_006.mp4,beer_pong_throw,38,50
beer_pong_throw_007.mp4,beer_pong_throw,44,50
beer_pong_throw_008.mp4,beer_pong_throw,13,50
beer_pong_throw_009.mp4,beer_pong_throw,21,50
beer_pong_throw_010.mp4,beer_pong_throw,18,50
beer_pong_throw_011.mp4,beer_pong_throw,24,50
beer_pong_throw_012.mp4,beer_pong_throw,16,50
beer_pong_throw_013.mp4,beer_pong_throw,21,50
beer_pong_throw_014.mp4,beer_pong_throw,31,50
beer_pong_throw_015.mp4,beer_pong_throw,16,50
belly_dancing_000.mp4,belly_dancing,37,51
belly_dancing_001.mp4,belly_dancing,77,51
belly_dancing_002.mp4,belly_dancing,58,51
belly_dancing_003.mp4,belly_dancing,58,51
belly_dancing_004.mp4,belly_dancing,42,51
belly_dancing_005.mp4,belly_dancing,61,51
belly_dancing_006.mp4,belly_dancing,43,51
belly_dancing_007.mp4,belly_dancing,36,51
belly_dancing_008.mp4,belly_dancing,32,51
belly_dancing_009.mp4,belly_dancing,45,51
belly_dancing_010.mp4,belly_dancing,43,51
belly_dancing_011.mp4,belly_dancing,66,51
belly_dancing_012.mp4,belly_dancing,26,51
belly_dancing_013.mp4,belly_dancing,48,51
belly_dancing_014.mp4,belly_dancing,37,51
belly_dancing_015.mp4,belly_dancing,31,51
bench_dip_000.mp4,bench_dip,40,52
bench_dip_001.mp4,bench_dip,73,52
bench_dip_002.mp4,bench_dip,78,52
bench_dip_003.mp4,bench_dip,80,52
bench_dip_004.mp4,bench_dip,75,52
bench_dip_005.mp4,bench_dip,99,52
bench_dip_006.mp4,bench_dip,54,52
bench_dip_007.mp4,bench_dip,201,52
bench_dip_008.mp4,bench_dip,40,52
bench_dip_009.mp4,bench_dip,128,52
bench_dip_010.mp4,bench_dip,61,52
bench_dip_011.mp4,bench_dip,60,52
bench_dip_012.mp4,bench_dip,60,52
bench_dip_013.mp4,bench_dip,98,52
bench_dip_014.mp4,bench_dip,49,52
bench_dip_015.mp4,bench_dip,64,52
bending_back_000.mp4,bending_back,59,53
bending_back_001.mp4,bending_back,48,53
bending_back_002.mp4,bending_back,72,53
bending_back_003.mp4,bending_back,20,53
bending_back_004.mp4,bending_back,60,53
bending_back_005.mp4,bending_back,41,53
bending_back_006.mp4,bending_back,36,53
bending_back_007.mp4,bending_back,32,53
bending_back_008.mp4,bending_back,146,53
bending_back_009.mp4,bending_back,46,53
bending_back_010.mp4,bending_back,51,53
bending_back_011.mp4,bending_back,65,53
bending_back_012.mp4,bending_back,40,53
bending_back_013.mp4,bending_back,29,53
bending_back_014.mp4,bending_back,41,53
bending_back_015.mp4,bending_back,38,53
bike_fall_000.mp4,bike_fall,21,54
bike_fall_001.mp4,bike_fall,26,54
bike_fall_002.mp4,bike_fall,29,54
bike_fall_003.mp4,bike_fall,14,54
bike_fall_004.mp4,bike_fall,43,54
bike_fall_005.mp4,bike_fall,26,54
bike_fall_006.mp4,bike_fall,27,54
bike_fall_007.mp4,bike_fall,47,54
bike_fall_008.mp4,bike_fall,29,54
bike_fall_009.mp4,bike_fall,33,54
bike_fall_010.mp4,bike_fall,58,54
bike_fall_011.mp4,bike_fall,51,54
bike_fall_012.mp4,bike_fall,39,54
bike_fall_013.mp4,bike_fall,21,54
bike_fall_014.mp4,bike_fall,75,54
bike_fall_015.mp4,bike_fall,49,54
billiard_hit_000.mp4,billiard_hit,21,55
billiard_hit_001.mp4,billiard_hit,37,55
billiard_hit_002.mp4,billiard_hit,33,55
billiard_hit_003.mp4,billiard_hit,21,55
billiard_hit_004.mp4,billiard_hit,42,55
billiard_hit_005.mp4,billiard_hit,39,55
billiard_hit_006.mp4,billiard_hit,48,55
billiard_hit_007.mp4,billiard_hit,33,55
billiard_hit_008.mp4,billiard_hit,17,55
billiard_hit_009.mp4,billiard_hit,21,55
billiard_hit_010.mp4,billiard_hit,17,55
billiard_hit_011.mp4,billiard_hit,64,55
billiard_hit_012.mp4,billiard_hit,21,55
billiard_hit_013.mp4,billiard_hit,42,55
billiard_hit_014.mp4,billiard_hit,33,55
billiard_hit_015.mp4,billiard_hit,34,55
blow_gun_000.mp4,blow_gun,13,56
blow_gun_001.mp4,blow_gun,41,56
blow_gun_002.mp4,blow_gun,19,56
blow_gun_003.mp4,blow_gun,13,56
blow_gun_004.mp4,blow_gun,33,56
blow_gun_005.mp4,blow_gun,60,56
blow_gun_006.mp4,blow_gun,13,56
blow_gun_007.mp4,blow_gun,42,56
blow_gun_008.mp4,blow_gun,21,56
blow_gun_009.mp4,blow_gun,80,56
blow_gun_010.mp4,blow_gun,12,56
blow_gun_011.mp4,blow_gun,24,56
blow_gun_012.mp4,blow_gun,36,56
blow_gun_013.mp4,blow_gun,10,56
blow_gun_014.mp4,blow_gun,14,56
blow_gun_015.mp4,blow_gun,57,56
blowdrying_hair_000.mp4,blowdrying_hair,71,57
blowdrying_hair_001.mp4,blowdrying_hair,47,57
blowdrying_hair_002.mp4,blowdrying_hair,138,57
blowdrying_hair_003.mp4,blowdrying_hair,104,57
blowdrying_hair_004.mp4,blowdrying_hair,90,57
blowdrying_hair_005.mp4,blowdrying_hair,28,57
blowdrying_hair_006.mp4,blowdrying_hair,51,57
blowdrying_hair_007.mp4,blowdrying_hair,20,57
blowdrying_hair_008.mp4,blowdrying_hair,67,57
blowdrying_hair_009.mp4,blowdrying_hair,57,57
blowdrying_hair_010.mp4,blowdrying_hair,52,57
blowdrying_hair_011.mp4,blowdrying_hair,85,57
blowdrying_hair_012.mp4,blowdrying_hair,50,57
blowdrying_hair_013.mp4,blowdrying_hair,136,57
blowdrying_hair_014.mp4,blowdrying_hair,82,57
blowdrying_hair_015.mp4,blowdrying_hair,28,57
blowing kisses_000.mp4,blowing kisses,17,58
blowing kisses_001.mp4,blowing kisses,21,58
blowing kisses_002.mp4,blowing kisses,30,58
blowing kisses_003.mp4,blowing kisses,27,58
blowing kisses_004.mp4,blowing kisses,17,58
blowing kisses_005.mp4,blowing kisses,39,58
blowing kisses_006.mp4,blowing kisses,35,58
blowing kisses_007.mp4,blowing kisses,100,58
blowing kisses_008.mp4,blowing kisses,35,58
blowing kisses_009.mp4,blowing kisses,18,58
blowing kisses_010.mp4,blowing kisses,40,58
blowing kisses_011.mp4,blowing kisses,24,58
blowing kisses_012.mp4,blowing kisses,30,58
blowing kisses_013.mp4,blowing kisses,11,58
blowing kisses_014.mp4,blowing kisses,21,58
blowing kisses_015.mp4,blowing kisses,54,58
blowing_balloon_000.mp4,blowing_balloon,33,59
blowing_balloon_001.mp4,blowing_balloon,122,59
blowing_balloon_002.mp4,blowing_balloon,72,59
blowing_balloon_003.mp4,blowing_balloon,110,59
blowing_balloon_004.mp4,blowing_balloon,136,59
blowing_balloon_005.mp4,blowing_balloon,141,59
blowing_balloon_006.mp4,blowing_balloon,148,59
blowing_balloon_007.mp4,blowing_balloon,157,59
blowing_balloon_008.mp4,blowing_balloon,59,59
blowing_balloon_009.mp4,blowing_balloon,63,59
blowing_balloon_010.mp4,blowing_balloon,181,59
blowing_balloon_011.mp4,blowing_balloon,85,59
blowing_balloon_012.mp4,blowing_balloon,76,59
blowing_balloon_013.mp4,blowing_balloon,82,59
blowing_balloon_014.mp4,blowing_balloon,42,59
blowing_balloon_015.mp4,blowing_balloon,160,59
blowing_glass_000.mp4,blowing_glass,19,60
blowing_glass_001.mp4,blowing_glass,36,60
blowing_glass_002.mp4,blowing_glass,51,60
blowing_glass_003.mp4,blowing_glass,28,60
blowing_glass_004.mp4,blowing_glass,35,60
blowing_glass_005.mp4,blowing_glass,30,60
blowing_glass_006.mp4,blowing_glass,27,60
blowing_glass_007.mp4,blowing_glass,38,60
blowing_glass_008.mp4,blowing_glass,60,60
blowing_glass_009.mp4,blowing_glass,28,60
blowing_glass_010.mp4,blowing_glass,33,60
blowing_glass_011.mp4,blowing_glass,23,60
blowing_glass_012.mp4,blowing_glass,27,60
blowing_glass_013.mp4,blowing_glass,30,60
blowing_glass_014.mp4,blowing_glass,28,60
blowing_glass_015.mp4,blowing_glass,32,60
blowing_gum_000.mp4,blowing_gum,38,61
blowing_gum_001.mp4,blowing_gum,63,61
blowing_gum_002.mp4,blowing_gum,17,61
blowing_gum_003.mp4,blowing_gum,31,61
blowing_gum_004.mp4,blowing_gum,85,61
blowing_gum_005.mp4,blowing_gum,67,61
blowing_gum_006.mp4,blowing_gum,44,61
blowing_gum_007.mp4,blowing_gum,99,61
blowing_gum_008.mp4,blowing_gum,37,61
blowing_gum_009.mp4,blowing_gum,119,61
blowing_gum_010.mp4,blowing_gum,85,61
blowing_gum_011.mp4,blowing_gum,117,61
blowing_gum_012.mp4,blowing_gum,85,61
blowing_gum_013.mp4,blowing_gum,81,61
blowing_gum_014.mp4,blowing_gum,73,61
blowing_gum_015.mp4,blowing_gum,58,61
blowing_leaf_000.mp4,blowing_leaf,39,62
blowing_leaf_001.mp4,blowing_leaf,57,62
blowing_leaf_002.mp4,blowing_leaf,42,62
blowing_leaf_003.mp4,blowing_leaf,40,62
blowing_leaf_004.mp4,blowing_leaf,52,62
blowing_leaf_005.mp4,blowing_leaf,41,62
blowing_leaf_006.mp4,blowing_leaf,45,62
blowing_leaf_007.mp4,blowing_leaf,33,62
blowing_leaf_008.mp4,blowing_leaf,30,62
blowing_leaf_009.mp4,blowing_leaf,39,62
blowing_leaf_010.mp4,blowing_leaf,35,62
blowing_leaf_011.mp4,blowing_leaf,54,62
blowing_leaf_012.mp4,blowing_leaf,37,62
blowing_leaf_013.mp4,blowing_leaf,24,62
blowing_leaf_014.mp4,blowing_leaf,38,62
blowing_leaf_015.mp4,blowing_leaf,32,62
blowing_nose_000.mp4,blowing_nose,30,63
blowing_nose_001.mp4,blowing_nose,86,63
blowing_nose_002.mp4,blowing_nose,85,63
blowing_nose_003.mp4,blowing_nose,86,63
blowing_nose_004.mp4,blowing_nose,35,63
blowing_nose_005.mp4,blowing_nose,147,63
blowing_nose_006.mp4,blowing_nose,51,63
blowing_nose_007.mp4,blowing_nose,75,63
blowing_nose_008.mp4,blowing_nose,78,63
blowing_nose_009.mp4,blowing_nose,66,63
blowing_nose_010.mp4,blowing_nose,115,63
blowing_nose_011.mp4,blowing_nose,45,63
blowing_nose_012.mp4,blowing_nose,36,63
blowing_nose_013.mp4,blowing_nose,52,63
blowing_nose_014.mp4,blowing_nose,133,63
blowing_nose_015.mp4,blowing_nose,112,63
bmx_jumping_000.mp4,bmx_jumping,42,64
bmx_jumping_001.mp4,bmx_jumping,58,64
bmx_jumping_002.mp4,bmx_jumping,50,64
bmx_jumping_003.mp4,bmx_jumping,35,64
bmx_jumping_004.mp4,bmx_jumping,28,64
bmx_jumping_005.mp4,bmx_jumping,46,64
bmx_jumping_006.mp4,bmx_jumping,36,64
bmx_jumping_007.mp4,bmx_jumping,20,64
bmx_jumping_008.mp4,bmx_jumping,39,64
bmx_jumping_009.mp4,bmx_jumping,63,64
bmx_jumping_010.mp4,bmx_jumping,90,64
bmx_jumping_011.mp4,bmx_jumping,42,64
bmx_jumping_012.mp4,bmx_jumping,39,64
bmx_jumping_013.mp4,bmx_jumping,35,64
bmx_jumping_014.mp4,bmx_jumping,43,64
bmx_jumping_015.mp4,bmx_jumping,32,64
bmx_riding_000.mp4,bmx_riding,58,65
bmx_riding_001.mp4,bmx_riding,34,65
bmx_riding_002.mp4,bmx_riding,31,65
bmx_riding_003.mp4,bmx_riding,29,65
bmx_riding_004.mp4,bmx_riding,39,65
bmx_riding_005.mp4,bmx_riding,51,65
bmx_riding_006.mp4,bmx_riding,17,65
bmx_riding_007.mp4,bmx_riding,21,65
bmx_riding_008.mp4,bmx_riding,64,65
bmx_riding_009.mp4,bmx_riding,29,65
bmx_riding_010.mp4,bmx_riding,59,65
bmx_riding_011.mp4,bmx_riding,38,65
bmx_riding_012.mp4,bmx_riding,35,65
bmx_riding_013.mp4,bmx_riding,42,65
bmx_riding_014.mp4,bmx_riding,42,65
bmx_riding_015.mp4,bmx_riding,38,65
bowing_fullbody_000.mp4,bowing_fullbody,173,66
bowing_fullbody_001.mp4,bowing_fullbody,257,66
bowing_fullbody_002.mp4,bowing_fullbody,86,66
bowing_fullbody_003.mp4,bowing_fullbody,70,66
bowing_fullbody_004.mp4,bowing_fullbody,61,66
bowing_fullbody_005.mp4,bowing_fullbody,50,66
bowing_fullbody_006.mp4,bowing_fullbody,124,66
bowing_fullbody_007.mp4,bowing_fullbody,152,66
bowing_fullbody_008.mp4,bowing_fullbody,144,66
bowing_fullbody_009.mp4,bowing_fullbody,117,66
bowing_fullbody_010.mp4,bowing_fullbody,471,66
bowing_fullbody_011.mp4,bowing_fullbody,184,66
bowing_fullbody_012.mp4,bowing_fullbody,88,66
bowing_fullbody_013.mp4,bowing_fullbody,273,66
bowing_fullbody_014.mp4,bowing_fullbody,176,66
bowing_fullbody_015.mp4,bowing_fullbody,117,66
bowing_waist_000.mp4,bowing_waist,58,67
bowing_waist_001.mp4,bowing_waist,126,67
bowing_waist_002.mp4,bowing_waist,35,67
bowing_waist_003.mp4,bowing_waist,29,67
bowing_waist_004.mp4,bowing_waist,48,67
bowing_waist_005.mp4,bowing_waist,33,67
bowing_waist_006.mp4,bowing_waist,28,67
bowing_waist_007.mp4,bowing_waist,80,67
bowing_waist_008.mp4,bowing_waist,16,67
bowing_waist_009.mp4,bowing_waist,31,67
bowing_waist_010.mp4,bowing_waist,51,67
bowing_waist_011.mp4,bowing_waist,43,67
bowing_waist_012.mp4,bowing_waist,39,67
bowing_waist_013.mp4,bowing_waist,35,67
bowing_waist_014.mp4,bowing_waist,16,67
bowing_waist_015.mp4,bowing_waist,41,67
bowling_000.mp4,bowling,24,68
bowling_001.mp4,bowling,32,68
bowling_002.mp4,bowling,45,68
bowling_003.mp4,bowling,61,68
bowling_004.mp4,bowling,23,68
bowling_005.mp4,bowling,15,68
bowling_006.mp4,bowling,24,68
bowling_007.mp4,bowling,28,68
bowling_008.mp4,bowling,63,68
bowling_009.mp4,bowling,31,68
bowling_010.mp4,bowling,57,68
bowling_011.mp4,bowling,23,68
bowling_012.mp4,bowling,33,68
bowling_013.mp4,bowling,57,68
bowling_014.mp4,bowling,77,68
bowling_015.mp4,bowling,57,68
bowls_throw_000.mp4,bowls_throw,41,69
bowls_throw_001.mp4,bowls_throw,27,69
bowls_throw_002.mp4,bowls_throw,39,69
bowls_throw_003.mp4,bowls_throw,38,69
bowls_throw_004.mp4,bowls_throw,27,69
bowls_throw_005.mp4,bowls_throw,24,69
bowls_throw_006.mp4,bowls_throw,35,69
bowls_throw_007.mp4,bowls_throw,15,69
bowls_throw_008.mp4,bowls_throw,15,69
bowls_throw_009.mp4,bowls_throw,40,69
bowls_throw_010.mp4,bowls_throw,42,69
bowls_throw_011.mp4,bowls_throw,53,69
bowls_throw_012.mp4,bowls_throw,47,69
bowls_throw_013.mp4,bowls_throw,50,69
bowls_throw_014.mp4,bowls_throw,33,69
bowls_throw_015.mp4,bowls_throw,57,69
breakdancing_flare_000.mp4,breakdancing_flare,43,70
breakdancing_flare_001.mp4,breakdancing_flare,74,70
breakdancing_flare_002.mp4,breakdancing_flare,33,70
breakdancing_flare_003.mp4,breakdancing_flare,33,70
breakdancing_flare_004.mp4,breakdancing_flare,47,70
breakdancing_flare_005.mp4,breakdancing_flare,26,70
breakdancing_flare_006.mp4,breakdancing_flare,55,70
breakdancing_flare_007.mp4,breakdancing_flare,38,70
breakdancing_flare_008.mp4,breakdancing_flare,39,70
breakdancing_flare_009.mp4,breakdancing_flare,34,70
breakdancing_flare_010.mp4,breakdancing_flare,42,70
breakdancing_flare_011.mp4,breakdancing_flare,45,70
breakdancing_flare_012.mp4,breakdancing_flare,47,70
breakdancing_flare_013.mp4,breakdancing_flare,46,70
breakdancing_flare_014.mp4,breakdancing_flare,36,70
breakdancing_flare_015.mp4,breakdancing_flare,48,70
breakdancing_flip_000.mp4,breakdancing_flip,21,71
breakdancing_flip_001.mp4,breakdancing_flip,12,71
breakdancing_flip_002.mp4,breakdancing_flip,15,71
breakdancing_flip_003.mp4,breakdancing_flip,13,71
breakdancing_flip_004.mp4,breakdancing_flip,13,71
breakdancing_flip_005.mp4,breakdancing_flip,18,71
breakdancing_flip_006.mp4,breakdancing_flip,15,71
breakdancing_flip_007.mp4,breakdancing_flip,13,71
breakdancing_flip_008.mp4,breakdancing_flip,15,71
breakdancing_flip_009.mp4,breakdancing_flip,13,71
breakdancing_flip_010.mp4,breakdancing_flip,14,71
breakdancing_flip_011.mp4,breakdancing_flip,18,71
breakdancing_flip_012.mp4,breakdancing_flip,18,71
breakdancing_flip_013.mp4,breakdancing_flip,17,71
breakdancing_flip_014.mp4,breakdancing_flip,16,71
breakdancing_flip_015.mp4,breakdancing_flip,21,71
breakdancing_rotate_000.mp4,breakdancing_rotate,32,72
breakdancing_rotate_001.mp4,breakdancing_rotate,51,72
breakdancing_rotate_002.mp4,breakdancing_rotate,36,72
breakdancing_rotate_003.mp4,breakdancing_rotate,41,72
breakdancing_rotate_004.mp4,breakdancing_rotate,36,72
breakdancing_rotate_005.mp4,breakdancing_rotate,37,72
breakdancing_rotate_006.mp4,breakdancing_rotate,36,72
breakdancing_rotate_007.mp4,breakdancing_rotate,44,72
breakdancing_rotate_008.mp4,breakdancing_rotate,31,72
breakdancing_rotate_009.mp4,breakdancing_rotate,29,72
breakdancing_rotate_010.mp4,breakdancing_rotate,36,72
breakdancing_rotate_011.mp4,breakdancing_rotate,38,72
breakdancing_rotate_012.mp4,breakdancing_rotate,44,72
breakdancing_rotate_013.mp4,breakdancing_rotate,30,72
breakdancing_rotate_014.mp4,breakdancing_rotate,30,72
breakdancing_rotate_015.mp4,breakdancing_rotate,42,72
breakdancing_support_000.mp4,breakdancing_support,28,73
breakdancing_support_001.mp4,breakdancing_support,20,73
breakdancing_support_002.mp4,breakdancing_support,19,73
breakdancing_support_003.mp4,breakdancing_support,30,73
breakdancing_support_004.mp4,breakdancing_support,33,73
breakdancing_support_005.mp4,breakdancing_support,19,73
breakdancing_support_006.mp4,breakdancing_support,44,73
breakdancing_support_007.mp4,breakdancing_support,48,73
breakdancing_support_008.mp4,breakdancing_support,27,73
breakdancing_support_009.mp4,breakdancing_support,28,73
breakdancing_support_010.mp4,breakdancing_support,15,73
breakdancing_support_011.mp4,breakdancing_support,34,73
breakdancing_support_012.mp4,breakdancing_support,33,73
breakdancing_support_013.mp4,breakdancing_support,24,73
breakdancing_support_014.mp4,breakdancing_support,30,73
breakdancing_support_015.mp4,breakdancing_support,44,73
brushing_floor_000.mp4,brushing_floor,102,74
brushing_floor_001.mp4,brushing_floor,97,74
brushing_floor_002.mp4,brushing_floor,114,74
brushing_floor_003.mp4,brushing_floor,78,74
brushing_floor_004.mp4,brushing_floor,100,74
brushing_floor_005.mp4,brushing_floor,90,74
brushing_floor_006.mp4,brushing_floor,51,74
brushing_floor_007.mp4,brushing_floor,77,74
brushing_floor_008.mp4,brushing_floor,77,74
brushing_floor_009.mp4,brushing_floor,152,74
brushing_floor_010.mp4,brushing_floor,55,74
brushing_floor_011.mp4,brushing_floor,59,74
brushing_floor_012.mp4,brushing_floor,113,74
brushing_floor_013.mp4,brushing_floor,77,74
brushing_floor_014.mp4,brushing_floor,88,74
brushing_floor_015.mp4,brushing_floor,118,74
brushing_hair_000.mp4,brushing_hair,22,75
brushing_hair_001.mp4,brushing_hair,44,75
brushing_hair_002.mp4,brushing_hair,63,75
brushing_hair_003.mp4,brushing_hair,85,75
brushing_hair_004.mp4,brushing_hair,70,75
brushing_hair_005.mp4,brushing_hair,33,75
brushing_hair_006.mp4,brushing_hair,56,75
brushing_hair_007.mp4,brushing_hair,69,75
brushing_hair_008.mp4,brushing_hair,118,75
brushing_hair_009.mp4,brushing_hair,47,75
brushing_hair_010.mp4,brushing_hair,31,75
brushing_hair_011.mp4,brushing_hair,59,75
brushing_hair_012.mp4,brushing_hair,93,75
brushing_hair_013.mp4,brushing_hair,82,75
brushing_hair_014.mp4,brushing_hair,18,75
brushing_hair_015.mp4,brushing_hair,18,75
brushing_teeth_000.mp4,brushing_teeth,58,76
brushing_teeth_001.mp4,brushing_teeth,52,76
brushing_teeth_002.mp4,brushing_teeth,34,76
brushing_teeth_003.mp4,brushing_teeth,90,76
brushing_teeth_004.mp4,brushing_teeth,23,76
brushing_teeth_005.mp4,brushing_teeth,45,76
brushing_teeth_006.mp4,brushing_teeth,46,76
brushing_teeth_007.mp4,brushing_teeth,55,76
brushing_teeth_008.mp4,brushing_teeth,36,76
brushing_teeth_009.mp4,brushing_teeth,36,76
brushing_teeth_010.mp4,brushing_teeth,27,76
brushing_teeth_011.mp4,brushing_teeth,78,76
brushing_teeth_012.mp4,brushing_teeth,33,76
brushing_teeth_013.mp4,brushing_teeth,48,76
brushing_teeth_014.mp4,brushing_teeth,28,76
brushing_teeth_015.mp4,brushing_teeth,62,76
building_snowman_000.mp4,building_snowman,41,77
building_snowman_001.mp4,building_snowman,31,77
building_snowman_002.mp4,building_snowman,35,77
building_snowman_003.mp4,building_snowman,71,77
building_snowman_004.mp4,building_snowman,59,77
building_snowman_005.mp4,building_snowman,28,77
building_snowman_006.mp4,building_snowman,47,77
building_snowman_007.mp4,building_snowman,35,77
building_snowman_008.mp4,building_snowman,41,77
building_snowman_009.mp4,building_snowman,58,77
building_snowman_010.mp4,building_snowman,76,77
building_snowman_011.mp4,building_snowman,81,77
building_snowman_012.mp4,building_snowman,56,77
building_snowman_013.mp4,building_snowman,35,77
building_snowman_014.mp4,building_snowman,93,77
building_snowman_015.mp4,building_snowman,46,77
burpee_000.mp4,burpee,67,78
burpee_001.mp4,burpee,77,78
burpee_002.mp4,burpee,84,78
burpee_003.mp4,burpee,92,78
burpee_004.mp4,burpee,192,78
burpee_005.mp4,burpee,85,78
burpee_006.mp4,burpee,90,78
burpee_007.mp4,burpee,86,78
burpee_008.mp4,burpee,88,78
burpee_009.mp4,burpee,77,78
burpee_010.mp4,burpee,99,78
burpee_011.mp4,burpee,79,78
burpee_012.mp4,burpee,48,78
burpee_013.mp4,burpee,61,78
burpee_014.mp4,burpee,86,78
burpee_015.mp4,burpee,65,78
burping_000.mp4,burping,49,79
burping_001.mp4,burping,57,79
burping_002.mp4,burping,46,79
burping_003.mp4,burping,33,79
burping_004.mp4,burping,68,79
burping_005.mp4,burping,28,79
burping_006.mp4,burping,19,79
burping_007.mp4,burping,89,79
burping_008.mp4,burping,48,79
burping_009.mp4,burping,44,79
burping_010.mp4,burping,43,79
burping_011.mp4,burping,59,79
burping_012.mp4,burping,60,79
burping_013.mp4,burping,49,79
burping_014.mp4,burping,90,79
burping_015.mp4,burping,30,79
calfrope_catch_000.mp4,calfrope_catch,31,80
calfrope_catch_001.mp4,calfrope_catch,43,80
calfrope_catch_002.mp4,calfrope_catch,18,80
calfrope_catch_003.mp4,calfrope_catch,39,80
calfrope_catch_004.mp4,calfrope_catch,30,80
calfrope_catch_005.mp4,calfrope_catch,57,80
calfrope_catch_006.mp4,calfrope_catch,33,80
calfrope_catch_007.mp4,calfrope_catch,46,80
calfrope_catch_008.mp4,calfrope_catch,41,80
calfrope_catch_009.mp4,calfrope_catch,31,80
calfrope_catch_010.mp4,calfrope_catch,26,80
calfrope_catch_011.mp4,calfrope_catch,23,80
calfrope_catch_012.mp4,calfrope_catch,81,80
calfrope_catch_013.mp4,calfrope_catch,45,80
calfrope_catch_014.mp4,calfrope_catch,60,80
calfrope_catch_015.mp4,calfrope_catch,51,80
calfrope_rope_000.mp4,calfrope_rope,58,81
calfrope_rope_001.mp4,calfrope_rope,94,81
calfrope_rope_002.mp4,calfrope_rope,66,81
calfrope_rope_003.mp4,calfrope_rope,95,81
calfrope_rope_004.mp4,calfrope_rope,63,81
calfrope_rope_005.mp4,calfrope_rope,31,81
calfrope_rope_006.mp4,calfrope_rope,23,81
calfrope_rope_007.mp4,calfrope_rope,70,81
calfrope_rope_008.mp4,calfrope_rope,33,81
calfrope_rope_009.mp4,calfrope_rope,66,81
calfrope_rope_010.mp4,calfrope_rope,55,81
calfrope_rope_011.mp4,calfrope_rope,21,81
calfrope_rope_012.mp4,calfrope_rope,47,81
calfrope_rope_013.mp4,calfrope_rope,50,81
calfrope_rope_014.mp4,calfrope_rope,27,81
calfrope_rope_015.mp4,calfrope_rope,43,81
calfrope_subdue_000.mp4,calfrope_subdue,47,82
calfrope_subdue_001.mp4,calfrope_subdue,68,82
calfrope_subdue_002.mp4,calfrope_subdue,36,82
calfrope_subdue_003.mp4,calfrope_subdue,36,82
calfrope_subdue_004.mp4,calfrope_subdue,33,82
calfrope_subdue_005.mp4,calfrope_subdue,44,82
calfrope_subdue_006.mp4,calfrope_subdue,23,82
calfrope_subdue_007.mp4,calfrope_subdue,66,82
calfrope_subdue_008.mp4,calfrope_subdue,38,82
calfrope_subdue_009.mp4,calfrope_subdue,28,82
calfrope_subdue_010.mp4,calfrope_subdue,30,82
calfrope_subdue_011.mp4,calfrope_subdue,24,82
calfrope_subdue_012.mp4,calfrope_subdue,40,82
calfrope_subdue_013.mp4,calfrope_subdue,32,82
calfrope_subdue_014.mp4,calfrope_subdue,27,82
calfrope_subdue_015.mp4,calfrope_subdue,51,82
canoeing_slalom_000.mp4,canoeing_slalom,65,83
canoeing_slalom_001.mp4,canoeing_slalom,66,83
canoeing_slalom_002.mp4,canoeing_slalom,71,83
canoeing_slalom_003.mp4,canoeing_slalom,86,83
canoeing_slalom_004.mp4,canoeing_slalom,49,83
canoeing_slalom_005.mp4,canoeing_slalom,72,83
canoeing_slalom_006.mp4,canoeing_slalom,75,83
canoeing_slalom_007.mp4,canoeing_slalom,80,83
canoeing_slalom_008.mp4,canoeing_slalom,55,83
canoeing_slalom_009.mp4,canoeing_slalom,62,83
canoeing_slalom_010.mp4,canoeing_slalom,25,83
canoeing_slalom_011.mp4,canoeing_slalom,54,83
canoeing_slalom_012.mp4,canoeing_slalom,35,83
canoeing_slalom_013.mp4,canoeing_slalom,57,83
canoeing_slalom_014.mp4,canoeing_slalom,84,83
canoeing_slalom_015.mp4,canoeing_slalom,79,83
canoeing_sprint_000.mp4,canoeing_sprint,63,84
canoeing_sprint_001.mp4,canoeing_sprint,39,84
canoeing_sprint_002.mp4,canoeing_sprint,59,84
canoeing_sprint_003.mp4,canoeing_sprint,34,84
canoeing_sprint_004.mp4,canoeing_sprint,77,84
canoeing_sprint_005.mp4,canoeing_sprint,71,84
canoeing_sprint_006.mp4,canoeing_sprint,36,84
canoeing_sprint_007.mp4,canoeing_sprint,42,84
canoeing_sprint_008.mp4,canoeing_sprint,69,84
canoeing_sprint_009.mp4,canoeing_sprint,55,84
canoeing_sprint_010.mp4,canoeing_sprint,38,84
canoeing_sprint_011.mp4,canoeing_sprint,31,84
canoeing_sprint_012.mp4,canoeing_sprint,45,84
canoeing_sprint_013.mp4,canoeing_sprint,25,84
canoeing_sprint_014.mp4,canoeing_sprint,45,84
canoeing_sprint_015.mp4,canoeing_sprint,31,84
card_throw_000.mp4,card_throw,24,85
card_throw_001.mp4,card_throw,65,85
card_throw_002.mp4,card_throw,18,85
card_throw_003.mp4,card_throw,24,85
card_throw_004.mp4,card_throw,24,85
card_throw_005.mp4,card_throw,32,85
card_throw_006.mp4,card_throw,45,85
card_throw_007.mp4,card_throw,28,85
card_throw_008.mp4,card_throw,30,85
card_throw_009.mp4,card_throw,66,85
card_throw_010.mp4,card_throw,78,85
card_throw_011.mp4,card_throw,20,85
card_throw_012.mp4,card_throw,18,85
card_throw_013.mp4,card_throw,16,85
card_throw_014.mp4,card_throw,39,85
card_throw_015.mp4,card_throw,11,85
carrying_with_head_000.mp4,carrying_with_head,17,86
carrying_with_head_001.mp4,carrying_with_head,24,86
carrying_with_head_002.mp4,carrying_with_head,44,86
carrying_with_head_003.mp4,carrying_with_head,42,86
carrying_with_head_004.mp4,carrying_with_head,50,86
carrying_with_head_005.mp4,carrying_with_head,98,86
carrying_with_head_006.mp4,carrying_with_head,73,86
carrying_with_head_007.mp4,carrying_with_head,24,86
carrying_with_head_008.mp4,carrying_with_head,89,86
carrying_with_head_009.mp4,carrying_with_head,143,86
carrying_with_head_010.mp4,carrying_with_head,62,86
carrying_with_head_011.mp4,carrying_with_head,21,86
carrying_with_head_012.mp4,carrying_with_head,53,86
carrying_with_head_013.mp4,carrying_with_head,85,86
carrying_with_head_014.mp4,carrying_with_head,84,86
carrying_with_head_015.mp4,carrying_with_head,88,86
cartwheeling_000.mp4,cartwheeling,36,87
cartwheeling_001.mp4,cartwheeling,48,87
cartwheeling_002.mp4,cartwheeling,49,87
cartwheeling_003.mp4,cartwheeling,81,87
cartwheeling_004.mp4,cartwheeling,84,87
cartwheeling_005.mp4,cartwheeling,48,87
cartwheeling_006.mp4,cartwheeling,44,87
cartwheeling_007.mp4,cartwheeling,71,87
cartwheeling_008.mp4,cartwheeling,96,87
cartwheeling_009.mp4,cartwheeling,43,87
cartwheeling_010.mp4,cartwheeling,52,87
cartwheeling_011.mp4,cartwheeling,54,87
cartwheeling_012.mp4,cartwheeling,51,87
cartwheeling_013.mp4,cartwheeling,49,87
cartwheeling_014.mp4,cartwheeling,36,87
cartwheeling_015.mp4,cartwheeling,75,87
cast_net_000.mp4,cast_net,52,88
cast_net_001.mp4,cast_net,32,88
cast_net_002.mp4,cast_net,32,88
cast_net_003.mp4,cast_net,76,88
cast_net_004.mp4,cast_net,41,88
cast_net_005.mp4,cast_net,22,88
cast_net_006.mp4,cast_net,46,88
cast_net_007.mp4,cast_net,53,88
cast_net_008.mp4,cast_net,39,88
cast_net_009.mp4,cast_net,21,88
cast_net_010.mp4,cast_net,21,88
cast_net_011.mp4,cast_net,18,88
cast_net_012.mp4,cast_net,49,88
cast_net_013.mp4,cast_net,24,88
cast_net_014.mp4,cast_net,21,88
cast_net_015.mp4,cast_net,15,88
chainsaw_log_000.mp4,chainsaw_log,32,89
chainsaw_log_001.mp4,chainsaw_log,49,89
chainsaw_log_002.mp4,chainsaw_log,161,89
chainsaw_log_003.mp4,chainsaw_log,77,89
chainsaw_log_004.mp4,chainsaw_log,136,89
chainsaw_log_005.mp4,chainsaw_log,170,89
chainsaw_log_006.mp4,chainsaw_log,284,89
chainsaw_log_007.mp4,chainsaw_log,68,89
chainsaw_log_008.mp4,chainsaw_log,55,89
chainsaw_log_009.mp4,chainsaw_log,69,89
chainsaw_log_010.mp4,chainsaw_log,33,89
chainsaw_log_011.mp4,chainsaw_log,93,89
chainsaw_log_012.mp4,chainsaw_log,77,89
chainsaw_log_013.mp4,chainsaw_log,39,89
chainsaw_log_014.mp4,chainsaw_log,83,89
chainsaw_log_015.mp4,chainsaw_log,100,89
chainsaw_tree_000.mp4,chainsaw_tree,35,90
chainsaw_tree_001.mp4,chainsaw_tree,60,90
chainsaw_tree_002.mp4,chainsaw_tree,46,90
chainsaw_tree_003.mp4,chainsaw_tree,59,90
chainsaw_tree_004.mp4,chainsaw_tree,109,90
chainsaw_tree_005.mp4,chainsaw_tree,80,90
chainsaw_tree_006.mp4,chainsaw_tree,92,90
chainsaw_tree_007.mp4,chainsaw_tree,24,90
chainsaw_tree_008.mp4,chainsaw_tree,64,90
chainsaw_tree_009.mp4,chainsaw_tree,90,90
chainsaw_tree_010.mp4,chainsaw_tree,50,90
chainsaw_tree_011.mp4,chainsaw_tree,53,90
chainsaw_tree_012.mp4,chainsaw_tree,53,90
chainsaw_tree_013.mp4,chainsaw_tree,55,90
chainsaw_tree_014.mp4,chainsaw_tree,114,90
chainsaw_tree_015.mp4,chainsaw_tree,95,90
chalkboard_000.mp4,chalkboard,17,91
chalkboard_001.mp4,chalkboard,27,91
chalkboard_002.mp4,chalkboard,51,91
chalkboard_003.mp4,chalkboard,99,91
chalkboard_004.mp4,chalkboard,39,91
chalkboard_005.mp4,chalkboard,159,91
chalkboard_006.mp4,chalkboard,84,91
chalkboard_007.mp4,chalkboard,64,91
chalkboard_008.mp4,chalkboard,82,91
chalkboard_009.mp4,chalkboard,95,91
chalkboard_010.mp4,chalkboard,33,91
chalkboard_011.mp4,chalkboard,46,91
chalkboard_012.mp4,chalkboard,21,91
chalkboard_013.mp4,chalkboard,93,91
chalkboard_014.mp4,chalkboard,89,91
chalkboard_015.mp4,chalkboard,30,91
chewing_gum_000.mp4,chewing_gum,113,92
chewing_gum_001.mp4,chewing_gum,64,92
chewing_gum_002.mp4,chewing_gum,56,92
chewing_gum_003.mp4,chewing_gum,50,92
chewing_gum_004.mp4,chewing_gum,26,92
chewing_gum_005.mp4,chewing_gum,121,92
chewing_gum_006.mp4,chewing_gum,62,92
chewing_gum_007.mp4,chewing_gum,44,92
chewing_gum_008.mp4,chewing_gum,70,92
chewing_gum_009.mp4,chewing_gum,47,92
chewing_gum_010.mp4,chewing_gum,44,92
chewing_gum_011.mp4,chewing_gum,35,92
chewing_gum_012.mp4,chewing_gum,53,92
chewing_gum_013.mp4,chewing_gum,42,92
chewing_gum_014.mp4,chewing_gum,55,92
chewing_gum_015.mp4,chewing_gum,48,92
chopping_meat_000.mp4,chopping_meat,60,93
chopping_meat_001.mp4,chopping_meat,42,93
chopping_meat_002.mp4,chopping_meat,24,93
chopping_meat_003.mp4,chopping_meat,48,93
chopping_meat_004.mp4,chopping_meat,24,93
chopping_meat_005.mp4,chopping_meat,88,93
chopping_meat_006.mp4,chopping_meat,36,93
chopping_meat_007.mp4,chopping_meat,39,93
chopping_meat_008.mp4,chopping_meat,20,93
chopping_meat_009.mp4,chopping_meat,35,93
chopping_meat_010.mp4,chopping_meat,28,93
chopping_meat_011.mp4,chopping_meat,39,93
chopping_meat_012.mp4,chopping_meat,38,93
chopping_meat_013.mp4,chopping_meat,28,93
chopping_meat_014.mp4,chopping_meat,51,93
chopping_meat_015.mp4,chopping_meat,28,93
chopping_wood_000.mp4,chopping_wood,33,94
chopping_wood_001.mp4,chopping_wood,41,94
chopping_wood_002.mp4,chopping_wood,21,94
chopping_wood_003.mp4,chopping_wood,28,94
chopping_wood_004.mp4,chopping_wood,19,94
chopping_wood_005.mp4,chopping_wood,18,94
chopping_wood_006.mp4,chopping_wood,21,94
chopping_wood_007.mp4,chopping_wood,43,94
chopping_wood_008.mp4,chopping_wood,27,94
chopping_wood_009.mp4,chopping_wood,20,94
chopping_wood_010.mp4,chopping_wood,26,94
chopping_wood_011.mp4,chopping_wood,31,94
chopping_wood_012.mp4,chopping_wood,35,94
chopping_wood_013.mp4,chopping_wood,18,94
chopping_wood_014.mp4,chopping_wood,24,94
chopping_wood_015.mp4,chopping_wood,36,94
cleaning_mirror_000.mp4,cleaning_mirror,61,95
cleaning_mirror_001.mp4,cleaning_mirror,108,95
cleaning_mirror_002.mp4,cleaning_mirror,66,95
cleaning_mirror_003.mp4,cleaning_mirror,38,95
cleaning_mirror_004.mp4,cleaning_mirror,29,95
cleaning_mirror_005.mp4,cleaning_mirror,106,95
cleaning_mirror_006.mp4,cleaning_mirror,56,95
cleaning_mirror_007.mp4,cleaning_mirror,82,95
cleaning_mirror_008.mp4,cleaning_mirror,47,95
cleaning_mirror_009.mp4,cleaning_mirror,47,95
cleaning_mirror_010.mp4,cleaning_mirror,64,95
cleaning_mirror_011.mp4,cleaning_mirror,56,95
cleaning_mirror_012.mp4,cleaning_mirror,47,95
cleaning_mirror_013.mp4,cleaning_mirror,54,95
cleaning_mirror_014.mp4,cleaning_mirror,30,95
cleaning_mirror_015.mp4,cleaning_mirror,71,95
cleaning_mopping_000.mp4,cleaning_mopping,48,96
cleaning_mopping_001.mp4,cleaning_mopping,24,96
cleaning_mopping_002.mp4,cleaning_mopping,73,96
cleaning_mopping_003.mp4,cleaning_mopping,94,96
cleaning_mopping_004.mp4,cleaning_mopping,71,96
cleaning_mopping_005.mp4,cleaning_mopping,64,96
cleaning_mopping_006.mp4,cleaning_mopping,82,96
cleaning_mopping_007.mp4,cleaning_mopping,85,96
cleaning_mopping_008.mp4,cleaning_mopping,59,96
cleaning_mopping_009.mp4,cleaning_mopping,48,96
cleaning_mopping_010.mp4,cleaning_mopping,82,96
cleaning_mopping_011.mp4,cleaning_mopping,97,96
cleaning_mopping_012.mp4,cleaning_mopping,31,96
cleaning_mopping_013.mp4,cleaning_mopping,72,96
cleaning_mopping_014.mp4,cleaning_mopping,63,96
cleaning_mopping_015.mp4,cleaning_mopping,68,96
cleaning_sweeping_000.mp4,cleaning_sweeping,39,97
cleaning_sweeping_001.mp4,cleaning_sweeping,126,97
cleaning_sweeping_002.mp4,cleaning_sweeping,92,97
cleaning_sweeping_003.mp4,cleaning_sweeping,72,97
cleaning_sweeping_004.mp4,cleaning_sweeping,130,97
cleaning_sweeping_005.mp4,cleaning_sweeping,57,97
cleaning_sweeping_006.mp4,cleaning_sweeping,40,97
cleaning_sweeping_007.mp4,cleaning_sweeping,30,97
cleaning_sweeping_008.mp4,cleaning_sweeping,71,97
cleaning_sweeping_009.mp4,cleaning_sweeping,133,97
cleaning_sweeping_010.mp4,cleaning_sweeping,207,97
cleaning_sweeping_011.mp4,cleaning_sweeping,136,97
cleaning_sweeping_012.mp4,cleaning_sweeping,122,97
cleaning_sweeping_013.mp4,cleaning_sweeping,312,97
cleaning_sweeping_014.mp4,cleaning_sweeping,86,97
cleaning_sweeping_015.mp4,cleaning_sweeping,99,97
cleaning_vacumming_000.mp4,cleaning_vacumming,54,98
cleaning_vacumming_001.mp4,cleaning_vacumming,63,98
cleaning_vacumming_002.mp4,cleaning_vacumming,90,98
cleaning_vacumming_003.mp4,cleaning_vacumming,176,98
cleaning_vacumming_004.mp4,cleaning_vacumming,145,98
cleaning_vacumming_005.mp4,cleaning_vacumming,142,98
cleaning_vacumming_006.mp4,cleaning_vacumming,157,98
cleaning_vacumming_007.mp4,cleaning_vacumming,87,98
cleaning_vacumming_008.mp4,cleaning_vacumming,118,98
cleaning_vacumming_009.mp4,cleaning_vacumming,173,98
cleaning_vacumming_010.mp4,cleaning_vacumming,286,98
cleaning_vacumming_011.mp4,cleaning_vacumming,106,98
cleaning_vacumming_012.mp4,cleaning_vacumming,137,98
cleaning_vacumming_013.mp4,cleaning_vacumming,167,98
cleaning_vacumming_014.mp4,cleaning_vacumming,241,98
cleaning_vacumming_015.mp4,cleaning_vacumming,287,98
cleaning_windows_000.mp4,cleaning_windows,66,99
cleaning_windows_001.mp4,cleaning_windows,75,99
cleaning_windows_002.mp4,cleaning_windows,98,99
cleaning_windows_003.mp4,cleaning_windows,41,99
cleaning_windows_004.mp4,cleaning_windows,71,99
cleaning_windows_005.mp4,cleaning_windows,51,99
cleaning_windows_006.mp4,cleaning_windows,42,99
cleaning_windows_007.mp4,cleaning_windows,63,99
cleaning_windows_008.mp4,cleaning_windows,60,99
cleaning_windows_009.mp4,cleaning_windows,61,99
cleaning_windows_010.mp4,cleaning_windows,45,99
cleaning_windows_011.mp4,cleaning_windows,64,99
cleaning_windows_012.mp4,cleaning_windows,51,99
cleaning_windows_013.mp4,cleaning_windows,57,99
cleaning_windows_014.mp4,cleaning_windows,36,99
cleaning_windows_015.mp4,cleaning_windows,62,99
clear_snow_off_car_000.mp4,clear_snow_off_car,229,100
clear_snow_off_car_001.mp4,clear_snow_off_car,76,100
clear_snow_off_car_002.mp4,clear_snow_off_car,77,100
clear_snow_off_car_003.mp4,clear_snow_off_car,198,100
clear_snow_off_car_004.mp4,clear_snow_off_car,70,100
clear_snow_off_car_005.mp4,clear_snow_off_car,55,100
clear_snow_off_car_006.mp4,clear_snow_off_car,49,100
clear_snow_off_car_007.mp4,clear_snow_off_car,65,100
clear_snow_off_car_008.mp4,clear_snow_off_car,44,100
clear_snow_off_car_009.mp4,clear_snow_off_car,58,100
clear_snow_off_car_010.mp4,clear_snow_off_car,53,100
clear_snow_off_car_011.mp4,clear_snow_off_car,71,100
clear_snow_off_car_012.mp4,clear_snow_off_car,96,100
clear_snow_off_car_013.mp4,clear_snow_off_car,96,100
clear_snow_off_car_014.mp4,clear_snow_off_car,70,100
clear_snow_off_car_015.mp4,clear_snow_off_car,41,100
climb_icecliff_000.mp4,climb_icecliff,73,101
climb_icecliff_001.mp4,climb_icecliff,90,101
climb_icecliff_002.mp4,climb_icecliff,68,101
climb_icecliff_003.mp4,climb_icecliff,73,101
climb_icecliff_004.mp4,climb_icecliff,67,101
climb_icecliff_005.mp4,climb_icecliff,80,101
climb_icecliff_006.mp4,climb_icecliff,65,101
climb_icecliff_007.mp4,climb_icecliff,70,101
climb_icecliff_008.mp4,climb_icecliff,62,101
climb_icecliff_009.mp4,climb_icecliff,37,101
climb_icecliff_010.mp4,climb_icecliff,88,101
climb_icecliff_011.mp4,climb_icecliff,58,101
climb_icecliff_012.mp4,climb_icecliff,61,101
climb_icecliff_013.mp4,climb_icecliff,57,101
climb_icecliff_014.mp4,climb_icecliff,69,101
climb_icecliff_015.mp4,climb_icecliff,89,101
climb_ladder_000.mp4,climb_ladder,82,102
climb_ladder_001.mp4,climb_ladder,58,102
climb_ladder_002.mp4,climb_ladder,45,102
climb_ladder_003.mp4,climb_ladder,30,102
climb_ladder_004.mp4,climb_ladder,37,102
climb_ladder_005.mp4,climb_ladder,63,102
climb_ladder_006.mp4,climb_ladder,65,102
climb_ladder_007.mp4,climb_ladder,54,102
climb_ladder_008.mp4,climb_ladder,72,102
climb_ladder_009.mp4,climb_ladder,67,102
climb_ladder_010.mp4,climb_ladder,68,102
climb_ladder_011.mp4,climb_ladder,110,102
climb_ladder_012.mp4,climb_ladder,36,102
climb_ladder_013.mp4,climb_ladder,45,102
climb_ladder_014.mp4,climb_ladder,44,102
climb_ladder_015.mp4,climb_ladder,42,102
climb_pole_000.mp4,climb_pole,200,103
climb_pole_001.mp4,climb_pole,232,103
climb_pole_002.mp4,climb_pole,51,103
climb_pole_003.mp4,climb_pole,86,103
climb_pole_004.mp4,climb_pole,69,103
climb_pole_005.mp4,climb_pole,93,103
climb_pole_006.mp4,climb_pole,254,103
climb_pole_007.mp4,climb_pole,200,103
climb_pole_008.mp4,climb_pole,173,103
climb_pole_009.mp4,climb_pole,185,103
climb_pole_010.mp4,climb_pole,93,103
climb_pole_011.mp4,climb_pole,80,103
climb_pole_012.mp4,climb_pole,261,103
climb_pole_013.mp4,climb_pole,137,103
climb_pole_014.mp4,climb_pole,99,103
climb_pole_015.mp4,climb_pole,119,103
climb_stair_000.mp4,climb_stair,45,104
climb_stair_001.mp4,climb_stair,59,104
climb_stair_002.mp4,climb_stair,61,104
climb_stair_003.mp4,climb_stair,53,104
climb_stair_004.mp4,climb_stair,35,104
climb_stair_005.mp4,climb_stair,42,104
climb_stair_006.mp4,climb_stair,89,104
climb_stair_007.mp4,climb_stair,18,104
climb_stair_008.mp4,climb_stair,77,104
climb_stair_009.mp4,climb_stair,90,104
climb_stair_010.mp4,climb_stair,42,104
climb_stair_011.mp4,climb_stair,28,104
climb_stair_012.mp4,climb_stair,75,104
climb_stair_013.mp4,climb_stair,51,104
climb_stair_014.mp4,climb_stair,42,104
climb_stair_015.mp4,climb_stair,62,104
climbing_rock_000.mp4,climbing_rock,78,105
climbing_rock_001.mp4,climbing_rock,64,105
climbing_rock_002.mp4,climbing_rock,53,105
climbing_rock_003.mp4,climbing_rock,64,105
climbing_rock_004.mp4,climbing_rock,36,105
climbing_rock_005.mp4,climbing_rock,56,105
climbing_rock_006.mp4,climbing_rock,84,105
climbing_rock_007.mp4,climbing_rock,41,105
climbing_rock_008.mp4,climbing_rock,80,105
climbing_rock_009.mp4,climbing_rock,72,105
climbing_rock_010.mp4,climbing_rock,70,105
climbing_rock_011.mp4,climbing_rock,67,105
climbing_rock_012.mp4,climbing_rock,63,105
climbing_rock_013.mp4,climbing_rock,66,105
climbing_rock_014.mp4,climbing_rock,31,105
climbing_rock_015.mp4,climbing_rock,36,105
climbing_rope_000.mp4,climbing_rope,122,106
climbing_rope_001.mp4,climbing_rope,99,106
climbing_rope_002.mp4,climbing_rope,120,106
climbing_rope_003.mp4,climbing_rope,91,106
climbing_rope_004.mp4,climbing_rope,71,106
climbing_rope_005.mp4,climbing_rope,80,106
climbing_rope_006.mp4,climbing_rope,106,106
climbing_rope_007.mp4,climbing_rope,84,106
climbing_rope_008.mp4,climbing_rope,144,106
climbing_rope_009.mp4,climbing_rope,124,106
climbing_rope_010.mp4,climbing_rope,60,106
climbing_rope_011.mp4,climbing_rope,133,106
climbing_rope_012.mp4,climbing_rope,99,106
climbing_rope_013.mp4,climbing_rope,90,106
climbing_rope_014.mp4,climbing_rope,76,106
climbing_rope_015.mp4,climbing_rope,163,106
climbing_tree_000.mp4,climbing_tree,36,107
climbing_tree_001.mp4,climbing_tree,45,107
climbing_tree_002.mp4,climbing_tree,48,107
climbing_tree_003.mp4,climbing_tree,30,107
climbing_tree_004.mp4,climbing_tree,93,107
climbing_tree_005.mp4,climbing_tree,58,107
climbing_tree_006.mp4,climbing_tree,80,107
climbing_tree_007.mp4,climbing_tree,51,107
climbing_tree_008.mp4,climbing_tree,88,107
climbing_tree_009.mp4,climbing_tree,120,107
climbing_tree_010.mp4,climbing_tree,40,107
climbing_tree_011.mp4,climbing_tree,67,107
climbing_tree_012.mp4,climbing_tree,76,107
climbing_tree_013.mp4,climbing_tree,29,107
climbing_tree_014.mp4,climbing_tree,74,107
climbing_tree_015.mp4,climbing_tree,87,107
closing_door_000.mp4,closing_door,43,108
closing_door_001.mp4,closing_door,78,108
closing_door_002.mp4,closing_door,23,108
closing_door_003.mp4,closing_door,24,108
closing_door_004.mp4,closing_door,11,108
closing_door_005.mp4,closing_door,17,108
closing_door_006.mp4,closing_door,25,108
closing_door_007.mp4,closing_door,63,108
closing_door_008.mp4,closing_door,38,108
closing_door_009.mp4,closing_door,40,108
closing_door_010.mp4,closing_door,87,108
closing_door_011.mp4,closing_door,18,108
closing_door_012.mp4,closing_door,33,108
closing_door_013.mp4,closing_door,61,108
closing_door_014.mp4,closing_door,106,108
closing_door_015.mp4,closing_door,35,108
conducting_000.mp4,conducting,126,109
conducting_001.mp4,conducting,70,109
conducting_002.mp4,conducting,43,109
conducting_003.mp4,conducting,72,109
conducting_004.mp4,conducting,87,109
conducting_005.mp4,conducting,45,109
conducting_006.mp4,conducting,80,109
conducting_007.mp4,conducting,50,109
conducting_008.mp4,conducting,135,109
conducting_009.mp4,conducting,67,109
conducting_010.mp4,conducting,54,109
conducting_011.mp4,conducting,42,109
conducting_012.mp4,conducting,44,109
conducting_013.mp4,conducting,85,109
conducting_014.mp4,conducting,108,109
conducting_015.mp4,conducting,72,109
crawling_000.mp4,crawling,38,110
crawling_001.mp4,crawling,47,110
crawling_002.mp4,crawling,44,110
crawling_003.mp4,crawling,73,110
crawling_004.mp4,crawling,107,110
crawling_005.mp4,crawling,63,110
crawling_006.mp4,crawling,71,110
crawling_007.mp4,crawling,58,110
crawling_008.mp4,crawling,50,110
crawling_009.mp4,crawling,62,110
crawling_010.mp4,crawling,104,110
crawling_011.mp4,crawling,100,110
crawling_012.mp4,crawling,116,110
crawling_013.mp4,crawling,79,110
crawling_014.mp4,crawling,88,110
crawling_015.mp4,crawling,104,110
cross_body_shoulder_stretch_000.mp4,cross_body_shoulder_stretch,68,111
cross_body_shoulder_stretch_001.mp4,cross_body_shoulder_stretch,86,111
cross_body_shoulder_stretch_002.mp4,cross_body_shoulder_stretch,96,111
cross_body_shoulder_stretch_003.mp4,cross_body_shoulder_stretch,90,111
cross_body_shoulder_stretch_004.mp4,cross_body_shoulder_stretch,156,111
cross_body_shoulder_stretch_005.mp4,cross_body_shoulder_stretch,61,111
cross_body_shoulder_stretch_006.mp4,cross_body_shoulder_stretch,64,111
cross_body_shoulder_stretch_007.mp4,cross_body_shoulder_stretch,134,111
cross_body_shoulder_stretch_008.mp4,cross_body_shoulder_stretch,75,111
cross_body_shoulder_stretch_009.mp4,cross_body_shoulder_stretch,214,111
cross_body_shoulder_stretch_010.mp4,cross_body_shoulder_stretch,116,111
cross_body_shoulder_stretch_011.mp4,cross_body_shoulder_stretch,160,111
cross_body_shoulder_stretch_012.mp4,cross_body_shoulder_stretch,38,111
cross_body_shoulder_stretch_013.mp4,cross_body_shoulder_stretch,112,111
cross_body_shoulder_stretch_014.mp4,cross_body_shoulder_stretch,159,111
cross_body_shoulder_stretch_015.mp4,cross_body_shoulder_stretch,66,111
cross_country_ski_slide_000.mp4,cross_country_ski_slide,77,112
cross_country_ski_slide_001.mp4,cross_country_ski_slide,48,112
cross_country_ski_slide_002.mp4,cross_country_ski_slide,26,112
cross_country_ski_slide_003.mp4,cross_country_ski_slide,40,112
cross_country_ski_slide_004.mp4,cross_country_ski_slide,55,112
cross_country_ski_slide_005.mp4,cross_country_ski_slide,75,112
cross_country_ski_slide_006.mp4,cross_country_ski_slide,70,112
cross_country_ski_slide_007.mp4,cross_country_ski_slide,34,112
cross_country_ski_slide_008.mp4,cross_country_ski_slide,53,112
cross_country_ski_slide_009.mp4,cross_country_ski_slide,51,112
cross_country_ski_slide_010.mp4,cross_country_ski_slide,52,112
cross_country_ski_slide_011.mp4,cross_country_ski_slide,21,112
cross_country_ski_slide_012.mp4,cross_country_ski_slide,52,112
cross_country_ski_slide_013.mp4,cross_country_ski_slide,39,112
cross_country_ski_slide_014.mp4,cross_country_ski_slide,78,112
cross_country_ski_slide_015.mp4,cross_country_ski_slide,38,112
cross_country_ski_walk_000.mp4,cross_country_ski_walk,62,113
cross_country_ski_walk_001.mp4,cross_country_ski_walk,52,113
cross_country_ski_walk_002.mp4,cross_country_ski_walk,76,113
cross_country_ski_walk_003.mp4,cross_country_ski_walk,44,113
cross_country_ski_walk_004.mp4,cross_country_ski_walk,103,113
cross_country_ski_walk_005.mp4,cross_country_ski_walk,106,113
cross_country_ski_walk_006.mp4,cross_country_ski_walk,52,113
cross_country_ski_walk_007.mp4,cross_country_ski_walk,74,113
cross_country_ski_walk_008.mp4,cross_country_ski_walk,57,113
cross_country_ski_walk_009.mp4,cross_country_ski_walk,52,113
cross_country_ski_walk_010.mp4,cross_country_ski_walk,69,113
cross_country_ski_walk_011.mp4,cross_country_ski_walk,81,113
cross_country_ski_walk_012.mp4,cross_country_ski_walk,81,113
cross_country_ski_walk_013.mp4,cross_country_ski_walk,22,113
cross_country_ski_walk_014.mp4,cross_country_ski_walk,45,113
cross_country_ski_walk_015.mp4,cross_country_ski_walk,101,113
crossbow_shoot_000.mp4,crossbow_shoot,133,114
crossbow_shoot_001.mp4,crossbow_shoot,87,114
crossbow_shoot_002.mp4,crossbow_shoot,27,114
crossbow_shoot_003.mp4,crossbow_shoot,117,114
crossbow_shoot_004.mp4,crossbow_shoot,41,114
crossbow_shoot_005.mp4,crossbow_shoot,48,114
crossbow_shoot_006.mp4,crossbow_shoot,53,114
crossbow_shoot_007.mp4,crossbow_shoot,26,114
crossbow_shoot_008.mp4,crossbow_shoot,47,114
crossbow_shoot_009.mp4,crossbow_shoot,51,114
crossbow_shoot_010.mp4,crossbow_shoot,21,114
crossbow_shoot_011.mp4,crossbow_shoot,36,114
crossbow_shoot_012.mp4,crossbow_shoot,101,114
crossbow_shoot_013.mp4,crossbow_shoot,61,114
crossbow_shoot_014.mp4,crossbow_shoot,132,114
crossbow_shoot_015.mp4,crossbow_shoot,75,114
curling_follow_000.mp4,curling_follow,45,115
curling_follow_001.mp4,curling_follow,101,115
curling_follow_002.mp4,curling_follow,39,115
curling_follow_003.mp4,curling_follow,25,115
curling_follow_004.mp4,curling_follow,45,115
curling_follow_005.mp4,curling_follow,41,115
curling_follow_006.mp4,curling_follow,32,115
curling_follow_007.mp4,curling_follow,56,115
curling_follow_008.mp4,curling_follow,54,115
curling_follow_009.mp4,curling_follow,103,115
curling_follow_010.mp4,curling_follow,23,115
curling_follow_011.mp4,curling_follow,62,115
curling_follow_012.mp4,curling_follow,52,115
curling_follow_013.mp4,curling_follow,30,115
curling_follow_014.mp4,curling_follow,21,115
curling_follow_015.mp4,curling_follow,33,115
curling_push_000.mp4,curling_push,33,116
curling_push_001.mp4,curling_push,48,116
curling_push_002.mp4,curling_push,26,116
curling_push_003.mp4,curling_push,60,116
curling_push_004.mp4,curling_push,84,116
curling_push_005.mp4,curling_push,20,116
curling_push_006.mp4,curling_push,23,116
curling_push_007.mp4,curling_push,47,116
curling_push_008.mp4,curling_push,28,116
curling_push_009.mp4,curling_push,68,116
curling_push_010.mp4,curling_push,77,116
curling_push_011.mp4,curling_push,52,116
curling_push_012.mp4,curling_push,47,116
curling_push_013.mp4,curling_push,41,116
curling_push_014.mp4,curling_push,43,116
curling_push_015.mp4,curling_push,41,116
curling_sweep_000.mp4,curling_sweep,48,117
curling_sweep_001.mp4,curling_sweep,67,117
curling_sweep_002.mp4,curling_sweep,64,117
curling_sweep_003.mp4,curling_sweep,78,117
curling_sweep_004.mp4,curling_sweep,34,117
curling_sweep_005.mp4,curling_sweep,51,117
curling_sweep_006.mp4,curling_sweep,37,117
curling_sweep_007.mp4,curling_sweep,87,117
curling_sweep_008.mp4,curling_sweep,93,117
curling_sweep_009.mp4,curling_sweep,151,117
curling_sweep_010.mp4,curling_sweep,25,117
curling_sweep_011.mp4,curling_sweep,82,117
curling_sweep_012.mp4,curling_sweep,36,117
curling_sweep_013.mp4,curling_sweep,41,117
curling_sweep_014.mp4,curling_sweep,36,117
curling_sweep_015.mp4,curling_sweep,43,117
cutting_onion_000.mp4,cutting_onion,93,118
cutting_onion_001.mp4,cutting_onion,39,118
cutting_onion_002.mp4,cutting_onion,87,118
cutting_onion_003.mp4,cutting_onion,90,118
cutting_onion_004.mp4,cutting_onion,42,118
cutting_onion_005.mp4,cutting_onion,41,118
cutting_onion_006.mp4,cutting_onion,99,118
cutting_onion_007.mp4,cutting_onion,69,118
cutting_onion_008.mp4,cutting_onion,82,118
cutting_onion_009.mp4,cutting_onion,97,118
cutting_onion_010.mp4,cutting_onion,17,118
cutting_onion_011.mp4,cutting_onion,93,118
cutting_onion_012.mp4,cutting_onion,183,118
cutting_onion_013.mp4,cutting_onion,154,118
cutting_onion_014.mp4,cutting_onion,47,118
cutting_onion_015.mp4,cutting_onion,50,118
dabbing_000.mp4,dabbing,18,119
dabbing_001.mp4,dabbing,15,119
dabbing_002.mp4,dabbing,18,119
dabbing_003.mp4,dabbing,33,119
dabbing_004.mp4,dabbing,14,119
dabbing_005.mp4,dabbing,27,119
dabbing_006.mp4,dabbing,14,119
dabbing_007.mp4,dabbing,21,119
dabbing_008.mp4,dabbing,14,119
dabbing_009.mp4,dabbing,19,119
dabbing_010.mp4,dabbing,6,119
dabbing_011.mp4,dabbing,22,119
dabbing_012.mp4,dabbing,10,119
dabbing_013.mp4,dabbing,30,119
dabbing_014.mp4,dabbing,22,119
dabbing_015.mp4,dabbing,13,119
dart_throw_000.mp4,dart_throw,26,120
dart_throw_001.mp4,dart_throw,60,120
dart_throw_002.mp4,dart_throw,14,120
dart_throw_003.mp4,dart_throw,26,120
dart_throw_004.mp4,dart_throw,74,120
dart_throw_005.mp4,dart_throw,26,120
dart_throw_006.mp4,dart_throw,61,120
dart_throw_007.mp4,dart_throw,30,120
dart_throw_008.mp4,dart_throw,16,120
dart_throw_009.mp4,dart_throw,25,120
dart_throw_010.mp4,dart_throw,21,120
dart_throw_011.mp4,dart_throw,27,120
dart_throw_012.mp4,dart_throw,44,120
dart_throw_013.mp4,dart_throw,21,120
dart_throw_014.mp4,dart_throw,25,120
dart_throw_015.mp4,dart_throw,37,120
decorating_snowman_000.mp4,decorating_snowman,50,121
decorating_snowman_001.mp4,decorating_snowman,30,121
decorating_snowman_002.mp4,decorating_snowman,46,121
decorating_snowman_003.mp4,decorating_snowman,41,121
decorating_snowman_004.mp4,decorating_snowman,67,121
decorating_snowman_005.mp4,decorating_snowman,54,121
decorating_snowman_006.mp4,decorating_snowman,58,121
decorating_snowman_007.mp4,decorating_snowman,46,121
decorating_snowman_008.mp4,decorating_snowman,64,121
decorating_snowman_009.mp4,decorating_snowman,68,121
decorating_snowman_010.mp4,decorating_snowman,46,121
decorating_snowman_011.mp4,decorating_snowman,84,121
decorating_snowman_012.mp4,decorating_snowman,50,121
decorating_snowman_013.mp4,decorating_snowman,33,121
decorating_snowman_014.mp4,decorating_snowman,71,121
decorating_snowman_015.mp4,decorating_snowman,52,121
dice_shuffle_reveal_000.mp4,dice_shuffle_reveal,18,122
dice_shuffle_reveal_001.mp4,dice_shuffle_reveal,35,122
dice_shuffle_reveal_002.mp4,dice_shuffle_reveal,23,122
dice_shuffle_reveal_003.mp4,dice_shuffle_reveal,34,122
dice_shuffle_reveal_004.mp4,dice_shuffle_reveal,18,122
dice_shuffle_reveal_005.mp4,dice_shuffle_reveal,84,122
dice_shuffle_reveal_006.mp4,dice_shuffle_reveal,77,122
dice_shuffle_reveal_007.mp4,dice_shuffle_reveal,18,122
dice_shuffle_reveal_008.mp4,dice_shuffle_reveal,33,122
dice_shuffle_reveal_009.mp4,dice_shuffle_reveal,86,122
dice_shuffle_reveal_010.mp4,dice_shuffle_reveal,38,122
dice_shuffle_reveal_011.mp4,dice_shuffle_reveal,19,122
dice_shuffle_reveal_012.mp4,dice_shuffle_reveal,39,122
dice_shuffle_reveal_013.mp4,dice_shuffle_reveal,23,122
dice_shuffle_reveal_014.mp4,dice_shuffle_reveal,11,122
dice_shuffle_reveal_015.mp4,dice_shuffle_reveal,45,122
dice_stack_shuffle_000.mp4,dice_stack_shuffle,68,123
dice_stack_shuffle_001.mp4,dice_stack_shuffle,120,123
dice_stack_shuffle_002.mp4,dice_stack_shuffle,58,123
dice_stack_shuffle_003.mp4,dice_stack_shuffle,58,123
dice_stack_shuffle_004.mp4,dice_stack_shuffle,32,123
dice_stack_shuffle_005.mp4,dice_stack_shuffle,205,123
dice_stack_shuffle_006.mp4,dice_stack_shuffle,94,123
dice_stack_shuffle_007.mp4,dice_stack_shuffle,249,123
dice_stack_shuffle_008.mp4,dice_stack_shuffle,146,123
dice_stack_shuffle_009.mp4,dice_stack_shuffle,234,123
dice_stack_shuffle_010.mp4,dice_stack_shuffle,95,123
dice_stack_shuffle_011.mp4,dice_stack_shuffle,27,123
dice_stack_shuffle_012.mp4,dice_stack_shuffle,164,123
dice_stack_shuffle_013.mp4,dice_stack_shuffle,163,123
dice_stack_shuffle_014.mp4,dice_stack_shuffle,145,123
dice_stack_shuffle_015.mp4,dice_stack_shuffle,289,123
dips_000.mp4,dips,90,124
dips_001.mp4,dips,48,124
dips_002.mp4,dips,89,124
dips_003.mp4,dips,40,124
dips_004.mp4,dips,44,124
dips_005.mp4,dips,26,124
dips_006.mp4,dips,39,124
dips_007.mp4,dips,54,124
dips_008.mp4,dips,35,124
dips_009.mp4,dips,93,124
dips_010.mp4,dips,33,124
dips_011.mp4,dips,40,124
dips_012.mp4,dips,54,124
dips_013.mp4,dips,45,124
dips_014.mp4,dips,83,124
dips_015.mp4,dips,85,124
discuss_throw_000.mp4,discuss_throw,36,125
discuss_throw_001.mp4,discuss_throw,20,125
discuss_throw_002.mp4,discuss_throw,73,125
discuss_throw_003.mp4,discuss_throw,54,125
discuss_throw_004.mp4,discuss_throw,71,125
discuss_throw_005.mp4,discuss_throw,42,125
discuss_throw_006.mp4,discuss_throw,57,125
discuss_throw_007.mp4,discuss_throw,71,125
discuss_throw_008.mp4,discuss_throw,54,125
discuss_throw_009.mp4,discuss_throw,51,125
discuss_throw_010.mp4,discuss_throw,65,125
discuss_throw_011.mp4,discuss_throw,34,125
discuss_throw_012.mp4,discuss_throw,58,125
discuss_throw_013.mp4,discuss_throw,60,125
discuss_throw_014.mp4,discuss_throw,54,125
discuss_throw_015.mp4,discuss_throw,48,125
diving_jump_000.mp4,diving_jump,25,126
diving_jump_001.mp4,diving_jump,10,126
diving_jump_002.mp4,diving_jump,24,126
diving_jump_003.mp4,diving_jump,30,126
diving_jump_004.mp4,diving_jump,14,126
diving_jump_005.mp4,diving_jump,7,126
diving_jump_006.mp4,diving_jump,20,126
diving_jump_007.mp4,diving_jump,15,126
diving_jump_008.mp4,diving_jump,35,126
diving_jump_009.mp4,diving_jump,51,126
diving_jump_010.mp4,diving_jump,9,126
diving_jump_011.mp4,diving_jump,13,126
diving_jump_012.mp4,diving_jump,41,126
diving_jump_013.mp4,diving_jump,21,126
diving_jump_014.mp4,diving_jump,23,126
diving_jump_015.mp4,diving_jump,27,126
diving_rotate_000.mp4,diving_rotate,22,127
diving_rotate_001.mp4,diving_rotate,24,127
diving_rotate_002.mp4,diving_rotate,53,127
diving_rotate_003.mp4,diving_rotate,30,127
diving_rotate_004.mp4,diving_rotate,26,127
diving_rotate_005.mp4,diving_rotate,14,127
diving_rotate_006.mp4,diving_rotate,92,127
diving_rotate_007.mp4,diving_rotate,17,127
diving_rotate_008.mp4,diving_rotate,26,127
diving_rotate_009.mp4,diving_rotate,51,127
diving_rotate_010.mp4,diving_rotate,26,127
diving_rotate_011.mp4,diving_rotate,18,127
diving_rotate_012.mp4,diving_rotate,48,127
diving_rotate_013.mp4,diving_rotate,15,127
diving_rotate_014.mp4,diving_rotate,63,127
diving_rotate_015.mp4,diving_rotate,28,127
diving_sneak_000.mp4,diving_sneak,22,128
diving_sneak_001.mp4,diving_sneak,24,128
diving_sneak_002.mp4,diving_sneak,36,128
diving_sneak_003.mp4,diving_sneak,24,128
diving_sneak_004.mp4,diving_sneak,15,128
diving_sneak_005.mp4,diving_sneak,13,128
diving_sneak_006.mp4,diving_sneak,29,128
diving_sneak_007.mp4,diving_sneak,22,128
diving_sneak_008.mp4,diving_sneak,21,128
diving_sneak_009.mp4,diving_sneak,26,128
diving_sneak_010.mp4,diving_sneak,30,128
diving_sneak_011.mp4,diving_sneak,18,128
diving_sneak_012.mp4,diving_sneak,24,128
diving_sneak_013.mp4,diving_sneak,19,128
diving_sneak_014.mp4,diving_sneak,23,128
diving_sneak_015.mp4,diving_sneak,16,128
dj_000.mp4,dj,99,129
dj_001.mp4,dj,181,129
dj_002.mp4,dj,36,129
dj_003.mp4,dj,46,129
dj_004.mp4,dj,120,129
dj_005.mp4,dj,123,129
dj_006.mp4,dj,1157,129
dj_007.mp4,dj,137,129
dj_008.mp4,dj,76,129
dj_009.mp4,dj,56,129
dj_010.mp4,dj,197,129
dj_011.mp4,dj,146,129
dj_012.mp4,dj,53,129
dj_013.mp4,dj,102,129
dj_014.mp4,dj,37,129
dj_015.mp4,dj,58,129
dog_highfive_000.mp4,dog_highfive,25,130
dog_highfive_001.mp4,dog_highfive,36,130
dog_highfive_002.mp4,dog_highfive,41,130
dog_highfive_003.mp4,dog_highfive,18,130
dog_highfive_004.mp4,dog_highfive,21,130
dog_highfive_005.mp4,dog_highfive,22,130
dog_highfive_006.mp4,dog_highfive,30,130
dog_highfive_007.mp4,dog_highfive,57,130
dog_highfive_008.mp4,dog_highfive,30,130
dog_highfive_009.mp4,dog_highfive,57,130
dog_highfive_010.mp4,dog_highfive,25,130
dog_highfive_011.mp4,dog_highfive,26,130
dog_highfive_012.mp4,dog_highfive,26,130
dog_highfive_013.mp4,dog_highfive,31,130
dog_highfive_014.mp4,dog_highfive,22,130
dog_highfive_015.mp4,dog_highfive,19,130
dog_walking_000.mp4,dog_walking,23,131
dog_walking_001.mp4,dog_walking,106,131
dog_walking_002.mp4,dog_walking,44,131
dog_walking_003.mp4,dog_walking,80,131
dog_walking_004.mp4,dog_walking,33,131
dog_walking_005.mp4,dog_walking,24,131
dog_walking_006.mp4,dog_walking,29,131
dog_walking_007.mp4,dog_walking,59,131
dog_walking_008.mp4,dog_walking,55,131
dog_walking_009.mp4,dog_walking,62,131
dog_walking_010.mp4,dog_walking,61,131
dog_walking_011.mp4,dog_walking,154,131
dog_walking_012.mp4,dog_walking,34,131
dog_walking_013.mp4,dog_walking,63,131
dog_walking_014.mp4,dog_walking,176,131
dog_walking_015.mp4,dog_walking,81,131
draw_handgun_000.mp4,draw_handgun,75,132
draw_handgun_001.mp4,draw_handgun,17,132
draw_handgun_002.mp4,draw_handgun,15,132
draw_handgun_003.mp4,draw_handgun,37,132
draw_handgun_004.mp4,draw_handgun,16,132
draw_handgun_005.mp4,draw_handgun,63,132
draw_handgun_006.mp4,draw_handgun,19,132
draw_handgun_007.mp4,draw_handgun,21,132
draw_handgun_008.mp4,draw_handgun,224,132
draw_handgun_009.mp4,draw_handgun,52,132
draw_handgun_010.mp4,draw_handgun,23,132
draw_handgun_011.mp4,draw_handgun,17,132
draw_handgun_012.mp4,draw_handgun,25,132
draw_handgun_013.mp4,draw_handgun,32,132
draw_handgun_014.mp4,draw_handgun,22,132
draw_handgun_015.mp4,draw_handgun,80,132
drinking_with_cup_000.mp4,drinking_with_cup,47,133
drinking_with_cup_001.mp4,drinking_with_cup,177,133
drinking_with_cup_002.mp4,drinking_with_cup,80,133
drinking_with_cup_003.mp4,drinking_with_cup,51,133
drinking_with_cup_004.mp4,drinking_with_cup,38,133
drinking_with_cup_005.mp4,drinking_with_cup,51,133
drinking_with_cup_006.mp4,drinking_with_cup,153,133
drinking_with_cup_007.mp4,drinking_with_cup,67,133
drinking_with_cup_008.mp4,drinking_with_cup,141,133
drinking_with_cup_009.mp4,drinking_with_cup,83,133
drinking_with_cup_010.mp4,drinking_with_cup,101,133
drinking_with_cup_011.mp4,drinking_with_cup,155,133
drinking_with_cup_012.mp4,drinking_with_cup,79,133
drinking_with_cup_013.mp4,drinking_with_cup,124,133
drinking_with_cup_014.mp4,drinking_with_cup,254,133
drinking_with_cup_015.mp4,drinking_with_cup,90,133
drinking_with_straw_000.mp4,drinking_with_straw,53,134
drinking_with_straw_001.mp4,drinking_with_straw,45,134
drinking_with_straw_002.mp4,drinking_with_straw,83,134
drinking_with_straw_003.mp4,drinking_with_straw,39,134
drinking_with_straw_004.mp4,drinking_with_straw,94,134
drinking_with_straw_005.mp4,drinking_with_straw,63,134
drinking_with_straw_006.mp4,drinking_with_straw,71,134
drinking_with_straw_007.mp4,drinking_with_straw,71,134
drinking_with_straw_008.mp4,drinking_with_straw,179,134
drinking_with_straw_009.mp4,drinking_with_straw,140,134
drinking_with_straw_010.mp4,drinking_with_straw,143,134
drinking_with_straw_011.mp4,drinking_with_straw,88,134
drinking_with_straw_012.mp4,drinking_with_straw,90,134
drinking_with_straw_013.mp4,drinking_with_straw,61,134
drinking_with_straw_014.mp4,drinking_with_straw,52,134
drinking_with_straw_015.mp4,drinking_with_straw,31,134
eat_apple_000.mp4,eat_apple,59,135
eat_apple_001.mp4,eat_apple,33,135
eat_apple_002.mp4,eat_apple,67,135
eat_apple_003.mp4,eat_apple,72,135
eat_apple_004.mp4,eat_apple,45,135
eat_apple_005.mp4,eat_apple,40,135
eat_apple_006.mp4,eat_apple,73,135
eat_apple_007.mp4,eat_apple,71,135
eat_apple_008.mp4,eat_apple,52,135
eat_apple_009.mp4,eat_apple,105,135
eat_apple_010.mp4,eat_apple,111,135
eat_apple_011.mp4,eat_apple,87,135
eat_apple_012.mp4,eat_apple,46,135
eat_apple_013.mp4,eat_apple,99,135
eat_apple_014.mp4,eat_apple,67,135
eat_apple_015.mp4,eat_apple,34,135
eat_burger_000.mp4,eat_burger,53,136
eat_burger_001.mp4,eat_burger,70,136
eat_burger_002.mp4,eat_burger,76,136
eat_burger_003.mp4,eat_burger,50,136
eat_burger_004.mp4,eat_burger,17,136
eat_burger_005.mp4,eat_burger,64,136
eat_burger_006.mp4,eat_burger,75,136
eat_burger_007.mp4,eat_burger,77,136
eat_burger_008.mp4,eat_burger,65,136
eat_burger_009.mp4,eat_burger,53,136
eat_burger_010.mp4,eat_burger,39,136
eat_burger_011.mp4,eat_burger,39,136
eat_burger_012.mp4,eat_burger,46,136
eat_burger_013.mp4,eat_burger,53,136
eat_burger_014.mp4,eat_burger,29,136
eat_burger_015.mp4,eat_burger,28,136
eat_spagetti_000.mp4,eat_spagetti,69,137
eat_spagetti_001.mp4,eat_spagetti,108,137
eat_spagetti_002.mp4,eat_spagetti,91,137
eat_spagetti_003.mp4,eat_spagetti,108,137
eat_spagetti_004.mp4,eat_spagetti,97,137
eat_spagetti_005.mp4,eat_spagetti,87,137
eat_spagetti_006.mp4,eat_spagetti,53,137
eat_spagetti_007.mp4,eat_spagetti,64,137
eat_spagetti_008.mp4,eat_spagetti,48,137
eat_spagetti_009.mp4,eat_spagetti,46,137
eat_spagetti_010.mp4,eat_spagetti,57,137
eat_spagetti_011.mp4,eat_spagetti,28,137
eat_spagetti_012.mp4,eat_spagetti,60,137
eat_spagetti_013.mp4,eat_spagetti,75,137
eat_spagetti_014.mp4,eat_spagetti,24,137
eat_spagetti_015.mp4,eat_spagetti,141,137
eating_hotdogs_000.mp4,eating_hotdogs,84,138
eating_hotdogs_001.mp4,eating_hotdogs,27,138
eating_hotdogs_002.mp4,eating_hotdogs,40,138
eating_hotdogs_003.mp4,eating_hotdogs,71,138
eating_hotdogs_004.mp4,eating_hotdogs,41,138
eating_hotdogs_005.mp4,eating_hotdogs,50,138
eating_hotdogs_006.mp4,eating_hotdogs,70,138
eating_hotdogs_007.mp4,eating_hotdogs,71,138
eating_hotdogs_008.mp4,eating_hotdogs,53,138
eating_hotdogs_009.mp4,eating_hotdogs,54,138
eating_hotdogs_010.mp4,eating_hotdogs,41,138
eating_hotdogs_011.mp4,eating_hotdogs,31,138
eating_hotdogs_012.mp4,eating_hotdogs,44,138
eating_hotdogs_013.mp4,eating_hotdogs,10,138
eating_hotdogs_014.mp4,eating_hotdogs,49,138
eating_hotdogs_015.mp4,eating_hotdogs,24,138
eating_ice_cream_000.mp4,eating_ice_cream,75,139
eating_ice_cream_001.mp4,eating_ice_cream,49,139
eating_ice_cream_002.mp4,eating_ice_cream,33,139
eating_ice_cream_003.mp4,eating_ice_cream,56,139
eating_ice_cream_004.mp4,eating_ice_cream,105,139
eating_ice_cream_005.mp4,eating_ice_cream,70,139
eating_ice_cream_006.mp4,eating_ice_cream,37,139
eating_ice_cream_007.mp4,eating_ice_cream,43,139
eating_ice_cream_008.mp4,eating_ice_cream,47,139
eating_ice_cream_009.mp4,eating_ice_cream,53,139
eating_ice_cream_010.mp4,eating_ice_cream,33,139
eating_ice_cream_011.mp4,eating_ice_cream,41,139
eating_ice_cream_012.mp4,eating_ice_cream,108,139
eating_ice_cream_013.mp4,eating_ice_cream,34,139
eating_ice_cream_014.mp4,eating_ice_cream,43,139
eating_ice_cream_015.mp4,eating_ice_cream,48,139
eating_oyster_000.mp4,eating_oyster,81,140
eating_oyster_001.mp4,eating_oyster,92,140
eating_oyster_002.mp4,eating_oyster,35,140
eating_oyster_003.mp4,eating_oyster,60,140
eating_oyster_004.mp4,eating_oyster,69,140
eating_oyster_005.mp4,eating_oyster,64,140
eating_oyster_006.mp4,eating_oyster,79,140
eating_oyster_007.mp4,eating_oyster,60,140
eating_oyster_008.mp4,eating_oyster,56,140
eating_oyster_009.mp4,eating_oyster,137,140
eating_oyster_010.mp4,eating_oyster,34,140
eating_oyster_011.mp4,eating_oyster,82,140
eating_oyster_012.mp4,eating_oyster,79,140
eating_oyster_013.mp4,eating_oyster,53,140
eating_oyster_014.mp4,eating_oyster,47,140
eating_oyster_015.mp4,eating_oyster,114,140
equestrian_dressage_000.mp4,equestrian_dressage,85,141
equestrian_dressage_001.mp4,equestrian_dressage,64,141
equestrian_dressage_002.mp4,equestrian_dressage,86,141
equestrian_dressage_003.mp4,equestrian_dressage,113,141
equestrian_dressage_004.mp4,equestrian_dressage,60,141
equestrian_dressage_005.mp4,equestrian_dressage,62,141
equestrian_dressage_006.mp4,equestrian_dressage,54,141
equestrian_dressage_007.mp4,equestrian_dressage,67,141
equestrian_dressage_008.mp4,equestrian_dressage,73,141
equestrian_dressage_009.mp4,equestrian_dressage,81,141
equestrian_dressage_010.mp4,equestrian_dressage,71,141
equestrian_dressage_011.mp4,equestrian_dressage,73,141
equestrian_dressage_012.mp4,equestrian_dressage,84,141
equestrian_dressage_013.mp4,equestrian_dressage,47,141
equestrian_dressage_014.mp4,equestrian_dressage,48,141
equestrian_dressage_015.mp4,equestrian_dressage,77,141
equestrian_jump_000.mp4,equestrian_jump,36,142
equestrian_jump_001.mp4,equestrian_jump,51,142
equestrian_jump_002.mp4,equestrian_jump,38,142
equestrian_jump_003.mp4,equestrian_jump,42,142
equestrian_jump_004.mp4,equestrian_jump,35,142
equestrian_jump_005.mp4,equestrian_jump,40,142
equestrian_jump_006.mp4,equestrian_jump,44,142
equestrian_jump_007.mp4,equestrian_jump,37,142
equestrian_jump_008.mp4,equestrian_jump,31,142
equestrian_jump_009.mp4,equestrian_jump,48,142
equestrian_jump_010.mp4,equestrian_jump,52,142
equestrian_jump_011.mp4,equestrian_jump,33,142
equestrian_jump_012.mp4,equestrian_jump,28,142
equestrian_jump_013.mp4,equestrian_jump,38,142
equestrian_jump_014.mp4,equestrian_jump,30,142
equestrian_jump_015.mp4,equestrian_jump,48,142
equestrian_run_000.mp4,equestrian_run,70,143
equestrian_run_001.mp4,equestrian_run,68,143
equestrian_run_002.mp4,equestrian_run,67,143
equestrian_run_003.mp4,equestrian_run,100,143
equestrian_run_004.mp4,equestrian_run,47,143
equestrian_run_005.mp4,equestrian_run,52,143
equestrian_run_006.mp4,equestrian_run,83,143
equestrian_run_007.mp4,equestrian_run,61,143
equestrian_run_008.mp4,equestrian_run,62,143
equestrian_run_009.mp4,equestrian_run,84,143
equestrian_run_010.mp4,equestrian_run,48,143
equestrian_run_011.mp4,equestrian_run,64,143
equestrian_run_012.mp4,equestrian_run,68,143
equestrian_run_013.mp4,equestrian_run,80,143
equestrian_run_014.mp4,equestrian_run,39,143
equestrian_run_015.mp4,equestrian_run,57,143
face-changing_opera_000.mp4,face-changing_opera,34,144
face-changing_opera_001.mp4,face-changing_opera,48,144
face-changing_opera_002.mp4,face-changing_opera,42,144
face-changing_opera_003.mp4,face-changing_opera,41,144
face-changing_opera_004.mp4,face-changing_opera,34,144
face-changing_opera_005.mp4,face-changing_opera,34,144
face-changing_opera_006.mp4,face-changing_opera,28,144
face-changing_opera_007.mp4,face-changing_opera,55,144
face-changing_opera_008.mp4,face-changing_opera,35,144
face-changing_opera_009.mp4,face-changing_opera,68,144
face-changing_opera_010.mp4,face-changing_opera,28,144
face-changing_opera_011.mp4,face-changing_opera,44,144
face-changing_opera_012.mp4,face-changing_opera,21,144
face-changing_opera_013.mp4,face-changing_opera,51,144
face-changing_opera_014.mp4,face-changing_opera,51,144
face-changing_opera_015.mp4,face-changing_opera,34,144
face_slapping_000.mp4,face_slapping,20,145
face_slapping_001.mp4,face_slapping,15,145
face_slapping_002.mp4,face_slapping,24,145
face_slapping_003.mp4,face_slapping,17,145
face_slapping_004.mp4,face_slapping,19,145
face_slapping_005.mp4,face_slapping,21,145
face_slapping_006.mp4,face_slapping,24,145
face_slapping_007.mp4,face_slapping,18,145
face_slapping_008.mp4,face_slapping,7,145
face_slapping_009.mp4,face_slapping,12,145
face_slapping_010.mp4,face_slapping,7,145
face_slapping_011.mp4,face_slapping,18,145
face_slapping_012.mp4,face_slapping,15,145
face_slapping_013.mp4,face_slapping,18,145
face_slapping_014.mp4,face_slapping,22,145
face_slapping_015.mp4,face_slapping,17,145
falling_off_chair_000.mp4,falling_off_chair,31,146
falling_off_chair_001.mp4,falling_off_chair,58,146
falling_off_chair_002.mp4,falling_off_chair,92,146
falling_off_chair_003.mp4,falling_off_chair,36,146
falling_off_chair_004.mp4,falling_off_chair,35,146
falling_off_chair_005.mp4,falling_off_chair,21,146
falling_off_chair_006.mp4,falling_off_chair,36,146
falling_off_chair_007.mp4,falling_off_chair,17,146
falling_off_chair_008.mp4,falling_off_chair,39,146
falling_off_chair_009.mp4,falling_off_chair,46,146
falling_off_chair_010.mp4,falling_off_chair,35,146
falling_off_chair_011.mp4,falling_off_chair,54,146
falling_off_chair_012.mp4,falling_off_chair,34,146
falling_off_chair_013.mp4,falling_off_chair,15,146
falling_off_chair_014.mp4,falling_off_chair,50,146
falling_off_chair_015.mp4,falling_off_chair,33,146
figure_skate_I_spin_000.mp4,figure_skate_I_spin,60,147
figure_skate_I_spin_001.mp4,figure_skate_I_spin,56,147
figure_skate_I_spin_002.mp4,figure_skate_I_spin,61,147
figure_skate_I_spin_003.mp4,figure_skate_I_spin,12,147
figure_skate_I_spin_004.mp4,figure_skate_I_spin,66,147
figure_skate_I_spin_005.mp4,figure_skate_I_spin,53,147
figure_skate_I_spin_006.mp4,figure_skate_I_spin,48,147
figure_skate_I_spin_007.mp4,figure_skate_I_spin,37,147
figure_skate_I_spin_008.mp4,figure_skate_I_spin,44,147
figure_skate_I_spin_009.mp4,figure_skate_I_spin,52,147
figure_skate_I_spin_010.mp4,figure_skate_I_spin,51,147
figure_skate_I_spin_011.mp4,figure_skate_I_spin,48,147
figure_skate_I_spin_012.mp4,figure_skate_I_spin,38,147
figure_skate_I_spin_013.mp4,figure_skate_I_spin,39,147
figure_skate_I_spin_014.mp4,figure_skate_I_spin,59,147
figure_skate_I_spin_015.mp4,figure_skate_I_spin,70,147
figure_skate_backward_000.mp4,figure_skate_backward,35,148
figure_skate_backward_001.mp4,figure_skate_backward,46,148
figure_skate_backward_002.mp4,figure_skate_backward,75,148
figure_skate_backward_003.mp4,figure_skate_backward,54,148
figure_skate_backward_004.mp4,figure_skate_backward,60,148
figure_skate_backward_005.mp4,figure_skate_backward,48,148
figure_skate_backward_006.mp4,figure_skate_backward,54,148
figure_skate_backward_007.mp4,figure_skate_backward,70,148
figure_skate_backward_008.mp4,figure_skate_backward,69,148
figure_skate_backward_009.mp4,figure_skate_backward,53,148
figure_skate_backward_010.mp4,figure_skate_backward,77,148
figure_skate_backward_011.mp4,figure_skate_backward,47,148
figure_skate_backward_012.mp4,figure_skate_backward,49,148
figure_skate_backward_013.mp4,figure_skate_backward,69,148
figure_skate_backward_014.mp4,figure_skate_backward,68,148
figure_skate_backward_015.mp4,figure_skate_backward,63,148
figure_skate_bielman_spin_000.mp4,figure_skate_bielman_spin,57,149
figure_skate_bielman_spin_001.mp4,figure_skate_bielman_spin,46,149
figure_skate_bielman_spin_002.mp4,figure_skate_bielman_spin,55,149
figure_skate_bielman_spin_003.mp4,figure_skate_bielman_spin,71,149
figure_skate_bielman_spin_004.mp4,figure_skate_bielman_spin,68,149
figure_skate_bielman_spin_005.mp4,figure_skate_bielman_spin,94,149
figure_skate_bielman_spin_006.mp4,figure_skate_bielman_spin,83,149
figure_skate_bielman_spin_007.mp4,figure_skate_bielman_spin,86,149
figure_skate_bielman_spin_008.mp4,figure_skate_bielman_spin,58,149
figure_skate_bielman_spin_009.mp4,figure_skate_bielman_spin,75,149
figure_skate_bielman_spin_010.mp4,figure_skate_bielman_spin,69,149
figure_skate_bielman_spin_011.mp4,figure_skate_bielman_spin,65,149
figure_skate_bielman_spin_012.mp4,figure_skate_bielman_spin,66,149
figure_skate_bielman_spin_013.mp4,figure_skate_bielman_spin,71,149
figure_skate_bielman_spin_014.mp4,figure_skate_bielman_spin,66,149
figure_skate_bielman_spin_015.mp4,figure_skate_bielman_spin,41,149
figure_skate_camel_spin_000.mp4,figure_skate_camel_spin,59,150
figure_skate_camel_spin_001.mp4,figure_skate_camel_spin,58,150
figure_skate_camel_spin_002.mp4,figure_skate_camel_spin,50,150
figure_skate_camel_spin_003.mp4,figure_skate_camel_spin,56,150
figure_skate_camel_spin_004.mp4,figure_skate_camel_spin,43,150
figure_skate_camel_spin_005.mp4,figure_skate_camel_spin,32,150
figure_skate_camel_spin_006.mp4,figure_skate_camel_spin,29,150
figure_skate_camel_spin_007.mp4,figure_skate_camel_spin,45,150
figure_skate_camel_spin_008.mp4,figure_skate_camel_spin,55,150
figure_skate_camel_spin_009.mp4,figure_skate_camel_spin,61,150
figure_skate_camel_spin_010.mp4,figure_skate_camel_spin,23,150
figure_skate_camel_spin_011.mp4,figure_skate_camel_spin,47,150
figure_skate_camel_spin_012.mp4,figure_skate_camel_spin,65,150
figure_skate_camel_spin_013.mp4,figure_skate_camel_spin,63,150
figure_skate_camel_spin_014.mp4,figure_skate_camel_spin,41,150
figure_skate_camel_spin_015.mp4,figure_skate_camel_spin,50,150
figure_skate_donut_spin_000.mp4,figure_skate_donut_spin,52,151
figure_skate_donut_spin_001.mp4,figure_skate_donut_spin,35,151
figure_skate_donut_spin_002.mp4,figure_skate_donut_spin,57,151
figure_skate_donut_spin_003.mp4,figure_skate_donut_spin,63,151
figure_skate_donut_spin_004.mp4,figure_skate_donut_spin,50,151
figure_skate_donut_spin_005.mp4,figure_skate_donut_spin,56,151
figure_skate_donut_spin_006.mp4,figure_skate_donut_spin,69,151
figure_skate_donut_spin_007.mp4,figure_skate_donut_spin,33,151
figure_skate_donut_spin_008.mp4,figure_skate_donut_spin,56,151
figure_skate_donut_spin_009.mp4,figure_skate_donut_spin,65,151
figure_skate_donut_spin_010.mp4,figure_skate_donut_spin,46,151
figure_skate_donut_spin_011.mp4,figure_skate_donut_spin,37,151
figure_skate_donut_spin_012.mp4,figure_skate_donut_spin,39,151
figure_skate_donut_spin_013.mp4,figure_skate_donut_spin,63,151
figure_skate_donut_spin_014.mp4,figure_skate_donut_spin,51,151
figure_skate_donut_spin_015.mp4,figure_skate_donut_spin,42,151
figure_skate_forward_000.mp4,figure_skate_forward,42,152
figure_skate_forward_001.mp4,figure_skate_forward,44,152
figure_skate_forward_002.mp4,figure_skate_forward,42,152
figure_skate_forward_003.mp4,figure_skate_forward,52,152
figure_skate_forward_004.mp4,figure_skate_forward,26,152
figure_skate_forward_005.mp4,figure_skate_forward,40,152
figure_skate_forward_006.mp4,figure_skate_forward,39,152
figure_skate_forward_007.mp4,figure_skate_forward,74,152
figure_skate_forward_008.mp4,figure_skate_forward,46,152
figure_skate_forward_009.mp4,figure_skate_forward,49,152
figure_skate_forward_010.mp4,figure_skate_forward,61,152
figure_skate_forward_011.mp4,figure_skate_forward,46,152
figure_skate_forward_012.mp4,figure_skate_forward,63,152
figure_skate_forward_013.mp4,figure_skate_forward,52,152
figure_skate_forward_014.mp4,figure_skate_forward,55,152
figure_skate_forward_015.mp4,figure_skate_forward,89,152
figure_skate_hydroblading_000.mp4,figure_skate_hydroblading,30,153
figure_skate_hydroblading_001.mp4,figure_skate_hydroblading,64,153
figure_skate_hydroblading_002.mp4,figure_skate_hydroblading,88,153
figure_skate_hydroblading_003.mp4,figure_skate_hydroblading,59,153
figure_skate_hydroblading_004.mp4,figure_skate_hydroblading,65,153
figure_skate_hydroblading_005.mp4,figure_skate_hydroblading,80,153
figure_skate_hydroblading_006.mp4,figure_skate_hydroblading,62,153
figure_skate_hydroblading_007.mp4,figure_skate_hydroblading,95,153
figure_skate_hydroblading_008.mp4,figure_skate_hydroblading,77,153
figure_skate_hydroblading_009.mp4,figure_skate_hydroblading,47,153
figure_skate_hydroblading_010.mp4,figure_skate_hydroblading,74,153
figure_skate_hydroblading_011.mp4,figure_skate_hydroblading,88,153
figure_skate_hydroblading_012.mp4,figure_skate_hydroblading,90,153
figure_skate_hydroblading_013.mp4,figure_skate_hydroblading,88,153
figure_skate_hydroblading_014.mp4,figure_skate_hydroblading,61,153
figure_skate_hydroblading_015.mp4,figure_skate_hydroblading,25,153
figure_skate_inaBauer_000.mp4,figure_skate_inaBauer,56,154
figure_skate_inaBauer_001.mp4,figure_skate_inaBauer,65,154
figure_skate_inaBauer_002.mp4,figure_skate_inaBauer,66,154
figure_skate_inaBauer_003.mp4,figure_skate_inaBauer,60,154
figure_skate_inaBauer_004.mp4,figure_skate_inaBauer,70,154
figure_skate_inaBauer_005.mp4,figure_skate_inaBauer,50,154
figure_skate_inaBauer_006.mp4,figure_skate_inaBauer,50,154
figure_skate_inaBauer_007.mp4,figure_skate_inaBauer,63,154
figure_skate_inaBauer_008.mp4,figure_skate_inaBauer,67,154
figure_skate_inaBauer_009.mp4,figure_skate_inaBauer,56,154
figure_skate_inaBauer_010.mp4,figure_skate_inaBauer,56,154
figure_skate_inaBauer_011.mp4,figure_skate_inaBauer,52,154
figure_skate_inaBauer_012.mp4,figure_skate_inaBauer,25,154
figure_skate_inaBauer_013.mp4,figure_skate_inaBauer,124,154
figure_skate_inaBauer_014.mp4,figure_skate_inaBauer,85,154
figure_skate_inaBauer_015.mp4,figure_skate_inaBauer,58,154
figure_skate_jump_spin_000.mp4,figure_skate_jump_spin,66,155
figure_skate_jump_spin_001.mp4,figure_skate_jump_spin,56,155
figure_skate_jump_spin_002.mp4,figure_skate_jump_spin,65,155
figure_skate_jump_spin_003.mp4,figure_skate_jump_spin,13,155
figure_skate_jump_spin_004.mp4,figure_skate_jump_spin,50,155
figure_skate_jump_spin_005.mp4,figure_skate_jump_spin,51,155
figure_skate_jump_spin_006.mp4,figure_skate_jump_spin,61,155
figure_skate_jump_spin_007.mp4,figure_skate_jump_spin,40,155
figure_skate_jump_spin_008.mp4,figure_skate_jump_spin,62,155
figure_skate_jump_spin_009.mp4,figure_skate_jump_spin,51,155
figure_skate_jump_spin_010.mp4,figure_skate_jump_spin,81,155
figure_skate_jump_spin_011.mp4,figure_skate_jump_spin,53,155
figure_skate_jump_spin_012.mp4,figure_skate_jump_spin,43,155
figure_skate_jump_spin_013.mp4,figure_skate_jump_spin,70,155
figure_skate_jump_spin_014.mp4,figure_skate_jump_spin,69,155
figure_skate_jump_spin_015.mp4,figure_skate_jump_spin,41,155
figure_skate_scratch_spin_000.mp4,figure_skate_scratch_spin,40,156
figure_skate_scratch_spin_001.mp4,figure_skate_scratch_spin,33,156
figure_skate_scratch_spin_002.mp4,figure_skate_scratch_spin,58,156
figure_skate_scratch_spin_003.mp4,figure_skate_scratch_spin,18,156
figure_skate_scratch_spin_004.mp4,figure_skate_scratch_spin,13,156
figure_skate_scratch_spin_005.mp4,figure_skate_scratch_spin,29,156
figure_skate_scratch_spin_006.mp4,figure_skate_scratch_spin,34,156
figure_skate_scratch_spin_007.mp4,figure_skate_scratch_spin,34,156
figure_skate_scratch_spin_008.mp4,figure_skate_scratch_spin,61,156
figure_skate_scratch_spin_009.mp4,figure_skate_scratch_spin,45,156
figure_skate_scratch_spin_010.mp4,figure_skate_scratch_spin,51,156
figure_skate_scratch_spin_011.mp4,figure_skate_scratch_spin,33,156
figure_skate_scratch_spin_012.mp4,figure_skate_scratch_spin,52,156
figure_skate_scratch_spin_013.mp4,figure_skate_scratch_spin,44,156
figure_skate_scratch_spin_014.mp4,figure_skate_scratch_spin,62,156
figure_skate_scratch_spin_015.mp4,figure_skate_scratch_spin,39,156
figure_skate_sit_spin_000.mp4,figure_skate_sit_spin,40,157
figure_skate_sit_spin_001.mp4,figure_skate_sit_spin,44,157
figure_skate_sit_spin_002.mp4,figure_skate_sit_spin,39,157
figure_skate_sit_spin_003.mp4,figure_skate_sit_spin,39,157
figure_skate_sit_spin_004.mp4,figure_skate_sit_spin,48,157
figure_skate_sit_spin_005.mp4,figure_skate_sit_spin,48,157
figure_skate_sit_spin_006.mp4,figure_skate_sit_spin,44,157
figure_skate_sit_spin_007.mp4,figure_skate_sit_spin,42,157
figure_skate_sit_spin_008.mp4,figure_skate_sit_spin,43,157
figure_skate_sit_spin_009.mp4,figure_skate_sit_spin,34,157
figure_skate_sit_spin_010.mp4,figure_skate_sit_spin,36,157
figure_skate_sit_spin_011.mp4,figure_skate_sit_spin,51,157
figure_skate_sit_spin_012.mp4,figure_skate_sit_spin,33,157
figure_skate_sit_spin_013.mp4,figure_skate_sit_spin,67,157
figure_skate_sit_spin_014.mp4,figure_skate_sit_spin,36,157
figure_skate_sit_spin_015.mp4,figure_skate_sit_spin,40,157
fire_breathing_000.mp4,fire_breathing,45,158
fire_breathing_001.mp4,fire_breathing,33,158
fire_breathing_002.mp4,fire_breathing,82,158
fire_breathing_003.mp4,fire_breathing,37,158
fire_breathing_004.mp4,fire_breathing,25,158
fire_breathing_005.mp4,fire_breathing,65,158
fire_breathing_006.mp4,fire_breathing,51,158
fire_breathing_007.mp4,fire_breathing,35,158
fire_breathing_008.mp4,fire_breathing,28,158
fire_breathing_009.mp4,fire_breathing,36,158
fire_breathing_010.mp4,fire_breathing,29,158
fire_breathing_011.mp4,fire_breathing,38,158
fire_breathing_012.mp4,fire_breathing,38,158
fire_breathing_013.mp4,fire_breathing,41,158
fire_breathing_014.mp4,fire_breathing,19,158
fire_breathing_015.mp4,fire_breathing,61,158
fire_dancing_circulating_000.mp4,fire_dancing_circulating,14,159
fire_dancing_circulating_001.mp4,fire_dancing_circulating,20,159
fire_dancing_circulating_002.mp4,fire_dancing_circulating,31,159
fire_dancing_circulating_003.mp4,fire_dancing_circulating,22,159
fire_dancing_circulating_004.mp4,fire_dancing_circulating,38,159
fire_dancing_circulating_005.mp4,fire_dancing_circulating,28,159
fire_dancing_circulating_006.mp4,fire_dancing_circulating,88,159
fire_dancing_circulating_007.mp4,fire_dancing_circulating,39,159
fire_dancing_circulating_008.mp4,fire_dancing_circulating,23,159
fire_dancing_circulating_009.mp4,fire_dancing_circulating,19,159
fire_dancing_circulating_010.mp4,fire_dancing_circulating,37,159
fire_dancing_circulating_011.mp4,fire_dancing_circulating,50,159
fire_dancing_circulating_012.mp4,fire_dancing_circulating,28,159
fire_dancing_circulating_013.mp4,fire_dancing_circulating,38,159
fire_dancing_circulating_014.mp4,fire_dancing_circulating,30,159
fire_dancing_circulating_015.mp4,fire_dancing_circulating,27,159
fire_extinguisher_000.mp4,fire_extinguisher,27,160
fire_extinguisher_001.mp4,fire_extinguisher,43,160
fire_extinguisher_002.mp4,fire_extinguisher,39,160
fire_extinguisher_003.mp4,fire_extinguisher,43,160
fire_extinguisher_004.mp4,fire_extinguisher,116,160
fire_extinguisher_005.mp4,fire_extinguisher,72,160
fire_extinguisher_006.mp4,fire_extinguisher,47,160
fire_extinguisher_007.mp4,fire_extinguisher,67,160
fire_extinguisher_008.mp4,fire_extinguisher,34,160
fire_extinguisher_009.mp4,fire_extinguisher,52,160
fire_extinguisher_010.mp4,fire_extinguisher,101,160
fire_extinguisher_011.mp4,fire_extinguisher,87,160
fire_extinguisher_012.mp4,fire_extinguisher,53,160
fire_extinguisher_013.mp4,fire_extinguisher,32,160
fire_extinguisher_014.mp4,fire_extinguisher,64,160
fire_extinguisher_015.mp4,fire_extinguisher,13,160
fish-hunting_hold_000.mp4,fish-hunting_hold,43,161
fish-hunting_hold_001.mp4,fish-hunting_hold,86,161
fish-hunting_hold_002.mp4,fish-hunting_hold,57,161
fish-hunting_hold_003.mp4,fish-hunting_hold,61,161
fish-hunting_hold_004.mp4,fish-hunting_hold,68,161
fish-hunting_hold_005.mp4,fish-hunting_hold,51,161
fish-hunting_hold_006.mp4,fish-hunting_hold,47,161
fish-hunting_hold_007.mp4,fish-hunting_hold,79,161
fish-hunting_hold_008.mp4,fish-hunting_hold,56,161
fish-hunting_hold_009.mp4,fish-hunting_hold,48,161
fish-hunting_hold_010.mp4,fish-hunting_hold,65,161
fish-hunting_hold_011.mp4,fish-hunting_hold,62,161
fish-hunting_hold_012.mp4,fish-hunting_hold,41,161
fish-hunting_hold_013.mp4,fish-hunting_hold,93,161
fish-hunting_hold_014.mp4,fish-hunting_hold,55,161
fish-hunting_hold_015.mp4,fish-hunting_hold,54,161
fish-hunting_pull_000.mp4,fish-hunting_pull,27,162
fish-hunting_pull_001.mp4,fish-hunting_pull,77,162
fish-hunting_pull_002.mp4,fish-hunting_pull,61,162
fish-hunting_pull_003.mp4,fish-hunting_pull,41,162
fish-hunting_pull_004.mp4,fish-hunting_pull,40,162
fish-hunting_pull_005.mp4,fish-hunting_pull,45,162
fish-hunting_pull_006.mp4,fish-hunting_pull,56,162
fish-hunting_pull_007.mp4,fish-hunting_pull,51,162
fish-hunting_pull_008.mp4,fish-hunting_pull,37,162
fish-hunting_pull_009.mp4,fish-hunting_pull,48,162
fish-hunting_pull_010.mp4,fish-hunting_pull,26,162
fish-hunting_pull_011.mp4,fish-hunting_pull,26,162
fish-hunting_pull_012.mp4,fish-hunting_pull,41,162
fish-hunting_pull_013.mp4,fish-hunting_pull,64,162
fish-hunting_pull_014.mp4,fish-hunting_pull,43,162
fish-hunting_pull_015.mp4,fish-hunting_pull,75,162
fist_bump_000.mp4,fist_bump,19,163
fist_bump_001.mp4,fist_bump,32,163
fist_bump_002.mp4,fist_bump,18,163
fist_bump_003.mp4,fist_bump,16,163
fist_bump_004.mp4,fist_bump,20,163
fist_bump_005.mp4,fist_bump,26,163
fist_bump_006.mp4,fist_bump,29,163
fist_bump_007.mp4,fist_bump,22,163
fist_bump_008.mp4,fist_bump,24,163
fist_bump_009.mp4,fist_bump,22,163
fist_bump_010.mp4,fist_bump,41,163
fist_bump_011.mp4,fist_bump,21,163
fist_bump_012.mp4,fist_bump,22,163
fist_bump_013.mp4,fist_bump,13,163
fist_bump_014.mp4,fist_bump,16,163
fist_bump_015.mp4,fist_bump,14,163
flamethrower_000.mp4,flamethrower,116,164
flamethrower_001.mp4,flamethrower,35,164
flamethrower_002.mp4,flamethrower,168,164
flamethrower_003.mp4,flamethrower,32,164
flamethrower_004.mp4,flamethrower,99,164
flamethrower_005.mp4,flamethrower,44,164
flamethrower_006.mp4,flamethrower,53,164
flamethrower_007.mp4,flamethrower,33,164
flamethrower_008.mp4,flamethrower,31,164
flamethrower_009.mp4,flamethrower,17,164
flamethrower_010.mp4,flamethrower,37,164
flamethrower_011.mp4,flamethrower,104,164
flamethrower_012.mp4,flamethrower,34,164
flamethrower_013.mp4,flamethrower,25,164
flamethrower_014.mp4,flamethrower,38,164
flamethrower_015.mp4,flamethrower,26,164
flipping_bottle_000.mp4,flipping_bottle,28,165
flipping_bottle_001.mp4,flipping_bottle,40,165
flipping_bottle_002.mp4,flipping_bottle,40,165
flipping_bottle_003.mp4,flipping_bottle,26,165
flipping_bottle_004.mp4,flipping_bottle,27,165
flipping_bottle_005.mp4,flipping_bottle,29,165
flipping_bottle_006.mp4,flipping_bottle,24,165
flipping_bottle_007.mp4,flipping_bottle,28,165
flipping_bottle_008.mp4,flipping_bottle,29,165
flipping_bottle_009.mp4,flipping_bottle,27,165
flipping_bottle_010.mp4,flipping_bottle,28,165
flipping_bottle_011.mp4,flipping_bottle,25,165
flipping_bottle_012.mp4,flipping_bottle,33,165
flipping_bottle_013.mp4,flipping_bottle,28,165
flipping_bottle_014.mp4,flipping_bottle,23,165
flipping_bottle_015.mp4,flipping_bottle,23,165
floor_rotate_000.mp4,floor_rotate,22,166
floor_rotate_001.mp4,floor_rotate,24,166
floor_rotate_002.mp4,floor_rotate,23,166
floor_rotate_003.mp4,floor_rotate,23,166
floor_rotate_004.mp4,floor_rotate,20,166
floor_rotate_005.mp4,floor_rotate,17,166
floor_rotate_006.mp4,floor_rotate,30,166
floor_rotate_007.mp4,floor_rotate,32,166
floor_rotate_008.mp4,floor_rotate,20,166
floor_rotate_009.mp4,floor_rotate,27,166
floor_rotate_010.mp4,floor_rotate,20,166
floor_rotate_011.mp4,floor_rotate,27,166
floor_rotate_012.mp4,floor_rotate,20,166
floor_rotate_013.mp4,floor_rotate,31,166
floor_rotate_014.mp4,floor_rotate,18,166
floor_rotate_015.mp4,floor_rotate,23,166
floor_spin_000.mp4,floor_spin,29,167
floor_spin_001.mp4,floor_spin,40,167
floor_spin_002.mp4,floor_spin,31,167
floor_spin_003.mp4,floor_spin,26,167
floor_spin_004.mp4,floor_spin,23,167
floor_spin_005.mp4,floor_spin,35,167
floor_spin_006.mp4,floor_spin,29,167
floor_spin_007.mp4,floor_spin,30,167
floor_spin_008.mp4,floor_spin,32,167
floor_spin_009.mp4,floor_spin,33,167
floor_spin_010.mp4,floor_spin,28,167
floor_spin_011.mp4,floor_spin,36,167
floor_spin_012.mp4,floor_spin,33,167
floor_spin_013.mp4,floor_spin,29,167
floor_spin_014.mp4,floor_spin,41,167
floor_spin_015.mp4,floor_spin,50,167
floss_dance_000.mp4,floss_dance,54,168
floss_dance_001.mp4,floss_dance,39,168
floss_dance_002.mp4,floss_dance,88,168
floss_dance_003.mp4,floss_dance,52,168
floss_dance_004.mp4,floss_dance,83,168
floss_dance_005.mp4,floss_dance,41,168
floss_dance_006.mp4,floss_dance,115,168
floss_dance_007.mp4,floss_dance,35,168
floss_dance_008.mp4,floss_dance,86,168
floss_dance_009.mp4,floss_dance,38,168
floss_dance_010.mp4,floss_dance,50,168
floss_dance_011.mp4,floss_dance,39,168
floss_dance_012.mp4,floss_dance,67,168
floss_dance_013.mp4,floss_dance,63,168
floss_dance_014.mp4,floss_dance,122,168
floss_dance_015.mp4,floss_dance,63,168
flying_kite_000.mp4,flying_kite,62,169
flying_kite_001.mp4,flying_kite,55,169
flying_kite_002.mp4,flying_kite,45,169
flying_kite_003.mp4,flying_kite,60,169
flying_kite_004.mp4,flying_kite,50,169
flying_kite_005.mp4,flying_kite,78,169
flying_kite_006.mp4,flying_kite,51,169
flying_kite_007.mp4,flying_kite,63,169
flying_kite_008.mp4,flying_kite,31,169
flying_kite_009.mp4,flying_kite,80,169
flying_kite_010.mp4,flying_kite,24,169
flying_kite_011.mp4,flying_kite,90,169
flying_kite_012.mp4,flying_kite,27,169
flying_kite_013.mp4,flying_kite,49,169
flying_kite_014.mp4,flying_kite,65,169
flying_kite_015.mp4,flying_kite,51,169
folding_blanket_000.mp4,folding_blanket,99,170
folding_blanket_001.mp4,folding_blanket,146,170
folding_blanket_002.mp4,folding_blanket,159,170
folding_blanket_003.mp4,folding_blanket,87,170
folding_blanket_004.mp4,folding_blanket,48,170
folding_blanket_005.mp4,folding_blanket,152,170
folding_blanket_006.mp4,folding_blanket,126,170
folding_blanket_007.mp4,folding_blanket,49,170
folding_blanket_008.mp4,folding_blanket,150,170
folding_blanket_009.mp4,folding_blanket,134,170
folding_blanket_010.mp4,folding_blanket,66,170
folding_blanket_011.mp4,folding_blanket,217,170
folding_blanket_012.mp4,folding_blanket,224,170
folding_blanket_013.mp4,folding_blanket,50,170
folding_blanket_014.mp4,folding_blanket,63,170
folding_blanket_015.mp4,folding_blanket,60,170
folding_clothes_000.mp4,folding_clothes,148,171
folding_clothes_001.mp4,folding_clothes,66,171
folding_clothes_002.mp4,folding_clothes,280,171
folding_clothes_003.mp4,folding_clothes,78,171
folding_clothes_004.mp4,folding_clothes,92,171
folding_clothes_005.mp4,folding_clothes,81,171
folding_clothes_006.mp4,folding_clothes,71,171
folding_clothes_007.mp4,folding_clothes,50,171
folding_clothes_008.mp4,folding_clothes,49,171
folding_clothes_009.mp4,folding_clothes,82,171
folding_clothes_010.mp4,folding_clothes,60,171
folding_clothes_011.mp4,folding_clothes,71,171
folding_clothes_012.mp4,folding_clothes,53,171
folding_clothes_013.mp4,folding_clothes,22,171
folding_clothes_014.mp4,folding_clothes,128,171
folding_clothes_015.mp4,folding_clothes,46,171
football_catch_000.mp4,football_catch,28,172
football_catch_001.mp4,football_catch,19,172
football_catch_002.mp4,football_catch,25,172
football_catch_003.mp4,football_catch,34,172
football_catch_004.mp4,football_catch,78,172
football_catch_005.mp4,football_catch,18,172
football_catch_006.mp4,football_catch,61,172
football_catch_007.mp4,football_catch,30,172
football_catch_008.mp4,football_catch,22,172
football_catch_009.mp4,football_catch,53,172
football_catch_010.mp4,football_catch,25,172
football_catch_011.mp4,football_catch,33,172
football_catch_012.mp4,football_catch,36,172
football_catch_013.mp4,football_catch,45,172
football_catch_014.mp4,football_catch,46,172
football_catch_015.mp4,football_catch,32,172
football_run_000.mp4,football_run,88,173
football_run_001.mp4,football_run,63,173
football_run_002.mp4,football_run,106,173
football_run_003.mp4,football_run,30,173
football_run_004.mp4,football_run,82,173
football_run_005.mp4,football_run,117,173
football_run_006.mp4,football_run,83,173
football_run_007.mp4,football_run,81,173
football_run_008.mp4,football_run,76,173
football_run_009.mp4,football_run,73,173
football_run_010.mp4,football_run,37,173
football_run_011.mp4,football_run,35,173
football_run_012.mp4,football_run,46,173
football_run_013.mp4,football_run,22,173
football_run_014.mp4,football_run,131,173
football_run_015.mp4,football_run,57,173
football_throw_000.mp4,football_throw,30,174
football_throw_001.mp4,football_throw,27,174
football_throw_002.mp4,football_throw,18,174
football_throw_003.mp4,football_throw,58,174
football_throw_004.mp4,football_throw,23,174
football_throw_005.mp4,football_throw,26,174
football_throw_006.mp4,football_throw,42,174
football_throw_007.mp4,football_throw,46,174
football_throw_008.mp4,football_throw,42,174
football_throw_009.mp4,football_throw,27,174
football_throw_010.mp4,football_throw,46,174
football_throw_011.mp4,football_throw,38,174
football_throw_012.mp4,football_throw,61,174
football_throw_013.mp4,football_throw,52,174
football_throw_014.mp4,football_throw,35,174
football_throw_015.mp4,football_throw,53,174
forward_fold_000.mp4,forward_fold,49,175
forward_fold_001.mp4,forward_fold,63,175
forward_fold_002.mp4,forward_fold,78,175
forward_fold_003.mp4,forward_fold,102,175
forward_fold_004.mp4,forward_fold,84,175
forward_fold_005.mp4,forward_fold,84,175
forward_fold_006.mp4,forward_fold,85,175
forward_fold_007.mp4,forward_fold,189,175
forward_fold_008.mp4,forward_fold,130,175
forward_fold_009.mp4,forward_fold,88,175
forward_fold_010.mp4,forward_fold,158,175
forward_fold_011.mp4,forward_fold,87,175
forward_fold_012.mp4,forward_fold,78,175
forward_fold_013.mp4,forward_fold,51,175
forward_fold_014.mp4,forward_fold,131,175
forward_fold_015.mp4,forward_fold,146,175
forward_roll_000.mp4,forward_roll,34,176
forward_roll_001.mp4,forward_roll,40,176
forward_roll_002.mp4,forward_roll,39,176
forward_roll_003.mp4,forward_roll,44,176
forward_roll_004.mp4,forward_roll,45,176
forward_roll_005.mp4,forward_roll,42,176
forward_roll_006.mp4,forward_roll,51,176
forward_roll_007.mp4,forward_roll,39,176
forward_roll_008.mp4,forward_roll,27,176
forward_roll_009.mp4,forward_roll,43,176
forward_roll_010.mp4,forward_roll,22,176
forward_roll_011.mp4,forward_roll,49,176
forward_roll_012.mp4,forward_roll,32,176
forward_roll_013.mp4,forward_roll,38,176
forward_roll_014.mp4,forward_roll,33,176
forward_roll_015.mp4,forward_roll,38,176
frisbee_catch_000.mp4,frisbee_catch,27,177
frisbee_catch_001.mp4,frisbee_catch,24,177
frisbee_catch_002.mp4,frisbee_catch,45,177
frisbee_catch_003.mp4,frisbee_catch,45,177
frisbee_catch_004.mp4,frisbee_catch,39,177
frisbee_catch_005.mp4,frisbee_catch,12,177
frisbee_catch_006.mp4,frisbee_catch,60,177
frisbee_catch_007.mp4,frisbee_catch,30,177
frisbee_catch_008.mp4,frisbee_catch,45,177
frisbee_catch_009.mp4,frisbee_catch,59,177
frisbee_catch_010.mp4,frisbee_catch,44,177
frisbee_catch_011.mp4,frisbee_catch,29,177
frisbee_catch_012.mp4,frisbee_catch,33,177
frisbee_catch_013.mp4,frisbee_catch,29,177
frisbee_catch_014.mp4,frisbee_catch,16,177
frisbee_catch_015.mp4,frisbee_catch,32,177
frisbee_throw_000.mp4,frisbee_throw,28,178
frisbee_throw_001.mp4,frisbee_throw,15,178
frisbee_throw_002.mp4,frisbee_throw,14,178
frisbee_throw_003.mp4,frisbee_throw,24,178
frisbee_throw_004.mp4,frisbee_throw,25,178
frisbee_throw_005.mp4,frisbee_throw,10,178
frisbee_throw_006.mp4,frisbee_throw,7,178
frisbee_throw_007.mp4,frisbee_throw,20,178
frisbee_throw_008.mp4,frisbee_throw,28,178
frisbee_throw_009.mp4,frisbee_throw,23,178
frisbee_throw_010.mp4,frisbee_throw,21,178
frisbee_throw_011.mp4,frisbee_throw,20,178
frisbee_throw_012.mp4,frisbee_throw,25,178
frisbee_throw_013.mp4,frisbee_throw,15,178
frisbee_throw_014.mp4,frisbee_throw,18,178
frisbee_throw_015.mp4,frisbee_throw,8,178
frog_jump_000.mp4,frog_jump,54,179
frog_jump_001.mp4,frog_jump,39,179
frog_jump_002.mp4,frog_jump,29,179
frog_jump_003.mp4,frog_jump,58,179
frog_jump_004.mp4,frog_jump,42,179
frog_jump_005.mp4,frog_jump,32,179
frog_jump_006.mp4,frog_jump,54,179
frog_jump_007.mp4,frog_jump,37,179
frog_jump_008.mp4,frog_jump,54,179
frog_jump_009.mp4,frog_jump,61,179
frog_jump_010.mp4,frog_jump,112,179
frog_jump_011.mp4,frog_jump,32,179
frog_jump_012.mp4,frog_jump,22,179
frog_jump_013.mp4,frog_jump,39,179
frog_jump_014.mp4,frog_jump,31,179
frog_jump_015.mp4,frog_jump,68,179
ganggangsullae_000.mp4,ganggangsullae,66,180
ganggangsullae_001.mp4,ganggangsullae,132,180
ganggangsullae_002.mp4,ganggangsullae,113,180
ganggangsullae_003.mp4,ganggangsullae,83,180
ganggangsullae_004.mp4,ganggangsullae,81,180
ganggangsullae_005.mp4,ganggangsullae,55,180
ganggangsullae_006.mp4,ganggangsullae,104,180
ganggangsullae_007.mp4,ganggangsullae,72,180
ganggangsullae_008.mp4,ganggangsullae,58,180
ganggangsullae_009.mp4,ganggangsullae,58,180
ganggangsullae_010.mp4,ganggangsullae,139,180
ganggangsullae_011.mp4,ganggangsullae,91,180
ganggangsullae_012.mp4,ganggangsullae,89,180
ganggangsullae_013.mp4,ganggangsullae,68,180
ganggangsullae_014.mp4,ganggangsullae,62,180
ganggangsullae_015.mp4,ganggangsullae,63,180
gangnam_style_dance_000.mp4,gangnam_style_dance,165,181
gangnam_style_dance_001.mp4,gangnam_style_dance,117,181
gangnam_style_dance_002.mp4,gangnam_style_dance,197,181
gangnam_style_dance_003.mp4,gangnam_style_dance,174,181
gangnam_style_dance_004.mp4,gangnam_style_dance,122,181
gangnam_style_dance_005.mp4,gangnam_style_dance,126,181
gangnam_style_dance_006.mp4,gangnam_style_dance,187,181
gangnam_style_dance_007.mp4,gangnam_style_dance,209,181
gangnam_style_dance_008.mp4,gangnam_style_dance,192,181
gangnam_style_dance_009.mp4,gangnam_style_dance,202,181
gangnam_style_dance_010.mp4,gangnam_style_dance,198,181
gangnam_style_dance_011.mp4,gangnam_style_dance,208,181
gangnam_style_dance_012.mp4,gangnam_style_dance,167,181
gangnam_style_dance_013.mp4,gangnam_style_dance,204,181
gangnam_style_dance_014.mp4,gangnam_style_dance,160,181
gangnam_style_dance_015.mp4,gangnam_style_dance,211,181
gas_pumping_to_car_000.mp4,gas_pumping_to_car,121,182
gas_pumping_to_car_001.mp4,gas_pumping_to_car,66,182
gas_pumping_to_car_002.mp4,gas_pumping_to_car,145,182
gas_pumping_to_car_003.mp4,gas_pumping_to_car,143,182
gas_pumping_to_car_004.mp4,gas_pumping_to_car,32,182
gas_pumping_to_car_005.mp4,gas_pumping_to_car,120,182
gas_pumping_to_car_006.mp4,gas_pumping_to_car,38,182
gas_pumping_to_car_007.mp4,gas_pumping_to_car,115,182
gas_pumping_to_car_008.mp4,gas_pumping_to_car,140,182
gas_pumping_to_car_009.mp4,gas_pumping_to_car,159,182
gas_pumping_to_car_010.mp4,gas_pumping_to_car,82,182
gas_pumping_to_car_011.mp4,gas_pumping_to_car,157,182
gas_pumping_to_car_012.mp4,gas_pumping_to_car,89,182
gas_pumping_to_car_013.mp4,gas_pumping_to_car,165,182
gas_pumping_to_car_014.mp4,gas_pumping_to_car,97,182
gas_pumping_to_car_015.mp4,gas_pumping_to_car,175,182
golf_part_000.mp4,golf_part,42,183
golf_part_001.mp4,golf_part,26,183
golf_part_002.mp4,golf_part,31,183
golf_part_003.mp4,golf_part,38,183
golf_part_004.mp4,golf_part,50,183
golf_part_005.mp4,golf_part,42,183
golf_part_006.mp4,golf_part,35,183
golf_part_007.mp4,golf_part,27,183
golf_part_008.mp4,golf_part,27,183
golf_part_009.mp4,golf_part,31,183
golf_part_010.mp4,golf_part,30,183
golf_part_011.mp4,golf_part,36,183
golf_part_012.mp4,golf_part,34,183
golf_part_013.mp4,golf_part,34,183
golf_part_014.mp4,golf_part,29,183
golf_part_015.mp4,golf_part,31,183
golf_swing_000.mp4,golf_swing,24,184
golf_swing_001.mp4,golf_swing,32,184
golf_swing_002.mp4,golf_swing,16,184
golf_swing_003.mp4,golf_swing,21,184
golf_swing_004.mp4,golf_swing,21,184
golf_swing_005.mp4,golf_swing,19,184
golf_swing_006.mp4,golf_swing,26,184
golf_swing_007.mp4,golf_swing,20,184
golf_swing_008.mp4,golf_swing,22,184
golf_swing_009.mp4,golf_swing,27,184
golf_swing_010.mp4,golf_swing,34,184
golf_swing_011.mp4,golf_swing,33,184
golf_swing_012.mp4,golf_swing,9,184
golf_swing_013.mp4,golf_swing,37,184
golf_swing_014.mp4,golf_swing,38,184
golf_swing_015.mp4,golf_swing,7,184
grass_skating_000.mp4,grass_skating,40,185
grass_skating_001.mp4,grass_skating,42,185
grass_skating_002.mp4,grass_skating,62,185
grass_skating_003.mp4,grass_skating,62,185
grass_skating_004.mp4,grass_skating,62,185
grass_skating_005.mp4,grass_skating,44,185
grass_skating_006.mp4,grass_skating,53,185
grass_skating_007.mp4,grass_skating,84,185
grass_skating_008.mp4,grass_skating,61,185
grass_skating_009.mp4,grass_skating,29,185
grass_skating_010.mp4,grass_skating,32,185
grass_skating_011.mp4,grass_skating,47,185
grass_skating_012.mp4,grass_skating,45,185
grass_skating_013.mp4,grass_skating,45,185
grass_skating_014.mp4,grass_skating,40,185
grass_skating_015.mp4,grass_skating,39,185
grass_skiing_000.mp4,grass_skiing,30,186
grass_skiing_001.mp4,grass_skiing,19,186
grass_skiing_002.mp4,grass_skiing,42,186
grass_skiing_003.mp4,grass_skiing,43,186
grass_skiing_004.mp4,grass_skiing,46,186
grass_skiing_005.mp4,grass_skiing,27,186
grass_skiing_006.mp4,grass_skiing,32,186
grass_skiing_007.mp4,grass_skiing,72,186
grass_skiing_008.mp4,grass_skiing,49,186
grass_skiing_009.mp4,grass_skiing,53,186
grass_skiing_010.mp4,grass_skiing,45,186
grass_skiing_011.mp4,grass_skiing,30,186
grass_skiing_012.mp4,grass_skiing,43,186
grass_skiing_013.mp4,grass_skiing,34,186
grass_skiing_014.mp4,grass_skiing,51,186
grass_skiing_015.mp4,grass_skiing,41,186
guitar_flip_000.mp4,guitar_flip,36,187
guitar_flip_001.mp4,guitar_flip,38,187
guitar_flip_002.mp4,guitar_flip,33,187
guitar_flip_003.mp4,guitar_flip,38,187
guitar_flip_004.mp4,guitar_flip,25,187
guitar_flip_005.mp4,guitar_flip,28,187
guitar_flip_006.mp4,guitar_flip,30,187
guitar_flip_007.mp4,guitar_flip,26,187
guitar_flip_008.mp4,guitar_flip,30,187
guitar_flip_009.mp4,guitar_flip,27,187
guitar_flip_010.mp4,guitar_flip,27,187
guitar_flip_011.mp4,guitar_flip,18,187
guitar_flip_012.mp4,guitar_flip,39,187
guitar_flip_013.mp4,guitar_flip,45,187
guitar_flip_014.mp4,guitar_flip,26,187
guitar_flip_015.mp4,guitar_flip,36,187
guitar_smashing_000.mp4,guitar_smashing,30,188
guitar_smashing_001.mp4,guitar_smashing,17,188
guitar_smashing_002.mp4,guitar_smashing,39,188
guitar_smashing_003.mp4,guitar_smashing,17,188
guitar_smashing_004.mp4,guitar_smashing,9,188
guitar_smashing_005.mp4,guitar_smashing,23,188
guitar_smashing_006.mp4,guitar_smashing,55,188
guitar_smashing_007.mp4,guitar_smashing,7,188
guitar_smashing_008.mp4,guitar_smashing,19,188
guitar_smashing_009.mp4,guitar_smashing,25,188
guitar_smashing_010.mp4,guitar_smashing,45,188
guitar_smashing_011.mp4,guitar_smashing,15,188
guitar_smashing_012.mp4,guitar_smashing,20,188
guitar_smashing_013.mp4,guitar_smashing,13,188
guitar_smashing_014.mp4,guitar_smashing,17,188
guitar_smashing_015.mp4,guitar_smashing,10,188
gym_lift_000.mp4,gym_lift,32,189
gym_lift_001.mp4,gym_lift,33,189
gym_lift_002.mp4,gym_lift,79,189
gym_lift_003.mp4,gym_lift,182,189
gym_lift_004.mp4,gym_lift,28,189
gym_lift_005.mp4,gym_lift,70,189
gym_lift_006.mp4,gym_lift,61,189
gym_lift_007.mp4,gym_lift,45,189
gym_lift_008.mp4,gym_lift,111,189
gym_lift_009.mp4,gym_lift,105,189
gym_lift_010.mp4,gym_lift,34,189
gym_lift_011.mp4,gym_lift,33,189
gym_lift_012.mp4,gym_lift,33,189
gym_lift_013.mp4,gym_lift,37,189
gym_lift_014.mp4,gym_lift,79,189
gym_lift_015.mp4,gym_lift,20,189
gym_lunges_000.mp4,gym_lunges,77,190
gym_lunges_001.mp4,gym_lunges,96,190
gym_lunges_002.mp4,gym_lunges,46,190
gym_lunges_003.mp4,gym_lunges,75,190
gym_lunges_004.mp4,gym_lunges,85,190
gym_lunges_005.mp4,gym_lunges,70,190
gym_lunges_006.mp4,gym_lunges,49,190
gym_lunges_007.mp4,gym_lunges,44,190
gym_lunges_008.mp4,gym_lunges,81,190
gym_lunges_009.mp4,gym_lunges,83,190
gym_lunges_010.mp4,gym_lunges,102,190
gym_lunges_011.mp4,gym_lunges,100,190
gym_lunges_012.mp4,gym_lunges,56,190
gym_lunges_013.mp4,gym_lunges,68,190
gym_lunges_014.mp4,gym_lunges,55,190
gym_lunges_015.mp4,gym_lunges,80,190
gym_plank_000.mp4,gym_plank,32,191
gym_plank_001.mp4,gym_plank,49,191
gym_plank_002.mp4,gym_plank,38,191
gym_plank_003.mp4,gym_plank,41,191
gym_plank_004.mp4,gym_plank,40,191
gym_plank_005.mp4,gym_plank,67,191
gym_plank_006.mp4,gym_plank,33,191
gym_plank_007.mp4,gym_plank,50,191
gym_plank_008.mp4,gym_plank,33,191
gym_plank_009.mp4,gym_plank,29,191
gym_plank_010.mp4,gym_plank,66,191
gym_plank_011.mp4,gym_plank,35,191
gym_plank_012.mp4,gym_plank,29,191
gym_plank_013.mp4,gym_plank,30,191
gym_plank_014.mp4,gym_plank,50,191
gym_plank_015.mp4,gym_plank,41,191
gym_pull_000.mp4,gym_pull,27,192
gym_pull_001.mp4,gym_pull,23,192
gym_pull_002.mp4,gym_pull,28,192
gym_pull_003.mp4,gym_pull,17,192
gym_pull_004.mp4,gym_pull,21,192
gym_pull_005.mp4,gym_pull,35,192
gym_pull_006.mp4,gym_pull,39,192
gym_pull_007.mp4,gym_pull,37,192
gym_pull_008.mp4,gym_pull,39,192
gym_pull_009.mp4,gym_pull,21,192
gym_pull_010.mp4,gym_pull,16,192
gym_pull_011.mp4,gym_pull,28,192
gym_pull_012.mp4,gym_pull,36,192
gym_pull_013.mp4,gym_pull,19,192
gym_pull_014.mp4,gym_pull,57,192
gym_pull_015.mp4,gym_pull,37,192
gym_push_000.mp4,gym_push,36,193
gym_push_001.mp4,gym_push,45,193
gym_push_002.mp4,gym_push,19,193
gym_push_003.mp4,gym_push,45,193
gym_push_004.mp4,gym_push,42,193
gym_push_005.mp4,gym_push,30,193
gym_push_006.mp4,gym_push,34,193
gym_push_007.mp4,gym_push,45,193
gym_push_008.mp4,gym_push,19,193
gym_push_009.mp4,gym_push,52,193
gym_push_010.mp4,gym_push,60,193
gym_push_011.mp4,gym_push,30,193
gym_push_012.mp4,gym_push,45,193
gym_push_013.mp4,gym_push,52,193
gym_push_014.mp4,gym_push,36,193
gym_push_015.mp4,gym_push,39,193
gym_ride_000.mp4,gym_ride,39,194
gym_ride_001.mp4,gym_ride,42,194
gym_ride_002.mp4,gym_ride,62,194
gym_ride_003.mp4,gym_ride,93,194
gym_ride_004.mp4,gym_ride,89,194
gym_ride_005.mp4,gym_ride,43,194
gym_ride_006.mp4,gym_ride,54,194
gym_ride_007.mp4,gym_ride,29,194
gym_ride_008.mp4,gym_ride,59,194
gym_ride_009.mp4,gym_ride,28,194
gym_ride_010.mp4,gym_ride,35,194
gym_ride_011.mp4,gym_ride,39,194
gym_ride_012.mp4,gym_ride,67,194
gym_ride_013.mp4,gym_ride,52,194
gym_ride_014.mp4,gym_ride,48,194
gym_ride_015.mp4,gym_ride,53,194
gym_run_000.mp4,gym_run,69,195
gym_run_001.mp4,gym_run,26,195
gym_run_002.mp4,gym_run,51,195
gym_run_003.mp4,gym_run,49,195
gym_run_004.mp4,gym_run,76,195
gym_run_005.mp4,gym_run,63,195
gym_run_006.mp4,gym_run,36,195
gym_run_007.mp4,gym_run,43,195
gym_run_008.mp4,gym_run,67,195
gym_run_009.mp4,gym_run,44,195
gym_run_010.mp4,gym_run,43,195
gym_run_011.mp4,gym_run,46,195
gym_run_012.mp4,gym_run,45,195
gym_run_013.mp4,gym_run,55,195
gym_run_014.mp4,gym_run,36,195
gym_run_015.mp4,gym_run,23,195
gym_squat_000.mp4,gym_squat,39,196
gym_squat_001.mp4,gym_squat,57,196
gym_squat_002.mp4,gym_squat,42,196
gym_squat_003.mp4,gym_squat,62,196
gym_squat_004.mp4,gym_squat,74,196
gym_squat_005.mp4,gym_squat,65,196
gym_squat_006.mp4,gym_squat,65,196
gym_squat_007.mp4,gym_squat,68,196
gym_squat_008.mp4,gym_squat,69,196
gym_squat_009.mp4,gym_squat,34,196
gym_squat_010.mp4,gym_squat,58,196
gym_squat_011.mp4,gym_squat,68,196
gym_squat_012.mp4,gym_squat,66,196
gym_squat_013.mp4,gym_squat,75,196
gym_squat_014.mp4,gym_squat,65,196
gym_squat_015.mp4,gym_squat,63,196
hailing_taxi_000.mp4,hailing_taxi,46,197
hailing_taxi_001.mp4,hailing_taxi,59,197
hailing_taxi_002.mp4,hailing_taxi,48,197
hailing_taxi_003.mp4,hailing_taxi,28,197
hailing_taxi_004.mp4,hailing_taxi,18,197
hailing_taxi_005.mp4,hailing_taxi,44,197
hailing_taxi_006.mp4,hailing_taxi,30,197
hailing_taxi_007.mp4,hailing_taxi,33,197
hailing_taxi_008.mp4,hailing_taxi,48,197
hailing_taxi_009.mp4,hailing_taxi,25,197
hailing_taxi_010.mp4,hailing_taxi,39,197
hailing_taxi_011.mp4,hailing_taxi,91,197
hailing_taxi_012.mp4,hailing_taxi,25,197
hailing_taxi_013.mp4,hailing_taxi,41,197
hailing_taxi_014.mp4,hailing_taxi,23,197
hailing_taxi_015.mp4,hailing_taxi,46,197
haircut_scissor_000.mp4,haircut_scissor,42,198
haircut_scissor_001.mp4,haircut_scissor,22,198
haircut_scissor_002.mp4,haircut_scissor,33,198
haircut_scissor_003.mp4,haircut_scissor,34,198
haircut_scissor_004.mp4,haircut_scissor,21,198
haircut_scissor_005.mp4,haircut_scissor,59,198
haircut_scissor_006.mp4,haircut_scissor,30,198
haircut_scissor_007.mp4,haircut_scissor,100,198
haircut_scissor_008.mp4,haircut_scissor,28,198
haircut_scissor_009.mp4,haircut_scissor,82,198
haircut_scissor_010.mp4,haircut_scissor,46,198
haircut_scissor_011.mp4,haircut_scissor,36,198
haircut_scissor_012.mp4,haircut_scissor,50,198
haircut_scissor_013.mp4,haircut_scissor,84,198
haircut_scissor_014.mp4,haircut_scissor,26,198
haircut_scissor_015.mp4,haircut_scissor,44,198
hammer_throw_000.mp4,hammer_throw,90,199
hammer_throw_001.mp4,hammer_throw,96,199
hammer_throw_002.mp4,hammer_throw,57,199
hammer_throw_003.mp4,hammer_throw,84,199
hammer_throw_004.mp4,hammer_throw,64,199
hammer_throw_005.mp4,hammer_throw,80,199
hammer_throw_006.mp4,hammer_throw,92,199
hammer_throw_007.mp4,hammer_throw,67,199
hammer_throw_008.mp4,hammer_throw,74,199
hammer_throw_009.mp4,hammer_throw,55,199
hammer_throw_010.mp4,hammer_throw,53,199
hammer_throw_011.mp4,hammer_throw,78,199
hammer_throw_012.mp4,hammer_throw,60,199
hammer_throw_013.mp4,hammer_throw,73,199
hammer_throw_014.mp4,hammer_throw,19,199
hammer_throw_015.mp4,hammer_throw,95,199
hammering_nail_000.mp4,hammering_nail,21,200
hammering_nail_001.mp4,hammering_nail,100,200
hammering_nail_002.mp4,hammering_nail,44,200
hammering_nail_003.mp4,hammering_nail,42,200
hammering_nail_004.mp4,hammering_nail,62,200
hammering_nail_005.mp4,hammering_nail,80,200
hammering_nail_006.mp4,hammering_nail,32,200
hammering_nail_007.mp4,hammering_nail,7,200
hammering_nail_008.mp4,hammering_nail,52,200
hammering_nail_009.mp4,hammering_nail,68,200
hammering_nail_010.mp4,hammering_nail,62,200
hammering_nail_011.mp4,hammering_nail,54,200
hammering_nail_012.mp4,hammering_nail,26,200
hammering_nail_013.mp4,hammering_nail,43,200
hammering_nail_014.mp4,hammering_nail,50,200
hammering_nail_015.mp4,hammering_nail,31,200
hand-drill_firemaking_blow_000.mp4,hand-drill_firemaking_blow,38,201
hand-drill_firemaking_blow_001.mp4,hand-drill_firemaking_blow,57,201
hand-drill_firemaking_blow_002.mp4,hand-drill_firemaking_blow,57,201
hand-drill_firemaking_blow_003.mp4,hand-drill_firemaking_blow,57,201
hand-drill_firemaking_blow_004.mp4,hand-drill_firemaking_blow,56,201
hand-drill_firemaking_blow_005.mp4,hand-drill_firemaking_blow,47,201
hand-drill_firemaking_blow_006.mp4,hand-drill_firemaking_blow,49,201
hand-drill_firemaking_blow_007.mp4,hand-drill_firemaking_blow,46,201
hand-drill_firemaking_blow_008.mp4,hand-drill_firemaking_blow,65,201
hand-drill_firemaking_blow_009.mp4,hand-drill_firemaking_blow,48,201
hand-drill_firemaking_blow_010.mp4,hand-drill_firemaking_blow,53,201
hand-drill_firemaking_blow_011.mp4,hand-drill_firemaking_blow,45,201
hand-drill_firemaking_blow_012.mp4,hand-drill_firemaking_blow,38,201
hand-drill_firemaking_blow_013.mp4,hand-drill_firemaking_blow,37,201
hand-drill_firemaking_blow_014.mp4,hand-drill_firemaking_blow,55,201
hand-drill_firemaking_blow_015.mp4,hand-drill_firemaking_blow,67,201
hand-drill_firemaking_drill_with_bow_000.mp4,hand-drill_firemaking_drill_with_bow,38,202
hand-drill_firemaking_drill_with_bow_001.mp4,hand-drill_firemaking_drill_with_bow,31,202
hand-drill_firemaking_drill_with_bow_002.mp4,hand-drill_firemaking_drill_with_bow,37,202
hand-drill_firemaking_drill_with_bow_003.mp4,hand-drill_firemaking_drill_with_bow,45,202
hand-drill_firemaking_drill_with_bow_004.mp4,hand-drill_firemaking_drill_with_bow,46,202
hand-drill_firemaking_drill_with_bow_005.mp4,hand-drill_firemaking_drill_with_bow,43,202
hand-drill_firemaking_drill_with_bow_006.mp4,hand-drill_firemaking_drill_with_bow,29,202
hand-drill_firemaking_drill_with_bow_007.mp4,hand-drill_firemaking_drill_with_bow,47,202
hand-drill_firemaking_drill_with_bow_008.mp4,hand-drill_firemaking_drill_with_bow,56,202
hand-drill_firemaking_drill_with_bow_009.mp4,hand-drill_firemaking_drill_with_bow,58,202
hand-drill_firemaking_drill_with_bow_010.mp4,hand-drill_firemaking_drill_with_bow,71,202
hand-drill_firemaking_drill_with_bow_011.mp4,hand-drill_firemaking_drill_with_bow,97,202
hand-drill_firemaking_drill_with_bow_012.mp4,hand-drill_firemaking_drill_with_bow,103,202
hand-drill_firemaking_drill_with_bow_013.mp4,hand-drill_firemaking_drill_with_bow,109,202
hand-drill_firemaking_drill_with_bow_014.mp4,hand-drill_firemaking_drill_with_bow,49,202
hand-drill_firemaking_drill_with_bow_015.mp4,hand-drill_firemaking_drill_with_bow,70,202
hand-drill_firemaking_drill_with_hand_000.mp4,hand-drill_firemaking_drill_with_hand,46,203
hand-drill_firemaking_drill_with_hand_001.mp4,hand-drill_firemaking_drill_with_hand,55,203
hand-drill_firemaking_drill_with_hand_002.mp4,hand-drill_firemaking_drill_with_hand,41,203
hand-drill_firemaking_drill_with_hand_003.mp4,hand-drill_firemaking_drill_with_hand,39,203
hand-drill_firemaking_drill_with_hand_004.mp4,hand-drill_firemaking_drill_with_hand,82,203
hand-drill_firemaking_drill_with_hand_005.mp4,hand-drill_firemaking_drill_with_hand,97,203
hand-drill_firemaking_drill_with_hand_006.mp4,hand-drill_firemaking_drill_with_hand,32,203
hand-drill_firemaking_drill_with_hand_007.mp4,hand-drill_firemaking_drill_with_hand,32,203
hand-drill_firemaking_drill_with_hand_008.mp4,hand-drill_firemaking_drill_with_hand,95,203
hand-drill_firemaking_drill_with_hand_009.mp4,hand-drill_firemaking_drill_with_hand,93,203
hand-drill_firemaking_drill_with_hand_010.mp4,hand-drill_firemaking_drill_with_hand,75,203
hand-drill_firemaking_drill_with_hand_011.mp4,hand-drill_firemaking_drill_with_hand,96,203
hand-drill_firemaking_drill_with_hand_012.mp4,hand-drill_firemaking_drill_with_hand,119,203
hand-drill_firemaking_drill_with_hand_013.mp4,hand-drill_firemaking_drill_with_hand,87,203
hand-drill_firemaking_drill_with_hand_014.mp4,hand-drill_firemaking_drill_with_hand,46,203
hand-drill_firemaking_drill_with_hand_015.mp4,hand-drill_firemaking_drill_with_hand,83,203
hand_in_hand_000.mp4,hand_in_hand,19,204
hand_in_hand_001.mp4,hand_in_hand,29,204
hand_in_hand_002.mp4,hand_in_hand,24,204
hand_in_hand_003.mp4,hand_in_hand,42,204
hand_in_hand_004.mp4,hand_in_hand,53,204
hand_in_hand_005.mp4,hand_in_hand,23,204
hand_in_hand_006.mp4,hand_in_hand,38,204
hand_in_hand_007.mp4,hand_in_hand,20,204
hand_in_hand_008.mp4,hand_in_hand,49,204
hand_in_hand_009.mp4,hand_in_hand,67,204
hand_in_hand_010.mp4,hand_in_hand,33,204
hand_in_hand_011.mp4,hand_in_hand,63,204
hand_in_hand_012.mp4,hand_in_hand,58,204
hand_in_hand_013.mp4,hand_in_hand,33,204
hand_in_hand_014.mp4,hand_in_hand,28,204
hand_in_hand_015.mp4,hand_in_hand,27,204
handsaw_000.mp4,handsaw,64,205
handsaw_001.mp4,handsaw,91,205
handsaw_002.mp4,handsaw,90,205
handsaw_003.mp4,handsaw,64,205
handsaw_004.mp4,handsaw,28,205
handsaw_005.mp4,handsaw,70,205
handsaw_006.mp4,handsaw,78,205
handsaw_007.mp4,handsaw,70,205
handsaw_008.mp4,handsaw,44,205
handsaw_009.mp4,handsaw,67,205
handsaw_010.mp4,handsaw,71,205
handsaw_011.mp4,handsaw,54,205
handsaw_012.mp4,handsaw,63,205
handsaw_013.mp4,handsaw,45,205
handsaw_014.mp4,handsaw,73,205
handsaw_015.mp4,handsaw,93,205
handshake_dog_000.mp4,handshake_dog,33,206
handshake_dog_001.mp4,handshake_dog,37,206
handshake_dog_002.mp4,handshake_dog,32,206
handshake_dog_003.mp4,handshake_dog,54,206
handshake_dog_004.mp4,handshake_dog,54,206
handshake_dog_005.mp4,handshake_dog,47,206
handshake_dog_006.mp4,handshake_dog,47,206
handshake_dog_007.mp4,handshake_dog,62,206
handshake_dog_008.mp4,handshake_dog,48,206
handshake_dog_009.mp4,handshake_dog,56,206
handshake_dog_010.mp4,handshake_dog,60,206
handshake_dog_011.mp4,handshake_dog,43,206
handshake_dog_012.mp4,handshake_dog,79,206
handshake_dog_013.mp4,handshake_dog,35,206
handshake_dog_014.mp4,handshake_dog,45,206
handshake_dog_015.mp4,handshake_dog,60,206
handstand_000.mp4,handstand,20,207
handstand_001.mp4,handstand,46,207
handstand_002.mp4,handstand,54,207
handstand_003.mp4,handstand,27,207
handstand_004.mp4,handstand,44,207
handstand_005.mp4,handstand,35,207
handstand_006.mp4,handstand,27,207
handstand_007.mp4,handstand,60,207
handstand_008.mp4,handstand,46,207
handstand_009.mp4,handstand,53,207
handstand_010.mp4,handstand,20,207
handstand_011.mp4,handstand,76,207
handstand_012.mp4,handstand,81,207
handstand_013.mp4,handstand,112,207
handstand_014.mp4,handstand,68,207
handstand_015.mp4,handstand,52,207
hanging_clothes_000.mp4,hanging_clothes,120,208
hanging_clothes_001.mp4,hanging_clothes,52,208
hanging_clothes_002.mp4,hanging_clothes,35,208
hanging_clothes_003.mp4,hanging_clothes,79,208
hanging_clothes_004.mp4,hanging_clothes,40,208
hanging_clothes_005.mp4,hanging_clothes,108,208
hanging_clothes_006.mp4,hanging_clothes,60,208
hanging_clothes_007.mp4,hanging_clothes,70,208
hanging_clothes_008.mp4,hanging_clothes,53,208
hanging_clothes_009.mp4,hanging_clothes,145,208
hanging_clothes_010.mp4,hanging_clothes,143,208
hanging_clothes_011.mp4,hanging_clothes,38,208
hanging_clothes_012.mp4,hanging_clothes,52,208
hanging_clothes_013.mp4,hanging_clothes,41,208
hanging_clothes_014.mp4,hanging_clothes,19,208
hanging_clothes_015.mp4,hanging_clothes,50,208
headbang_000.mp4,headbang,19,209
headbang_001.mp4,headbang,43,209
headbang_002.mp4,headbang,38,209
headbang_003.mp4,headbang,55,209
headbang_004.mp4,headbang,30,209
headbang_005.mp4,headbang,33,209
headbang_006.mp4,headbang,21,209
headbang_007.mp4,headbang,51,209
headbang_008.mp4,headbang,71,209
headbang_009.mp4,headbang,55,209
headbang_010.mp4,headbang,35,209
headbang_011.mp4,headbang,29,209
headbang_012.mp4,headbang,37,209
headbang_013.mp4,headbang,41,209
headbang_014.mp4,headbang,31,209
headbang_015.mp4,headbang,19,209
heimlich_maneuver_000.mp4,heimlich_maneuver,33,210
heimlich_maneuver_001.mp4,heimlich_maneuver,17,210
heimlich_maneuver_002.mp4,heimlich_maneuver,37,210
heimlich_maneuver_003.mp4,heimlich_maneuver,24,210
heimlich_maneuver_004.mp4,heimlich_maneuver,46,210
heimlich_maneuver_005.mp4,heimlich_maneuver,37,210
heimlich_maneuver_006.mp4,heimlich_maneuver,58,210
heimlich_maneuver_007.mp4,heimlich_maneuver,69,210
heimlich_maneuver_008.mp4,heimlich_maneuver,21,210
heimlich_maneuver_009.mp4,heimlich_maneuver,19,210
heimlich_maneuver_010.mp4,heimlich_maneuver,23,210
heimlich_maneuver_011.mp4,heimlich_maneuver,48,210
heimlich_maneuver_012.mp4,heimlich_maneuver,23,210
heimlich_maneuver_013.mp4,heimlich_maneuver,28,210
heimlich_maneuver_014.mp4,heimlich_maneuver,49,210
heimlich_maneuver_015.mp4,heimlich_maneuver,29,210
high_five_000.mp4,high_five,20,211
high_five_001.mp4,high_five,26,211
high_five_002.mp4,high_five,18,211
high_five_003.mp4,high_five,15,211
high_five_004.mp4,high_five,38,211
high_five_005.mp4,high_five,20,211
high_five_006.mp4,high_five,28,211
high_five_007.mp4,high_five,93,211
high_five_008.mp4,high_five,50,211
high_five_009.mp4,high_five,17,211
high_five_010.mp4,high_five,28,211
high_five_011.mp4,high_five,25,211
high_five_012.mp4,high_five,34,211
high_five_013.mp4,high_five,15,211
high_five_014.mp4,high_five,24,211
high_five_015.mp4,high_five,17,211
high_jump_jump_000.mp4,high_jump_jump,44,212
high_jump_jump_001.mp4,high_jump_jump,31,212
high_jump_jump_002.mp4,high_jump_jump,35,212
high_jump_jump_003.mp4,high_jump_jump,58,212
high_jump_jump_004.mp4,high_jump_jump,35,212
high_jump_jump_005.mp4,high_jump_jump,34,212
high_jump_jump_006.mp4,high_jump_jump,30,212
high_jump_jump_007.mp4,high_jump_jump,29,212
high_jump_jump_008.mp4,high_jump_jump,27,212
high_jump_jump_009.mp4,high_jump_jump,42,212
high_jump_jump_010.mp4,high_jump_jump,30,212
high_jump_jump_011.mp4,high_jump_jump,114,212
high_jump_jump_012.mp4,high_jump_jump,29,212
high_jump_jump_013.mp4,high_jump_jump,31,212
high_jump_jump_014.mp4,high_jump_jump,34,212
high_jump_jump_015.mp4,high_jump_jump,26,212
high_jump_run_000.mp4,high_jump_run,37,213
high_jump_run_001.mp4,high_jump_run,12,213
high_jump_run_002.mp4,high_jump_run,34,213
high_jump_run_003.mp4,high_jump_run,32,213
high_jump_run_004.mp4,high_jump_run,73,213
high_jump_run_005.mp4,high_jump_run,71,213
high_jump_run_006.mp4,high_jump_run,23,213
high_jump_run_007.mp4,high_jump_run,62,213
high_jump_run_008.mp4,high_jump_run,65,213
high_jump_run_009.mp4,high_jump_run,81,213
high_jump_run_010.mp4,high_jump_run,18,213
high_jump_run_011.mp4,high_jump_run,83,213
high_jump_run_012.mp4,high_jump_run,13,213
high_jump_run_013.mp4,high_jump_run,89,213
high_jump_run_014.mp4,high_jump_run,91,213
high_jump_run_015.mp4,high_jump_run,37,213
high_knees_000.mp4,high_knees,63,214
high_knees_001.mp4,high_knees,60,214
high_knees_002.mp4,high_knees,25,214
high_knees_003.mp4,high_knees,31,214
high_knees_004.mp4,high_knees,83,214
high_knees_005.mp4,high_knees,27,214
high_knees_006.mp4,high_knees,36,214
high_knees_007.mp4,high_knees,30,214
high_knees_008.mp4,high_knees,50,214
high_knees_009.mp4,high_knees,38,214
high_knees_010.mp4,high_knees,33,214
high_knees_011.mp4,high_knees,58,214
high_knees_012.mp4,high_knees,36,214
high_knees_013.mp4,high_knees,44,214
high_knees_014.mp4,high_knees,41,214
high_knees_015.mp4,high_knees,44,214
hold_baby_000.mp4,hold_baby,29,215
hold_baby_001.mp4,hold_baby,66,215
hold_baby_002.mp4,hold_baby,35,215
hold_baby_003.mp4,hold_baby,25,215
hold_baby_004.mp4,hold_baby,37,215
hold_baby_005.mp4,hold_baby,17,215
hold_baby_006.mp4,hold_baby,31,215
hold_baby_007.mp4,hold_baby,84,215
hold_baby_008.mp4,hold_baby,55,215
hold_baby_009.mp4,hold_baby,49,215
hold_baby_010.mp4,hold_baby,56,215
hold_baby_011.mp4,hold_baby,37,215
hold_baby_012.mp4,hold_baby,55,215
hold_baby_013.mp4,hold_baby,33,215
hold_baby_014.mp4,hold_baby,34,215
hold_baby_015.mp4,hold_baby,39,215
hold_baby_with_wrap_000.mp4,hold_baby_with_wrap,38,216
hold_baby_with_wrap_001.mp4,hold_baby_with_wrap,94,216
hold_baby_with_wrap_002.mp4,hold_baby_with_wrap,143,216
hold_baby_with_wrap_003.mp4,hold_baby_with_wrap,52,216
hold_baby_with_wrap_004.mp4,hold_baby_with_wrap,82,216
hold_baby_with_wrap_005.mp4,hold_baby_with_wrap,97,216
hold_baby_with_wrap_006.mp4,hold_baby_with_wrap,83,216
hold_baby_with_wrap_007.mp4,hold_baby_with_wrap,76,216
hold_baby_with_wrap_008.mp4,hold_baby_with_wrap,53,216
hold_baby_with_wrap_009.mp4,hold_baby_with_wrap,66,216
hold_baby_with_wrap_010.mp4,hold_baby_with_wrap,20,216
hold_baby_with_wrap_011.mp4,hold_baby_with_wrap,79,216
hold_baby_with_wrap_012.mp4,hold_baby_with_wrap,74,216
hold_baby_with_wrap_013.mp4,hold_baby_with_wrap,76,216
hold_baby_with_wrap_014.mp4,hold_baby_with_wrap,74,216
hold_baby_with_wrap_015.mp4,hold_baby_with_wrap,54,216
hookah_000.mp4,hookah,23,217
hookah_001.mp4,hookah,58,217
hookah_002.mp4,hookah,61,217
hookah_003.mp4,hookah,89,217
hookah_004.mp4,hookah,130,217
hookah_005.mp4,hookah,166,217
hookah_006.mp4,hookah,78,217
hookah_007.mp4,hookah,119,217
hookah_008.mp4,hookah,60,217
hookah_009.mp4,hookah,100,217
hookah_010.mp4,hookah,127,217
hookah_011.mp4,hookah,41,217
hookah_012.mp4,hookah,146,217
hookah_013.mp4,hookah,81,217
hookah_014.mp4,hookah,135,217
hookah_015.mp4,hookah,117,217
hopscotch_pickup_000.mp4,hopscotch_pickup,61,218
hopscotch_pickup_001.mp4,hopscotch_pickup,41,218
hopscotch_pickup_002.mp4,hopscotch_pickup,28,218
hopscotch_pickup_003.mp4,hopscotch_pickup,42,218
hopscotch_pickup_004.mp4,hopscotch_pickup,61,218
hopscotch_pickup_005.mp4,hopscotch_pickup,105,218
hopscotch_pickup_006.mp4,hopscotch_pickup,18,218
hopscotch_pickup_007.mp4,hopscotch_pickup,119,218
hopscotch_pickup_008.mp4,hopscotch_pickup,40,218
hopscotch_pickup_009.mp4,hopscotch_pickup,17,218
hopscotch_pickup_010.mp4,hopscotch_pickup,39,218
hopscotch_pickup_011.mp4,hopscotch_pickup,30,218
hopscotch_pickup_012.mp4,hopscotch_pickup,27,218
hopscotch_pickup_013.mp4,hopscotch_pickup,50,218
hopscotch_pickup_014.mp4,hopscotch_pickup,39,218
hopscotch_pickup_015.mp4,hopscotch_pickup,24,218
hopscotch_skip_000.mp4,hopscotch_skip,12,219
hopscotch_skip_001.mp4,hopscotch_skip,23,219
hopscotch_skip_002.mp4,hopscotch_skip,15,219
hopscotch_skip_003.mp4,hopscotch_skip,17,219
hopscotch_skip_004.mp4,hopscotch_skip,21,219
hopscotch_skip_005.mp4,hopscotch_skip,22,219
hopscotch_skip_006.mp4,hopscotch_skip,53,219
hopscotch_skip_007.mp4,hopscotch_skip,7,219
hopscotch_skip_008.mp4,hopscotch_skip,21,219
hopscotch_skip_009.mp4,hopscotch_skip,23,219
hopscotch_skip_010.mp4,hopscotch_skip,23,219
hopscotch_skip_011.mp4,hopscotch_skip,29,219
hopscotch_skip_012.mp4,hopscotch_skip,24,219
hopscotch_skip_013.mp4,hopscotch_skip,18,219
hopscotch_skip_014.mp4,hopscotch_skip,19,219
hopscotch_skip_015.mp4,hopscotch_skip,32,219
hopscotch_spin_000.mp4,hopscotch_spin,23,220
hopscotch_spin_001.mp4,hopscotch_spin,42,220
hopscotch_spin_002.mp4,hopscotch_spin,29,220
hopscotch_spin_003.mp4,hopscotch_spin,15,220
hopscotch_spin_004.mp4,hopscotch_spin,36,220
hopscotch_spin_005.mp4,hopscotch_spin,34,220
hopscotch_spin_006.mp4,hopscotch_spin,27,220
hopscotch_spin_007.mp4,hopscotch_spin,31,220
hopscotch_spin_008.mp4,hopscotch_spin,36,220
hopscotch_spin_009.mp4,hopscotch_spin,28,220
hopscotch_spin_010.mp4,hopscotch_spin,36,220
hopscotch_spin_011.mp4,hopscotch_spin,28,220
hopscotch_spin_012.mp4,hopscotch_spin,27,220
hopscotch_spin_013.mp4,hopscotch_spin,44,220
hopscotch_spin_014.mp4,hopscotch_spin,31,220
hopscotch_spin_015.mp4,hopscotch_spin,27,220
horizontalbar_flip_000.mp4,horizontalbar_flip,22,221
horizontalbar_flip_001.mp4,horizontalbar_flip,25,221
horizontalbar_flip_002.mp4,horizontalbar_flip,27,221
horizontalbar_flip_003.mp4,horizontalbar_flip,33,221
horizontalbar_flip_004.mp4,horizontalbar_flip,22,221
horizontalbar_flip_005.mp4,horizontalbar_flip,21,221
horizontalbar_flip_006.mp4,horizontalbar_flip,21,221
horizontalbar_flip_007.mp4,horizontalbar_flip,22,221
horizontalbar_flip_008.mp4,horizontalbar_flip,25,221
horizontalbar_flip_009.mp4,horizontalbar_flip,29,221
horizontalbar_flip_010.mp4,horizontalbar_flip,20,221
horizontalbar_flip_011.mp4,horizontalbar_flip,21,221
horizontalbar_flip_012.mp4,horizontalbar_flip,22,221
horizontalbar_flip_013.mp4,horizontalbar_flip,36,221
horizontalbar_flip_014.mp4,horizontalbar_flip,21,221
horizontalbar_flip_015.mp4,horizontalbar_flip,24,221
horizontalbar_jump_000.mp4,horizontalbar_jump,27,222
horizontalbar_jump_001.mp4,horizontalbar_jump,27,222
horizontalbar_jump_002.mp4,horizontalbar_jump,78,222
horizontalbar_jump_003.mp4,horizontalbar_jump,23,222
horizontalbar_jump_004.mp4,horizontalbar_jump,26,222
horizontalbar_jump_005.mp4,horizontalbar_jump,41,222
horizontalbar_jump_006.mp4,horizontalbar_jump,31,222
horizontalbar_jump_007.mp4,horizontalbar_jump,28,222
horizontalbar_jump_008.mp4,horizontalbar_jump,24,222
horizontalbar_jump_009.mp4,horizontalbar_jump,29,222
horizontalbar_jump_010.mp4,horizontalbar_jump,23,222
horizontalbar_jump_011.mp4,horizontalbar_jump,29,222
horizontalbar_jump_012.mp4,horizontalbar_jump,18,222
horizontalbar_jump_013.mp4,horizontalbar_jump,31,222
horizontalbar_jump_014.mp4,horizontalbar_jump,25,222
horizontalbar_jump_015.mp4,horizontalbar_jump,30,222
horizontalbar_land_000.mp4,horizontalbar_land,41,223
horizontalbar_land_001.mp4,horizontalbar_land,55,223
horizontalbar_land_002.mp4,horizontalbar_land,83,223
horizontalbar_land_003.mp4,horizontalbar_land,30,223
horizontalbar_land_004.mp4,horizontalbar_land,41,223
horizontalbar_land_005.mp4,horizontalbar_land,48,223
horizontalbar_land_006.mp4,horizontalbar_land,41,223
horizontalbar_land_007.mp4,horizontalbar_land,47,223
horizontalbar_land_008.mp4,horizontalbar_land,36,223
horizontalbar_land_009.mp4,horizontalbar_land,45,223
horizontalbar_land_010.mp4,horizontalbar_land,51,223
horizontalbar_land_011.mp4,horizontalbar_land,63,223
horizontalbar_land_012.mp4,horizontalbar_land,31,223
horizontalbar_land_013.mp4,horizontalbar_land,44,223
horizontalbar_land_014.mp4,horizontalbar_land,58,223
horizontalbar_land_015.mp4,horizontalbar_land,52,223
horizontalbar_spin_000.mp4,horizontalbar_spin,87,224
horizontalbar_spin_001.mp4,horizontalbar_spin,83,224
horizontalbar_spin_002.mp4,horizontalbar_spin,119,224
horizontalbar_spin_003.mp4,horizontalbar_spin,79,224
horizontalbar_spin_004.mp4,horizontalbar_spin,91,224
horizontalbar_spin_005.mp4,horizontalbar_spin,72,224
horizontalbar_spin_006.mp4,horizontalbar_spin,83,224
horizontalbar_spin_007.mp4,horizontalbar_spin,78,224
horizontalbar_spin_008.mp4,horizontalbar_spin,82,224
horizontalbar_spin_009.mp4,horizontalbar_spin,90,224
horizontalbar_spin_010.mp4,horizontalbar_spin,69,224
horizontalbar_spin_011.mp4,horizontalbar_spin,49,224
horizontalbar_spin_012.mp4,horizontalbar_spin,41,224
horizontalbar_spin_013.mp4,horizontalbar_spin,105,224
horizontalbar_spin_014.mp4,horizontalbar_spin,54,224
horizontalbar_spin_015.mp4,horizontalbar_spin,90,224
hugging_animal_000.mp4,hugging_animal,58,225
hugging_animal_001.mp4,hugging_animal,104,225
hugging_animal_002.mp4,hugging_animal,58,225
hugging_animal_003.mp4,hugging_animal,53,225
hugging_animal_004.mp4,hugging_animal,68,225
hugging_animal_005.mp4,hugging_animal,93,225
hugging_animal_006.mp4,hugging_animal,41,225
hugging_animal_007.mp4,hugging_animal,104,225
hugging_animal_008.mp4,hugging_animal,74,225
hugging_animal_009.mp4,hugging_animal,57,225
hugging_animal_010.mp4,hugging_animal,48,225
hugging_animal_011.mp4,hugging_animal,51,225
hugging_animal_012.mp4,hugging_animal,76,225
hugging_animal_013.mp4,hugging_animal,86,225
hugging_animal_014.mp4,hugging_animal,72,225
hugging_animal_015.mp4,hugging_animal,46,225
hugging_human_000.mp4,hugging_human,16,226
hugging_human_001.mp4,hugging_human,58,226
hugging_human_002.mp4,hugging_human,31,226
hugging_human_003.mp4,hugging_human,22,226
hugging_human_004.mp4,hugging_human,29,226
hugging_human_005.mp4,hugging_human,30,226
hugging_human_006.mp4,hugging_human,28,226
hugging_human_007.mp4,hugging_human,57,226
hugging_human_008.mp4,hugging_human,59,226
hugging_human_009.mp4,hugging_human,46,226
hugging_human_010.mp4,hugging_human,34,226
hugging_human_011.mp4,hugging_human,30,226
hugging_human_012.mp4,hugging_human,42,226
hugging_human_013.mp4,hugging_human,41,226
hugging_human_014.mp4,hugging_human,34,226
hugging_human_015.mp4,hugging_human,67,226
hurdle_jump_000.mp4,hurdle_jump,27,227
hurdle_jump_001.mp4,hurdle_jump,23,227
hurdle_jump_002.mp4,hurdle_jump,25,227
hurdle_jump_003.mp4,hurdle_jump,32,227
hurdle_jump_004.mp4,hurdle_jump,24,227
hurdle_jump_005.mp4,hurdle_jump,27,227
hurdle_jump_006.mp4,hurdle_jump,69,227
hurdle_jump_007.mp4,hurdle_jump,52,227
hurdle_jump_008.mp4,hurdle_jump,27,227
hurdle_jump_009.mp4,hurdle_jump,21,227
hurdle_jump_010.mp4,hurdle_jump,34,227
hurdle_jump_011.mp4,hurdle_jump,80,227
hurdle_jump_012.mp4,hurdle_jump,13,227
hurdle_jump_013.mp4,hurdle_jump,27,227
hurdle_jump_014.mp4,hurdle_jump,27,227
hurdle_jump_015.mp4,hurdle_jump,26,227
ice_scuplting_000.mp4,ice_scuplting,33,228
ice_scuplting_001.mp4,ice_scuplting,42,228
ice_scuplting_002.mp4,ice_scuplting,39,228
ice_scuplting_003.mp4,ice_scuplting,44,228
ice_scuplting_004.mp4,ice_scuplting,35,228
ice_scuplting_005.mp4,ice_scuplting,57,228
ice_scuplting_006.mp4,ice_scuplting,47,228
ice_scuplting_007.mp4,ice_scuplting,16,228
ice_scuplting_008.mp4,ice_scuplting,65,228
ice_scuplting_009.mp4,ice_scuplting,39,228
ice_scuplting_010.mp4,ice_scuplting,45,228
ice_scuplting_011.mp4,ice_scuplting,36,228
ice_scuplting_012.mp4,ice_scuplting,53,228
ice_scuplting_013.mp4,ice_scuplting,45,228
ice_scuplting_014.mp4,ice_scuplting,50,228
ice_scuplting_015.mp4,ice_scuplting,51,228
ironing_clothes_000.mp4,ironing_clothes,29,229
ironing_clothes_001.mp4,ironing_clothes,49,229
ironing_clothes_002.mp4,ironing_clothes,65,229
ironing_clothes_003.mp4,ironing_clothes,54,229
ironing_clothes_004.mp4,ironing_clothes,36,229
ironing_clothes_005.mp4,ironing_clothes,82,229
ironing_clothes_006.mp4,ironing_clothes,138,229
ironing_clothes_007.mp4,ironing_clothes,26,229
ironing_clothes_008.mp4,ironing_clothes,76,229
ironing_clothes_009.mp4,ironing_clothes,87,229
ironing_clothes_010.mp4,ironing_clothes,138,229
ironing_clothes_011.mp4,ironing_clothes,65,229
ironing_clothes_012.mp4,ironing_clothes,83,229
ironing_clothes_013.mp4,ironing_clothes,125,229
ironing_clothes_014.mp4,ironing_clothes,365,229
ironing_clothes_015.mp4,ironing_clothes,143,229
jack_up_car_000.mp4,jack_up_car,57,230
jack_up_car_001.mp4,jack_up_car,29,230
jack_up_car_002.mp4,jack_up_car,30,230
jack_up_car_003.mp4,jack_up_car,46,230
jack_up_car_004.mp4,jack_up_car,48,230
jack_up_car_005.mp4,jack_up_car,18,230
jack_up_car_006.mp4,jack_up_car,70,230
jack_up_car_007.mp4,jack_up_car,145,230
jack_up_car_008.mp4,jack_up_car,49,230
jack_up_car_009.mp4,jack_up_car,164,230
jack_up_car_010.mp4,jack_up_car,138,230
jack_up_car_011.mp4,jack_up_car,59,230
jack_up_car_012.mp4,jack_up_car,39,230
jack_up_car_013.mp4,jack_up_car,36,230
jack_up_car_014.mp4,jack_up_car,96,230
jack_up_car_015.mp4,jack_up_car,43,230
javelin_run_000.mp4,javelin_run,37,231
javelin_run_001.mp4,javelin_run,42,231
javelin_run_002.mp4,javelin_run,32,231
javelin_run_003.mp4,javelin_run,67,231
javelin_run_004.mp4,javelin_run,58,231
javelin_run_005.mp4,javelin_run,24,231
javelin_run_006.mp4,javelin_run,21,231
javelin_run_007.mp4,javelin_run,60,231
javelin_run_008.mp4,javelin_run,52,231
javelin_run_009.mp4,javelin_run,36,231
javelin_run_010.mp4,javelin_run,100,231
javelin_run_011.mp4,javelin_run,31,231
javelin_run_012.mp4,javelin_run,26,231
javelin_run_013.mp4,javelin_run,48,231
javelin_run_014.mp4,javelin_run,31,231
javelin_run_015.mp4,javelin_run,43,231
javelin_throw_000.mp4,javelin_throw,19,232
javelin_throw_001.mp4,javelin_throw,23,232
javelin_throw_002.mp4,javelin_throw,33,232
javelin_throw_003.mp4,javelin_throw,79,232
javelin_throw_004.mp4,javelin_throw,29,232
javelin_throw_005.mp4,javelin_throw,43,232
javelin_throw_006.mp4,javelin_throw,25,232
javelin_throw_007.mp4,javelin_throw,48,232
javelin_throw_008.mp4,javelin_throw,29,232
javelin_throw_009.mp4,javelin_throw,56,232
javelin_throw_010.mp4,javelin_throw,54,232
javelin_throw_011.mp4,javelin_throw,21,232
javelin_throw_012.mp4,javelin_throw,34,232
javelin_throw_013.mp4,javelin_throw,25,232
javelin_throw_014.mp4,javelin_throw,22,232
javelin_throw_015.mp4,javelin_throw,16,232
jetski_000.mp4,jetski,103,233
jetski_001.mp4,jetski,92,233
jetski_002.mp4,jetski,55,233
jetski_003.mp4,jetski,52,233
jetski_004.mp4,jetski,22,233
jetski_005.mp4,jetski,60,233
jetski_006.mp4,jetski,119,233
jetski_007.mp4,jetski,76,233
jetski_008.mp4,jetski,197,233
jetski_009.mp4,jetski,83,233
jetski_010.mp4,jetski,41,233
jetski_011.mp4,jetski,64,233
jetski_012.mp4,jetski,36,233
jetski_013.mp4,jetski,209,233
jetski_014.mp4,jetski,29,233
jetski_015.mp4,jetski,60,233
juggling_balls_000.mp4,juggling_balls,36,234
juggling_balls_001.mp4,juggling_balls,46,234
juggling_balls_002.mp4,juggling_balls,37,234
juggling_balls_003.mp4,juggling_balls,43,234
juggling_balls_004.mp4,juggling_balls,42,234
juggling_balls_005.mp4,juggling_balls,64,234
juggling_balls_006.mp4,juggling_balls,53,234
juggling_balls_007.mp4,juggling_balls,48,234
juggling_balls_008.mp4,juggling_balls,50,234
juggling_balls_009.mp4,juggling_balls,57,234
juggling_balls_010.mp4,juggling_balls,13,234
juggling_balls_011.mp4,juggling_balls,22,234
juggling_balls_012.mp4,juggling_balls,40,234
juggling_balls_013.mp4,juggling_balls,69,234
juggling_balls_014.mp4,juggling_balls,45,234
juggling_balls_015.mp4,juggling_balls,62,234
jump rope_000.mp4,jump rope,35,235
jump rope_001.mp4,jump rope,72,235
jump rope_002.mp4,jump rope,46,235
jump rope_003.mp4,jump rope,35,235
jump rope_004.mp4,jump rope,43,235
jump rope_005.mp4,jump rope,41,235
jump rope_006.mp4,jump rope,84,235
jump rope_007.mp4,jump rope,77,235
jump rope_008.mp4,jump rope,57,235
jump rope_009.mp4,jump rope,97,235
jump rope_010.mp4,jump rope,90,235
jump rope_011.mp4,jump rope,30,235
jump rope_012.mp4,jump rope,63,235
jump rope_013.mp4,jump rope,73,235
jump rope_014.mp4,jump rope,87,235
jump rope_015.mp4,jump rope,40,235
jumping_jack_000.mp4,jumping_jack,22,236
jumping_jack_001.mp4,jumping_jack,39,236
jumping_jack_002.mp4,jumping_jack,33,236
jumping_jack_003.mp4,jumping_jack,24,236
jumping_jack_004.mp4,jumping_jack,32,236
jumping_jack_005.mp4,jumping_jack,23,236
jumping_jack_006.mp4,jumping_jack,32,236
jumping_jack_007.mp4,jumping_jack,22,236
jumping_jack_008.mp4,jumping_jack,24,236
jumping_jack_009.mp4,jumping_jack,30,236
jumping_jack_010.mp4,jumping_jack,30,236
jumping_jack_011.mp4,jumping_jack,17,236
jumping_jack_012.mp4,jumping_jack,25,236
jumping_jack_013.mp4,jumping_jack,23,236
jumping_jack_014.mp4,jumping_jack,38,236
jumping_jack_015.mp4,jumping_jack,30,236
kayaking_000.mp4,kayaking,69,237
kayaking_001.mp4,kayaking,104,237
kayaking_002.mp4,kayaking,78,237
kayaking_003.mp4,kayaking,78,237
kayaking_004.mp4,kayaking,159,237
kayaking_005.mp4,kayaking,65,237
kayaking_006.mp4,kayaking,59,237
kayaking_007.mp4,kayaking,69,237
kayaking_008.mp4,kayaking,79,237
kayaking_009.mp4,kayaking,109,237
kayaking_010.mp4,kayaking,55,237
kayaking_011.mp4,kayaking,90,237
kayaking_012.mp4,kayaking,58,237
kayaking_013.mp4,kayaking,134,237
kayaking_014.mp4,kayaking,72,237
kayaking_015.mp4,kayaking,151,237
kick_jianzi_000.mp4,kick_jianzi,24,238
kick_jianzi_001.mp4,kick_jianzi,11,238
kick_jianzi_002.mp4,kick_jianzi,28,238
kick_jianzi_003.mp4,kick_jianzi,25,238
kick_jianzi_004.mp4,kick_jianzi,18,238
kick_jianzi_005.mp4,kick_jianzi,21,238
kick_jianzi_006.mp4,kick_jianzi,25,238
kick_jianzi_007.mp4,kick_jianzi,27,238
kick_jianzi_008.mp4,kick_jianzi,21,238
kick_jianzi_009.mp4,kick_jianzi,43,238
kick_jianzi_010.mp4,kick_jianzi,23,238
kick_jianzi_011.mp4,kick_jianzi,23,238
kick_jianzi_012.mp4,kick_jianzi,22,238
kick_jianzi_013.mp4,kick_jianzi,26,238
kick_jianzi_014.mp4,kick_jianzi,21,238
kick_jianzi_015.mp4,kick_jianzi,22,238
kick_open_door_000.mp4,kick_open_door,14,239
kick_open_door_001.mp4,kick_open_door,34,239
kick_open_door_002.mp4,kick_open_door,19,239
kick_open_door_003.mp4,kick_open_door,18,239
kick_open_door_004.mp4,kick_open_door,16,239
kick_open_door_005.mp4,kick_open_door,15,239
kick_open_door_006.mp4,kick_open_door,26,239
kick_open_door_007.mp4,kick_open_door,56,239
kick_open_door_008.mp4,kick_open_door,32,239
kick_open_door_009.mp4,kick_open_door,12,239
kick_open_door_010.mp4,kick_open_door,11,239
kick_open_door_011.mp4,kick_open_door,22,239
kick_open_door_012.mp4,kick_open_door,9,239
kick_open_door_013.mp4,kick_open_door,27,239
kick_open_door_014.mp4,kick_open_door,28,239
kick_open_door_015.mp4,kick_open_door,36,239
kiss_000.mp4,kiss,39,240
kiss_001.mp4,kiss,95,240
kiss_002.mp4,kiss,205,240
kiss_003.mp4,kiss,147,240
kiss_004.mp4,kiss,44,240
kiss_005.mp4,kiss,63,240
kiss_006.mp4,kiss,35,240
kiss_007.mp4,kiss,53,240
kiss_008.mp4,kiss,30,240
kiss_009.mp4,kiss,22,240
kiss_010.mp4,kiss,21,240
kiss_011.mp4,kiss,48,240
kiss_012.mp4,kiss,28,240
kiss_013.mp4,kiss,30,240
kiss_014.mp4,kiss,41,240
kiss_015.mp4,kiss,35,240
knitting_000.mp4,knitting,70,241
knitting_001.mp4,knitting,42,241
knitting_002.mp4,knitting,51,241
knitting_003.mp4,knitting,41,241
knitting_004.mp4,knitting,24,241
knitting_005.mp4,knitting,109,241
knitting_006.mp4,knitting,66,241
knitting_007.mp4,knitting,110,241
knitting_008.mp4,knitting,107,241
knitting_009.mp4,knitting,177,241
knitting_010.mp4,knitting,95,241
knitting_011.mp4,knitting,96,241
knitting_012.mp4,knitting,43,241
knitting_013.mp4,knitting,99,241
knitting_014.mp4,knitting,176,241
knitting_015.mp4,knitting,49,241
leg_hold_back_000.mp4,leg_hold_back,30,242
leg_hold_back_001.mp4,leg_hold_back,107,242
leg_hold_back_002.mp4,leg_hold_back,86,242
leg_hold_back_003.mp4,leg_hold_back,202,242
leg_hold_back_004.mp4,leg_hold_back,132,242
leg_hold_back_005.mp4,leg_hold_back,52,242
leg_hold_back_006.mp4,leg_hold_back,278,242
leg_hold_back_007.mp4,leg_hold_back,126,242
leg_hold_back_008.mp4,leg_hold_back,56,242
leg_hold_back_009.mp4,leg_hold_back,57,242
leg_hold_back_010.mp4,leg_hold_back,41,242
leg_hold_back_011.mp4,leg_hold_back,78,242
leg_hold_back_012.mp4,leg_hold_back,94,242
leg_hold_back_013.mp4,leg_hold_back,78,242
leg_hold_back_014.mp4,leg_hold_back,202,242
leg_hold_back_015.mp4,leg_hold_back,65,242
leg_hold_front_000.mp4,leg_hold_front,133,243
leg_hold_front_001.mp4,leg_hold_front,101,243
leg_hold_front_002.mp4,leg_hold_front,85,243
leg_hold_front_003.mp4,leg_hold_front,117,243
leg_hold_front_004.mp4,leg_hold_front,138,243
leg_hold_front_005.mp4,leg_hold_front,28,243
leg_hold_front_006.mp4,leg_hold_front,38,243
leg_hold_front_007.mp4,leg_hold_front,76,243
leg_hold_front_008.mp4,leg_hold_front,75,243
leg_hold_front_009.mp4,leg_hold_front,67,243
leg_hold_front_010.mp4,leg_hold_front,32,243
leg_hold_front_011.mp4,leg_hold_front,86,243
leg_hold_front_012.mp4,leg_hold_front,31,243
leg_hold_front_013.mp4,leg_hold_front,15,243
leg_hold_front_014.mp4,leg_hold_front,52,243
leg_hold_front_015.mp4,leg_hold_front,64,243
leg_split_000.mp4,leg_split,31,244
leg_split_001.mp4,leg_split,39,244
leg_split_002.mp4,leg_split,98,244
leg_split_003.mp4,leg_split,57,244
leg_split_004.mp4,leg_split,246,244
leg_split_005.mp4,leg_split,191,244
leg_split_006.mp4,leg_split,145,244
leg_split_007.mp4,leg_split,125,244
leg_split_008.mp4,leg_split,47,244
leg_split_009.mp4,leg_split,49,244
leg_split_010.mp4,leg_split,83,244
leg_split_011.mp4,leg_split,36,244
leg_split_012.mp4,leg_split,110,244
leg_split_013.mp4,leg_split,29,244
leg_split_014.mp4,leg_split,106,244
leg_split_015.mp4,leg_split,54,244
long_jump_jump_000.mp4,long_jump_jump,50,245
long_jump_jump_001.mp4,long_jump_jump,43,245
long_jump_jump_002.mp4,long_jump_jump,29,245
long_jump_jump_003.mp4,long_jump_jump,27,245
long_jump_jump_004.mp4,long_jump_jump,30,245
long_jump_jump_005.mp4,long_jump_jump,33,245
long_jump_jump_006.mp4,long_jump_jump,26,245
long_jump_jump_007.mp4,long_jump_jump,23,245
long_jump_jump_008.mp4,long_jump_jump,24,245
long_jump_jump_009.mp4,long_jump_jump,78,245
long_jump_jump_010.mp4,long_jump_jump,25,245
long_jump_jump_011.mp4,long_jump_jump,36,245
long_jump_jump_012.mp4,long_jump_jump,32,245
long_jump_jump_013.mp4,long_jump_jump,35,245
long_jump_jump_014.mp4,long_jump_jump,44,245
long_jump_jump_015.mp4,long_jump_jump,27,245
long_jump_run_000.mp4,long_jump_run,66,246
long_jump_run_001.mp4,long_jump_run,40,246
long_jump_run_002.mp4,long_jump_run,116,246
long_jump_run_003.mp4,long_jump_run,67,246
long_jump_run_004.mp4,long_jump_run,89,246
long_jump_run_005.mp4,long_jump_run,57,246
long_jump_run_006.mp4,long_jump_run,62,246
long_jump_run_007.mp4,long_jump_run,101,246
long_jump_run_008.mp4,long_jump_run,45,246
long_jump_run_009.mp4,long_jump_run,42,246
long_jump_run_010.mp4,long_jump_run,46,246
long_jump_run_011.mp4,long_jump_run,78,246
long_jump_run_012.mp4,long_jump_run,55,246
long_jump_run_013.mp4,long_jump_run,64,246
long_jump_run_014.mp4,long_jump_run,75,246
long_jump_run_015.mp4,long_jump_run,70,246
luge_000.mp4,luge,46,247
luge_001.mp4,luge,42,247
luge_002.mp4,luge,74,247
luge_003.mp4,luge,28,247
luge_004.mp4,luge,45,247
luge_005.mp4,luge,26,247
luge_006.mp4,luge,21,247
luge_007.mp4,luge,36,247
luge_008.mp4,luge,71,247
luge_009.mp4,luge,50,247
luge_010.mp4,luge,36,247
luge_011.mp4,luge,78,247
luge_012.mp4,luge,52,247
luge_013.mp4,luge,27,247
luge_014.mp4,luge,66,247
luge_015.mp4,luge,69,247
milking_000.mp4,milking,46,248
milking_001.mp4,milking,59,248
milking_002.mp4,milking,82,248
milking_003.mp4,milking,83,248
milking_004.mp4,milking,117,248
milking_005.mp4,milking,128,248
milking_006.mp4,milking,125,248
milking_007.mp4,milking,104,248
milking_008.mp4,milking,55,248
milking_009.mp4,milking,145,248
milking_010.mp4,milking,105,248
milking_011.mp4,milking,51,248
milking_012.mp4,milking,82,248
milking_013.mp4,milking,89,248
milking_014.mp4,milking,100,248
milking_015.mp4,milking,152,248
moonwalk_000.mp4,moonwalk,58,249
moonwalk_001.mp4,moonwalk,70,249
moonwalk_002.mp4,moonwalk,81,249
moonwalk_003.mp4,moonwalk,55,249
moonwalk_004.mp4,moonwalk,39,249
moonwalk_005.mp4,moonwalk,48,249
moonwalk_006.mp4,moonwalk,80,249
moonwalk_007.mp4,moonwalk,96,249
moonwalk_008.mp4,moonwalk,81,249
moonwalk_009.mp4,moonwalk,53,249
moonwalk_010.mp4,moonwalk,39,249
moonwalk_011.mp4,moonwalk,37,249
moonwalk_012.mp4,moonwalk,81,249
moonwalk_013.mp4,moonwalk,23,249
moonwalk_014.mp4,moonwalk,51,249
moonwalk_015.mp4,moonwalk,52,249
neck_side_pull_stretch_000.mp4,neck_side_pull_stretch,98,250
neck_side_pull_stretch_001.mp4,neck_side_pull_stretch,134,250
neck_side_pull_stretch_002.mp4,neck_side_pull_stretch,63,250
neck_side_pull_stretch_003.mp4,neck_side_pull_stretch,44,250
neck_side_pull_stretch_004.mp4,neck_side_pull_stretch,84,250
neck_side_pull_stretch_005.mp4,neck_side_pull_stretch,138,250
neck_side_pull_stretch_006.mp4,neck_side_pull_stretch,147,250
neck_side_pull_stretch_007.mp4,neck_side_pull_stretch,98,250
neck_side_pull_stretch_008.mp4,neck_side_pull_stretch,53,250
neck_side_pull_stretch_009.mp4,neck_side_pull_stretch,113,250
neck_side_pull_stretch_010.mp4,neck_side_pull_stretch,50,250
neck_side_pull_stretch_011.mp4,neck_side_pull_stretch,174,250
neck_side_pull_stretch_012.mp4,neck_side_pull_stretch,72,250
neck_side_pull_stretch_013.mp4,neck_side_pull_stretch,100,250
neck_side_pull_stretch_014.mp4,neck_side_pull_stretch,70,250
neck_side_pull_stretch_015.mp4,neck_side_pull_stretch,114,250
one_arm_push_up_000.mp4,one_arm_push_up,34,251
one_arm_push_up_001.mp4,one_arm_push_up,153,251
one_arm_push_up_002.mp4,one_arm_push_up,93,251
one_arm_push_up_003.mp4,one_arm_push_up,78,251
one_arm_push_up_004.mp4,one_arm_push_up,62,251
one_arm_push_up_005.mp4,one_arm_push_up,81,251
one_arm_push_up_006.mp4,one_arm_push_up,29,251
one_arm_push_up_007.mp4,one_arm_push_up,220,251
one_arm_push_up_008.mp4,one_arm_push_up,168,251
one_arm_push_up_009.mp4,one_arm_push_up,193,251
one_arm_push_up_010.mp4,one_arm_push_up,156,251
one_arm_push_up_011.mp4,one_arm_push_up,48,251
one_arm_push_up_012.mp4,one_arm_push_up,56,251
one_arm_push_up_013.mp4,one_arm_push_up,52,251
one_arm_push_up_014.mp4,one_arm_push_up,94,251
one_arm_push_up_015.mp4,one_arm_push_up,62,251
opening_door_000.mp4,opening_door,43,252
opening_door_001.mp4,opening_door,30,252
opening_door_002.mp4,opening_door,16,252
opening_door_003.mp4,opening_door,35,252
opening_door_004.mp4,opening_door,27,252
opening_door_005.mp4,opening_door,42,252
opening_door_006.mp4,opening_door,31,252
opening_door_007.mp4,opening_door,61,252
opening_door_008.mp4,opening_door,37,252
opening_door_009.mp4,opening_door,29,252
opening_door_010.mp4,opening_door,22,252
opening_door_011.mp4,opening_door,34,252
opening_door_012.mp4,opening_door,28,252
opening_door_013.mp4,opening_door,42,252
opening_door_014.mp4,opening_door,60,252
opening_door_015.mp4,opening_door,23,252
pancake_flip_000.mp4,pancake_flip,27,253
pancake_flip_001.mp4,pancake_flip,37,253
pancake_flip_002.mp4,pancake_flip,55,253
pancake_flip_003.mp4,pancake_flip,40,253
pancake_flip_004.mp4,pancake_flip,39,253
pancake_flip_005.mp4,pancake_flip,50,253
pancake_flip_006.mp4,pancake_flip,51,253
pancake_flip_007.mp4,pancake_flip,73,253
pancake_flip_008.mp4,pancake_flip,21,253
pancake_flip_009.mp4,pancake_flip,39,253
pancake_flip_010.mp4,pancake_flip,29,253
pancake_flip_011.mp4,pancake_flip,30,253
pancake_flip_012.mp4,pancake_flip,19,253
pancake_flip_013.mp4,pancake_flip,36,253
pancake_flip_014.mp4,pancake_flip,34,253
pancake_flip_015.mp4,pancake_flip,24,253
paragliding_000.mp4,paragliding,58,254
paragliding_001.mp4,paragliding,57,254
paragliding_002.mp4,paragliding,88,254
paragliding_003.mp4,paragliding,53,254
paragliding_004.mp4,paragliding,85,254
paragliding_005.mp4,paragliding,33,254
paragliding_006.mp4,paragliding,74,254
paragliding_007.mp4,paragliding,47,254
paragliding_008.mp4,paragliding,80,254
paragliding_009.mp4,paragliding,36,254
paragliding_010.mp4,paragliding,100,254
paragliding_011.mp4,paragliding,69,254
paragliding_012.mp4,paragliding,35,254
paragliding_013.mp4,paragliding,78,254
paragliding_014.mp4,paragliding,34,254
paragliding_015.mp4,paragliding,117,254
peeling_banana_000.mp4,peeling_banana,16,255
peeling_banana_001.mp4,peeling_banana,51,255
peeling_banana_002.mp4,peeling_banana,43,255
peeling_banana_003.mp4,peeling_banana,28,255
peeling_banana_004.mp4,peeling_banana,40,255
peeling_banana_005.mp4,peeling_banana,95,255
peeling_banana_006.mp4,peeling_banana,20,255
peeling_banana_007.mp4,peeling_banana,58,255
peeling_banana_008.mp4,peeling_banana,77,255
peeling_banana_009.mp4,peeling_banana,63,255
peeling_banana_010.mp4,peeling_banana,51,255
peeling_banana_011.mp4,peeling_banana,105,255
peeling_banana_012.mp4,peeling_banana,49,255
peeling_banana_013.mp4,peeling_banana,72,255
peeling_banana_014.mp4,peeling_banana,68,255
peeling_banana_015.mp4,peeling_banana,11,255
petanque_throw_000.mp4,petanque_throw,35,256
petanque_throw_001.mp4,petanque_throw,67,256
petanque_throw_002.mp4,petanque_throw,64,256
petanque_throw_003.mp4,petanque_throw,32,256
petanque_throw_004.mp4,petanque_throw,44,256
petanque_throw_005.mp4,petanque_throw,50,256
petanque_throw_006.mp4,petanque_throw,58,256
petanque_throw_007.mp4,petanque_throw,37,256
petanque_throw_008.mp4,petanque_throw,15,256
petanque_throw_009.mp4,petanque_throw,45,256
petanque_throw_010.mp4,petanque_throw,65,256
petanque_throw_011.mp4,petanque_throw,43,256
petanque_throw_012.mp4,petanque_throw,67,256
petanque_throw_013.mp4,petanque_throw,76,256
petanque_throw_014.mp4,petanque_throw,46,256
petanque_throw_015.mp4,petanque_throw,33,256
piggyback_ride_000.mp4,piggyback_ride,32,257
piggyback_ride_001.mp4,piggyback_ride,14,257
piggyback_ride_002.mp4,piggyback_ride,41,257
piggyback_ride_003.mp4,piggyback_ride,111,257
piggyback_ride_004.mp4,piggyback_ride,28,257
piggyback_ride_005.mp4,piggyback_ride,43,257
piggyback_ride_006.mp4,piggyback_ride,21,257
piggyback_ride_007.mp4,piggyback_ride,72,257
piggyback_ride_008.mp4,piggyback_ride,109,257
piggyback_ride_009.mp4,piggyback_ride,139,257
piggyback_ride_010.mp4,piggyback_ride,50,257
piggyback_ride_011.mp4,piggyback_ride,79,257
piggyback_ride_012.mp4,piggyback_ride,40,257
piggyback_ride_013.mp4,piggyback_ride,56,257
piggyback_ride_014.mp4,piggyback_ride,26,257
piggyback_ride_015.mp4,piggyback_ride,151,257
pirouette_000.mp4,pirouette,228,258
pirouette_001.mp4,pirouette,66,258
pirouette_002.mp4,pirouette,92,258
pirouette_003.mp4,pirouette,88,258
pirouette_004.mp4,pirouette,118,258
pirouette_005.mp4,pirouette,108,258
pirouette_006.mp4,pirouette,56,258
pirouette_007.mp4,pirouette,112,258
pirouette_008.mp4,pirouette,55,258
pirouette_009.mp4,pirouette,75,258
pirouette_010.mp4,pirouette,65,258
pirouette_011.mp4,pirouette,92,258
pirouette_012.mp4,pirouette,81,258
pirouette_013.mp4,pirouette,58,258
pirouette_014.mp4,pirouette,42,258
pirouette_015.mp4,pirouette,67,258
pizza_dough_toss_000.mp4,pizza_dough_toss,73,259
pizza_dough_toss_001.mp4,pizza_dough_toss,20,259
pizza_dough_toss_002.mp4,pizza_dough_toss,18,259
pizza_dough_toss_003.mp4,pizza_dough_toss,31,259
pizza_dough_toss_004.mp4,pizza_dough_toss,37,259
pizza_dough_toss_005.mp4,pizza_dough_toss,35,259
pizza_dough_toss_006.mp4,pizza_dough_toss,31,259
pizza_dough_toss_007.mp4,pizza_dough_toss,72,259
pizza_dough_toss_008.mp4,pizza_dough_toss,44,259
pizza_dough_toss_009.mp4,pizza_dough_toss,31,259
pizza_dough_toss_010.mp4,pizza_dough_toss,34,259
pizza_dough_toss_011.mp4,pizza_dough_toss,35,259
pizza_dough_toss_012.mp4,pizza_dough_toss,28,259
pizza_dough_toss_013.mp4,pizza_dough_toss,33,259
pizza_dough_toss_014.mp4,pizza_dough_toss,54,259
pizza_dough_toss_015.mp4,pizza_dough_toss,31,259
play_ otamatone_000.mp4,play_ otamatone,69,260
play_ otamatone_001.mp4,play_ otamatone,85,260
play_ otamatone_002.mp4,play_ otamatone,73,260
play_ otamatone_003.mp4,play_ otamatone,78,260
play_ otamatone_004.mp4,play_ otamatone,75,260
play_ otamatone_005.mp4,play_ otamatone,60,260
play_ otamatone_006.mp4,play_ otamatone,43,260
play_ otamatone_007.mp4,play_ otamatone,38,260
play_ otamatone_008.mp4,play_ otamatone,91,260
play_ otamatone_009.mp4,play_ otamatone,36,260
play_ otamatone_010.mp4,play_ otamatone,54,260
play_ otamatone_011.mp4,play_ otamatone,33,260
play_ otamatone_012.mp4,play_ otamatone,71,260
play_ otamatone_013.mp4,play_ otamatone,64,260
play_ otamatone_014.mp4,play_ otamatone,84,260
play_ otamatone_015.mp4,play_ otamatone,41,260
play_ piccolo_000.mp4,play_ piccolo,67,261
play_ piccolo_001.mp4,play_ piccolo,59,261
play_ piccolo_002.mp4,play_ piccolo,68,261
play_ piccolo_003.mp4,play_ piccolo,69,261
play_ piccolo_004.mp4,play_ piccolo,62,261
play_ piccolo_005.mp4,play_ piccolo,48,261
play_ piccolo_006.mp4,play_ piccolo,43,261
play_ piccolo_007.mp4,play_ piccolo,51,261
play_ piccolo_008.mp4,play_ piccolo,42,261
play_ piccolo_009.mp4,play_ piccolo,52,261
play_ piccolo_010.mp4,play_ piccolo,70,261
play_ piccolo_011.mp4,play_ piccolo,45,261
play_ piccolo_012.mp4,play_ piccolo,102,261
play_ piccolo_013.mp4,play_ piccolo,105,261
play_ piccolo_014.mp4,play_ piccolo,89,261
play_ piccolo_015.mp4,play_ piccolo,45,261
play_accordian_000.mp4,play_accordian,57,262
play_accordian_001.mp4,play_accordian,31,262
play_accordian_002.mp4,play_accordian,68,262
play_accordian_003.mp4,play_accordian,66,262
play_accordian_004.mp4,play_accordian,75,262
play_accordian_005.mp4,play_accordian,99,262
play_accordian_006.mp4,play_accordian,63,262
play_accordian_007.mp4,play_accordian,57,262
play_accordian_008.mp4,play_accordian,59,262
play_accordian_009.mp4,play_accordian,70,262
play_accordian_010.mp4,play_accordian,58,262
play_accordian_011.mp4,play_accordian,68,262
play_accordian_012.mp4,play_accordian,77,262
play_accordian_013.mp4,play_accordian,65,262
play_accordian_014.mp4,play_accordian,64,262
play_accordian_015.mp4,play_accordian,70,262
play_bagpipes_000.mp4,play_bagpipes,76,263
play_bagpipes_001.mp4,play_bagpipes,25,263
play_bagpipes_002.mp4,play_bagpipes,79,263
play_bagpipes_003.mp4,play_bagpipes,43,263
play_bagpipes_004.mp4,play_bagpipes,44,263
play_bagpipes_005.mp4,play_bagpipes,49,263
play_bagpipes_006.mp4,play_bagpipes,71,263
play_bagpipes_007.mp4,play_bagpipes,63,263
play_bagpipes_008.mp4,play_bagpipes,99,263
play_bagpipes_009.mp4,play_bagpipes,76,263
play_bagpipes_010.mp4,play_bagpipes,91,263
play_bagpipes_011.mp4,play_bagpipes,83,263
play_bagpipes_012.mp4,play_bagpipes,85,263
play_bagpipes_013.mp4,play_bagpipes,32,263
play_bagpipes_014.mp4,play_bagpipes,60,263
play_bagpipes_015.mp4,play_bagpipes,91,263
play_bangu_000.mp4,play_bangu,41,264
play_bangu_001.mp4,play_bangu,46,264
play_bangu_002.mp4,play_bangu,60,264
play_bangu_003.mp4,play_bangu,24,264
play_bangu_004.mp4,play_bangu,100,264
play_bangu_005.mp4,play_bangu,42,264
play_bangu_006.mp4,play_bangu,62,264
play_bangu_007.mp4,play_bangu,60,264
play_bangu_008.mp4,play_bangu,45,264
play_bangu_009.mp4,play_bangu,39,264
play_bangu_010.mp4,play_bangu,50,264
play_bangu_011.mp4,play_bangu,78,264
play_bangu_012.mp4,play_bangu,51,264
play_bangu_013.mp4,play_bangu,66,264
play_bangu_014.mp4,play_bangu,92,264
play_bangu_015.mp4,play_bangu,46,264
play_banjo_000.mp4,play_banjo,37,265
play_banjo_001.mp4,play_banjo,38,265
play_banjo_002.mp4,play_banjo,48,265
play_banjo_003.mp4,play_banjo,54,265
play_banjo_004.mp4,play_banjo,67,265
play_banjo_005.mp4,play_banjo,50,265
play_banjo_006.mp4,play_banjo,53,265
play_banjo_007.mp4,play_banjo,72,265
play_banjo_008.mp4,play_banjo,33,265
play_banjo_009.mp4,play_banjo,54,265
play_banjo_010.mp4,play_banjo,61,265
play_banjo_011.mp4,play_banjo,61,265
play_banjo_012.mp4,play_banjo,62,265
play_banjo_013.mp4,play_banjo,51,265
play_banjo_014.mp4,play_banjo,56,265
play_banjo_015.mp4,play_banjo,62,265
play_castanets_000.mp4,play_castanets,34,266
play_castanets_001.mp4,play_castanets,43,266
play_castanets_002.mp4,play_castanets,38,266
play_castanets_003.mp4,play_castanets,35,266
play_castanets_004.mp4,play_castanets,68,266
play_castanets_005.mp4,play_castanets,38,266
play_castanets_006.mp4,play_castanets,31,266
play_castanets_007.mp4,play_castanets,48,266
play_castanets_008.mp4,play_castanets,37,266
play_castanets_009.mp4,play_castanets,36,266
play_castanets_010.mp4,play_castanets,72,266
play_castanets_011.mp4,play_castanets,25,266
play_castanets_012.mp4,play_castanets,45,266
play_castanets_013.mp4,play_castanets,52,266
play_castanets_014.mp4,play_castanets,50,266
play_castanets_015.mp4,play_castanets,44,266
play_cello_000.mp4,play_cello,150,267
play_cello_001.mp4,play_cello,90,267
play_cello_002.mp4,play_cello,75,267
play_cello_003.mp4,play_cello,90,267
play_cello_004.mp4,play_cello,72,267
play_cello_005.mp4,play_cello,72,267
play_cello_006.mp4,play_cello,75,267
play_cello_007.mp4,play_cello,90,267
play_cello_008.mp4,play_cello,72,267
play_cello_009.mp4,play_cello,72,267
play_cello_010.mp4,play_cello,125,267
play_cello_011.mp4,play_cello,90,267
play_cello_012.mp4,play_cello,75,267
play_cello_013.mp4,play_cello,75,267
play_cello_014.mp4,play_cello,75,267
play_cello_015.mp4,play_cello,90,267
play_clarinet_000.mp4,play_clarinet,84,268
play_clarinet_001.mp4,play_clarinet,86,268
play_clarinet_002.mp4,play_clarinet,78,268
play_clarinet_003.mp4,play_clarinet,51,268
play_clarinet_004.mp4,play_clarinet,92,268
play_clarinet_005.mp4,play_clarinet,85,268
play_clarinet_006.mp4,play_clarinet,61,268
play_clarinet_007.mp4,play_clarinet,90,268
play_clarinet_008.mp4,play_clarinet,106,268
play_clarinet_009.mp4,play_clarinet,115,268
play_clarinet_010.mp4,play_clarinet,113,268
play_clarinet_011.mp4,play_clarinet,125,268
play_clarinet_012.mp4,play_clarinet,101,268
play_clarinet_013.mp4,play_clarinet,98,268
play_clarinet_014.mp4,play_clarinet,89,268
play_clarinet_015.mp4,play_clarinet,74,268
play_cornett_000.mp4,play_cornett,57,269
play_cornett_001.mp4,play_cornett,56,269
play_cornett_002.mp4,play_cornett,32,269
play_cornett_003.mp4,play_cornett,47,269
play_cornett_004.mp4,play_cornett,75,269
play_cornett_005.mp4,play_cornett,79,269
play_cornett_006.mp4,play_cornett,42,269
play_cornett_007.mp4,play_cornett,67,269
play_cornett_008.mp4,play_cornett,56,269
play_cornett_009.mp4,play_cornett,58,269
play_cornett_010.mp4,play_cornett,59,269
play_cornett_011.mp4,play_cornett,54,269
play_cornett_012.mp4,play_cornett,40,269
play_cornett_013.mp4,play_cornett,58,269
play_cornett_014.mp4,play_cornett,85,269
play_cornett_015.mp4,play_cornett,62,269
play_cymbals_000.mp4,play_cymbals,35,270
play_cymbals_001.mp4,play_cymbals,58,270
play_cymbals_002.mp4,play_cymbals,10,270
play_cymbals_003.mp4,play_cymbals,24,270
play_cymbals_004.mp4,play_cymbals,18,270
play_cymbals_005.mp4,play_cymbals,20,270
play_cymbals_006.mp4,play_cymbals,31,270
play_cymbals_007.mp4,play_cymbals,30,270
play_cymbals_008.mp4,play_cymbals,39,270
play_cymbals_009.mp4,play_cymbals,21,270
play_cymbals_010.mp4,play_cymbals,57,270
play_cymbals_011.mp4,play_cymbals,8,270
play_cymbals_012.mp4,play_cymbals,12,270
play_cymbals_013.mp4,play_cymbals,79,270
play_cymbals_014.mp4,play_cymbals,54,270
play_cymbals_015.mp4,play_cymbals,24,270
play_diabolo_000.mp4,play_diabolo,46,271
play_diabolo_001.mp4,play_diabolo,42,271
play_diabolo_002.mp4,play_diabolo,27,271
play_diabolo_003.mp4,play_diabolo,36,271
play_diabolo_004.mp4,play_diabolo,38,271
play_diabolo_005.mp4,play_diabolo,40,271
play_diabolo_006.mp4,play_diabolo,23,271
play_diabolo_007.mp4,play_diabolo,41,271
play_diabolo_008.mp4,play_diabolo,34,271
play_diabolo_009.mp4,play_diabolo,44,271
play_diabolo_010.mp4,play_diabolo,46,271
play_diabolo_011.mp4,play_diabolo,21,271
play_diabolo_012.mp4,play_diabolo,47,271
play_diabolo_013.mp4,play_diabolo,35,271
play_diabolo_014.mp4,play_diabolo,45,271
play_diabolo_015.mp4,play_diabolo,46,271
play_doublebass_000.mp4,play_doublebass,63,272
play_doublebass_001.mp4,play_doublebass,36,272
play_doublebass_002.mp4,play_doublebass,62,272
play_doublebass_003.mp4,play_doublebass,86,272
play_doublebass_004.mp4,play_doublebass,50,272
play_doublebass_005.mp4,play_doublebass,80,272
play_doublebass_006.mp4,play_doublebass,73,272
play_doublebass_007.mp4,play_doublebass,75,272
play_doublebass_008.mp4,play_doublebass,73,272
play_doublebass_009.mp4,play_doublebass,56,272
play_doublebass_010.mp4,play_doublebass,54,272
play_doublebass_011.mp4,play_doublebass,80,272
play_doublebass_012.mp4,play_doublebass,40,272
play_doublebass_013.mp4,play_doublebass,62,272
play_doublebass_014.mp4,play_doublebass,51,272
play_doublebass_015.mp4,play_doublebass,42,272
play_erhu_000.mp4,play_erhu,90,273
play_erhu_001.mp4,play_erhu,90,273
play_erhu_002.mp4,play_erhu,75,273
play_erhu_003.mp4,play_erhu,75,273
play_erhu_004.mp4,play_erhu,75,273
play_erhu_005.mp4,play_erhu,75,273
play_erhu_006.mp4,play_erhu,72,273
play_erhu_007.mp4,play_erhu,90,273
play_erhu_008.mp4,play_erhu,75,273
play_erhu_009.mp4,play_erhu,90,273
play_erhu_010.mp4,play_erhu,72,273
play_erhu_011.mp4,play_erhu,75,273
play_erhu_012.mp4,play_erhu,90,273
play_erhu_013.mp4,play_erhu,125,273
play_erhu_014.mp4,play_erhu,72,273
play_erhu_015.mp4,play_erhu,75,273
play_gong_000.mp4,play_gong,48,274
play_gong_001.mp4,play_gong,40,274
play_gong_002.mp4,play_gong,74,274
play_gong_003.mp4,play_gong,31,274
play_gong_004.mp4,play_gong,63,274
play_gong_005.mp4,play_gong,54,274
play_gong_006.mp4,play_gong,95,274
play_gong_007.mp4,play_gong,65,274
play_gong_008.mp4,play_gong,75,274
play_gong_009.mp4,play_gong,37,274
play_gong_010.mp4,play_gong,66,274
play_gong_011.mp4,play_gong,45,274
play_gong_012.mp4,play_gong,40,274
play_gong_013.mp4,play_gong,39,274
play_gong_014.mp4,play_gong,81,274
play_gong_015.mp4,play_gong,58,274
play_grandpiano_000.mp4,play_grandpiano,91,275
play_grandpiano_001.mp4,play_grandpiano,45,275
play_grandpiano_002.mp4,play_grandpiano,71,275
play_grandpiano_003.mp4,play_grandpiano,83,275
play_grandpiano_004.mp4,play_grandpiano,73,275
play_grandpiano_005.mp4,play_grandpiano,86,275
play_grandpiano_006.mp4,play_grandpiano,67,275
play_grandpiano_007.mp4,play_grandpiano,78,275
play_grandpiano_008.mp4,play_grandpiano,92,275
play_grandpiano_009.mp4,play_grandpiano,29,275
play_grandpiano_010.mp4,play_grandpiano,126,275
play_grandpiano_011.mp4,play_grandpiano,74,275
play_grandpiano_012.mp4,play_grandpiano,84,275
play_grandpiano_013.mp4,play_grandpiano,80,275
play_grandpiano_014.mp4,play_grandpiano,87,275
play_grandpiano_015.mp4,play_grandpiano,89,275
play_guitar_000.mp4,play_guitar,54,276
play_guitar_001.mp4,play_guitar,84,276
play_guitar_002.mp4,play_guitar,85,276
play_guitar_003.mp4,play_guitar,48,276
play_guitar_004.mp4,play_guitar,149,276
play_guitar_005.mp4,play_guitar,47,276
play_guitar_006.mp4,play_guitar,103,276
play_guitar_007.mp4,play_guitar,70,276
play_guitar_008.mp4,play_guitar,61,276
play_guitar_009.mp4,play_guitar,438,276
play_guitar_010.mp4,play_guitar,76,276
play_guitar_011.mp4,play_guitar,114,276
play_guitar_012.mp4,play_guitar,64,276
play_guitar_013.mp4,play_guitar,93,276
play_guitar_014.mp4,play_guitar,88,276
play_guitar_015.mp4,play_guitar,127,276
play_handpan_000.mp4,play_handpan,47,277
play_handpan_001.mp4,play_handpan,43,277
play_handpan_002.mp4,play_handpan,66,277
play_handpan_003.mp4,play_handpan,46,277
play_handpan_004.mp4,play_handpan,49,277
play_handpan_005.mp4,play_handpan,62,277
play_handpan_006.mp4,play_handpan,53,277
play_handpan_007.mp4,play_handpan,38,277
play_handpan_008.mp4,play_handpan,34,277
play_handpan_009.mp4,play_handpan,50,277
play_handpan_010.mp4,play_handpan,34,277
play_handpan_011.mp4,play_handpan,52,277
play_handpan_012.mp4,play_handpan,52,277
play_handpan_013.mp4,play_handpan,47,277
play_handpan_014.mp4,play_handpan,50,277
play_handpan_015.mp4,play_handpan,42,277
play_harmonica_000.mp4,play_harmonica,97,278
play_harmonica_001.mp4,play_harmonica,87,278
play_harmonica_002.mp4,play_harmonica,82,278
play_harmonica_003.mp4,play_harmonica,60,278
play_harmonica_004.mp4,play_harmonica,78,278
play_harmonica_005.mp4,play_harmonica,63,278
play_harmonica_006.mp4,play_harmonica,68,278
play_harmonica_007.mp4,play_harmonica,40,278
play_harmonica_008.mp4,play_harmonica,84,278
play_harmonica_009.mp4,play_harmonica,62,278
play_harmonica_010.mp4,play_harmonica,123,278
play_harmonica_011.mp4,play_harmonica,40,278
play_harmonica_012.mp4,play_harmonica,90,278
play_harmonica_013.mp4,play_harmonica,85,278
play_harmonica_014.mp4,play_harmonica,152,278
play_harmonica_015.mp4,play_harmonica,78,278
play_harp_000.mp4,play_harp,122,279
play_harp_001.mp4,play_harp,189,279
play_harp_002.mp4,play_harp,138,279
play_harp_003.mp4,play_harp,121,279
play_harp_004.mp4,play_harp,95,279
play_harp_005.mp4,play_harp,109,279
play_harp_006.mp4,play_harp,153,279
play_harp_007.mp4,play_harp,70,279
play_harp_008.mp4,play_harp,64,279
play_harp_009.mp4,play_harp,71,279
play_harp_010.mp4,play_harp,126,279
play_harp_011.mp4,play_harp,76,279
play_harp_012.mp4,play_harp,107,279
play_harp_013.mp4,play_harp,51,279
play_harp_014.mp4,play_harp,92,279
play_harp_015.mp4,play_harp,36,279
play_hulahoop_000.mp4,play_hulahoop,757,280
play_hulahoop_001.mp4,play_hulahoop,106,280
play_hulahoop_002.mp4,play_hulahoop,88,280
play_hulahoop_003.mp4,play_hulahoop,136,280
play_hulahoop_004.mp4,play_hulahoop,67,280
play_hulahoop_005.mp4,play_hulahoop,152,280
play_hulahoop_006.mp4,play_hulahoop,135,280
play_hulahoop_007.mp4,play_hulahoop,106,280
play_hulahoop_008.mp4,play_hulahoop,105,280
play_hulahoop_009.mp4,play_hulahoop,121,280
play_hulahoop_010.mp4,play_hulahoop,72,280
play_hulahoop_011.mp4,play_hulahoop,51,280
play_hulahoop_012.mp4,play_hulahoop,69,280
play_hulahoop_013.mp4,play_hulahoop,91,280
play_hulahoop_014.mp4,play_hulahoop,75,280
play_hulahoop_015.mp4,play_hulahoop,106,280
play_hulusi_000.mp4,play_hulusi,43,281
play_hulusi_001.mp4,play_hulusi,42,281
play_hulusi_002.mp4,play_hulusi,53,281
play_hulusi_003.mp4,play_hulusi,42,281
play_hulusi_004.mp4,play_hulusi,47,281
play_hulusi_005.mp4,play_hulusi,40,281
play_hulusi_006.mp4,play_hulusi,59,281
play_hulusi_007.mp4,play_hulusi,75,281
play_hulusi_008.mp4,play_hulusi,33,281
play_hulusi_009.mp4,play_hulusi,50,281
play_hulusi_010.mp4,play_hulusi,72,281
play_hulusi_011.mp4,play_hulusi,60,281
play_hulusi_012.mp4,play_hulusi,58,281
play_hulusi_013.mp4,play_hulusi,53,281
play_hulusi_014.mp4,play_hulusi,67,281
play_hulusi_015.mp4,play_hulusi,34,281
play_jazzdrum_000.mp4,play_jazzdrum,139,282
play_jazzdrum_001.mp4,play_jazzdrum,165,282
play_jazzdrum_002.mp4,play_jazzdrum,76,282
play_jazzdrum_003.mp4,play_jazzdrum,214,282
play_jazzdrum_004.mp4,play_jazzdrum,393,282
play_jazzdrum_005.mp4,play_jazzdrum,166,282
play_jazzdrum_006.mp4,play_jazzdrum,276,282
play_jazzdrum_007.mp4,play_jazzdrum,316,282
play_jazzdrum_008.mp4,play_jazzdrum,101,282
play_jazzdrum_009.mp4,play_jazzdrum,166,282
play_jazzdrum_010.mp4,play_jazzdrum,466,282
play_jazzdrum_011.mp4,play_jazzdrum,42,282
play_jazzdrum_012.mp4,play_jazzdrum,137,282
play_jazzdrum_013.mp4,play_jazzdrum,133,282
play_jazzdrum_014.mp4,play_jazzdrum,91,282
play_jazzdrum_015.mp4,play_jazzdrum,136,282
play_kendama_000.mp4,play_kendama,41,283
play_kendama_001.mp4,play_kendama,58,283
play_kendama_002.mp4,play_kendama,57,283
play_kendama_003.mp4,play_kendama,51,283
play_kendama_004.mp4,play_kendama,27,283
play_kendama_005.mp4,play_kendama,38,283
play_kendama_006.mp4,play_kendama,49,283
play_kendama_007.mp4,play_kendama,48,283
play_kendama_008.mp4,play_kendama,61,283
play_kendama_009.mp4,play_kendama,51,283
play_kendama_010.mp4,play_kendama,54,283
play_kendama_011.mp4,play_kendama,55,283
play_kendama_012.mp4,play_kendama,75,283
play_kendama_013.mp4,play_kendama,52,283
play_kendama_014.mp4,play_kendama,38,283
play_kendama_015.mp4,play_kendama,56,283
play_leaf-flute_000.mp4,play_leaf-flute,115,284
play_leaf-flute_001.mp4,play_leaf-flute,51,284
play_leaf-flute_002.mp4,play_leaf-flute,42,284
play_leaf-flute_003.mp4,play_leaf-flute,52,284
play_leaf-flute_004.mp4,play_leaf-flute,33,284
play_leaf-flute_005.mp4,play_leaf-flute,30,284
play_leaf-flute_006.mp4,play_leaf-flute,31,284
play_leaf-flute_007.mp4,play_leaf-flute,42,284
play_leaf-flute_008.mp4,play_leaf-flute,28,284
play_leaf-flute_009.mp4,play_leaf-flute,78,284
play_leaf-flute_010.mp4,play_leaf-flute,32,284
play_leaf-flute_011.mp4,play_leaf-flute,47,284
play_leaf-flute_012.mp4,play_leaf-flute,49,284
play_leaf-flute_013.mp4,play_leaf-flute,73,284
play_leaf-flute_014.mp4,play_leaf-flute,30,284
play_leaf-flute_015.mp4,play_leaf-flute,51,284
play_lute_000.mp4,play_lute,70,285
play_lute_001.mp4,play_lute,132,285
play_lute_002.mp4,play_lute,77,285
play_lute_003.mp4,play_lute,50,285
play_lute_004.mp4,play_lute,77,285
play_lute_005.mp4,play_lute,50,285
play_lute_006.mp4,play_lute,54,285
play_lute_007.mp4,play_lute,60,285
play_lute_008.mp4,play_lute,59,285
play_lute_009.mp4,play_lute,74,285
play_lute_010.mp4,play_lute,75,285
play_lute_011.mp4,play_lute,83,285
play_lute_012.mp4,play_lute,39,285
play_lute_013.mp4,play_lute,59,285
play_lute_014.mp4,play_lute,78,285
play_lute_015.mp4,play_lute,89,285
play_maracas_000.mp4,play_maracas,48,286
play_maracas_001.mp4,play_maracas,47,286
play_maracas_002.mp4,play_maracas,54,286
play_maracas_003.mp4,play_maracas,58,286
play_maracas_004.mp4,play_maracas,48,286
play_maracas_005.mp4,play_maracas,38,286
play_maracas_006.mp4,play_maracas,36,286
play_maracas_007.mp4,play_maracas,52,286
play_maracas_008.mp4,play_maracas,45,286
play_maracas_009.mp4,play_maracas,39,286
play_maracas_010.mp4,play_maracas,65,286
play_maracas_011.mp4,play_maracas,48,286
play_maracas_012.mp4,play_maracas,59,286
play_maracas_013.mp4,play_maracas,49,286
play_maracas_014.mp4,play_maracas,65,286
play_maracas_015.mp4,play_maracas,54,286
play_melodic_000.mp4,play_melodic,59,287
play_melodic_001.mp4,play_melodic,43,287
play_melodic_002.mp4,play_melodic,56,287
play_melodic_003.mp4,play_melodic,56,287
play_melodic_004.mp4,play_melodic,58,287
play_melodic_005.mp4,play_melodic,52,287
play_melodic_006.mp4,play_melodic,62,287
play_melodic_007.mp4,play_melodic,43,287
play_melodic_008.mp4,play_melodic,64,287
play_melodic_009.mp4,play_melodic,58,287
play_melodic_010.mp4,play_melodic,52,287
play_melodic_011.mp4,play_melodic,53,287
play_melodic_012.mp4,play_melodic,68,287
play_melodic_013.mp4,play_melodic,62,287
play_melodic_014.mp4,play_melodic,67,287
play_melodic_015.mp4,play_melodic,57,287
play_noseflute_000.mp4,play_noseflute,45,288
play_noseflute_001.mp4,play_noseflute,50,288
play_noseflute_002.mp4,play_noseflute,43,288
play_noseflute_003.mp4,play_noseflute,33,288
play_noseflute_004.mp4,play_noseflute,37,288
play_noseflute_005.mp4,play_noseflute,52,288
play_noseflute_006.mp4,play_noseflute,48,288
play_noseflute_007.mp4,play_noseflute,39,288
play_noseflute_008.mp4,play_noseflute,79,288
play_noseflute_009.mp4,play_noseflute,52,288
play_noseflute_010.mp4,play_noseflute,47,288
play_noseflute_011.mp4,play_noseflute,31,288
play_noseflute_012.mp4,play_noseflute,65,288
play_noseflute_013.mp4,play_noseflute,21,288
play_noseflute_014.mp4,play_noseflute,41,288
play_noseflute_015.mp4,play_noseflute,55,288
play_ocarina_000.mp4,play_ocarina,43,289
play_ocarina_001.mp4,play_ocarina,88,289
play_ocarina_002.mp4,play_ocarina,56,289
play_ocarina_003.mp4,play_ocarina,99,289
play_ocarina_004.mp4,play_ocarina,43,289
play_ocarina_005.mp4,play_ocarina,27,289
play_ocarina_006.mp4,play_ocarina,42,289
play_ocarina_007.mp4,play_ocarina,30,289
play_ocarina_008.mp4,play_ocarina,54,289
play_ocarina_009.mp4,play_ocarina,41,289
play_ocarina_010.mp4,play_ocarina,37,289
play_ocarina_011.mp4,play_ocarina,30,289
play_ocarina_012.mp4,play_ocarina,38,289
play_ocarina_013.mp4,play_ocarina,32,289
play_ocarina_014.mp4,play_ocarina,90,289
play_ocarina_015.mp4,play_ocarina,47,289
play_panpipe_000.mp4,play_panpipe,66,290
play_panpipe_001.mp4,play_panpipe,55,290
play_panpipe_002.mp4,play_panpipe,55,290
play_panpipe_003.mp4,play_panpipe,26,290
play_panpipe_004.mp4,play_panpipe,63,290
play_panpipe_005.mp4,play_panpipe,84,290
play_panpipe_006.mp4,play_panpipe,93,290
play_panpipe_007.mp4,play_panpipe,65,290
play_panpipe_008.mp4,play_panpipe,49,290
play_panpipe_009.mp4,play_panpipe,54,290
play_panpipe_010.mp4,play_panpipe,55,290
play_panpipe_011.mp4,play_panpipe,81,290
play_panpipe_012.mp4,play_panpipe,27,290
play_panpipe_013.mp4,play_panpipe,42,290
play_panpipe_014.mp4,play_panpipe,86,290
play_panpipe_015.mp4,play_panpipe,77,290
play_recorder_000.mp4,play_recorder,37,291
play_recorder_001.mp4,play_recorder,46,291
play_recorder_002.mp4,play_recorder,150,291
play_recorder_003.mp4,play_recorder,133,291
play_recorder_004.mp4,play_recorder,44,291
play_recorder_005.mp4,play_recorder,37,291
play_recorder_006.mp4,play_recorder,95,291
play_recorder_007.mp4,play_recorder,90,291
play_recorder_008.mp4,play_recorder,91,291
play_recorder_009.mp4,play_recorder,109,291
play_recorder_010.mp4,play_recorder,62,291
play_recorder_011.mp4,play_recorder,92,291
play_recorder_012.mp4,play_recorder,85,291
play_recorder_013.mp4,play_recorder,107,291
play_recorder_014.mp4,play_recorder,94,291
play_recorder_015.mp4,play_recorder,51,291
play_sanxian_000.mp4,play_sanxian,38,292
play_sanxian_001.mp4,play_sanxian,55,292
play_sanxian_002.mp4,play_sanxian,53,292
play_sanxian_003.mp4,play_sanxian,31,292
play_sanxian_004.mp4,play_sanxian,52,292
play_sanxian_005.mp4,play_sanxian,36,292
play_sanxian_006.mp4,play_sanxian,45,292
play_sanxian_007.mp4,play_sanxian,73,292
play_sanxian_008.mp4,play_sanxian,69,292
play_sanxian_009.mp4,play_sanxian,42,292
play_sanxian_010.mp4,play_sanxian,27,292
play_sanxian_011.mp4,play_sanxian,44,292
play_sanxian_012.mp4,play_sanxian,31,292
play_sanxian_013.mp4,play_sanxian,47,292
play_sanxian_014.mp4,play_sanxian,49,292
play_sanxian_015.mp4,play_sanxian,45,292
play_saw_000.mp4,play_saw,64,293
play_saw_001.mp4,play_saw,92,293
play_saw_002.mp4,play_saw,50,293
play_saw_003.mp4,play_saw,83,293
play_saw_004.mp4,play_saw,81,293
play_saw_005.mp4,play_saw,38,293
play_saw_006.mp4,play_saw,88,293
play_saw_007.mp4,play_saw,78,293
play_saw_008.mp4,play_saw,66,293
play_saw_009.mp4,play_saw,90,293
play_saw_010.mp4,play_saw,82,293
play_saw_011.mp4,play_saw,106,293
play_saw_012.mp4,play_saw,78,293
play_saw_013.mp4,play_saw,59,293
play_saw_014.mp4,play_saw,59,293
play_saw_015.mp4,play_saw,76,293
play_saxophone_000.mp4,play_saxophone,85,294
play_saxophone_001.mp4,play_saxophone,114,294
play_saxophone_002.mp4,play_saxophone,120,294
play_saxophone_003.mp4,play_saxophone,136,294
play_saxophone_004.mp4,play_saxophone,201,294
play_saxophone_005.mp4,play_saxophone,121,294
play_saxophone_006.mp4,play_saxophone,101,294
play_saxophone_007.mp4,play_saxophone,126,294
play_saxophone_008.mp4,play_saxophone,114,294
play_saxophone_009.mp4,play_saxophone,108,294
play_saxophone_010.mp4,play_saxophone,105,294
play_saxophone_011.mp4,play_saxophone,121,294
play_saxophone_012.mp4,play_saxophone,120,294
play_saxophone_013.mp4,play_saxophone,143,294
play_saxophone_014.mp4,play_saxophone,152,294
play_saxophone_015.mp4,play_saxophone,151,294
play_serpent_000.mp4,play_serpent,34,295
play_serpent_001.mp4,play_serpent,39,295
play_serpent_002.mp4,play_serpent,40,295
play_serpent_003.mp4,play_serpent,64,295
play_serpent_004.mp4,play_serpent,54,295
play_serpent_005.mp4,play_serpent,71,295
play_serpent_006.mp4,play_serpent,49,295
play_serpent_007.mp4,play_serpent,27,295
play_serpent_008.mp4,play_serpent,69,295
play_serpent_009.mp4,play_serpent,37,295
play_serpent_010.mp4,play_serpent,62,295
play_serpent_011.mp4,play_serpent,84,295
play_serpent_012.mp4,play_serpent,71,295
play_serpent_013.mp4,play_serpent,55,295
play_serpent_014.mp4,play_serpent,74,295
play_serpent_015.mp4,play_serpent,81,295
play_sheng_000.mp4,play_sheng,75,296
play_sheng_001.mp4,play_sheng,90,296
play_sheng_002.mp4,play_sheng,96,296
play_sheng_003.mp4,play_sheng,69,296
play_sheng_004.mp4,play_sheng,56,296
play_sheng_005.mp4,play_sheng,98,296
play_sheng_006.mp4,play_sheng,94,296
play_sheng_007.mp4,play_sheng,45,296
play_sheng_008.mp4,play_sheng,71,296
play_sheng_009.mp4,play_sheng,83,296
play_sheng_010.mp4,play_sheng,44,296
play_sheng_011.mp4,play_sheng,86,296
play_sheng_012.mp4,play_sheng,65,296
play_sheng_013.mp4,play_sheng,62,296
play_sheng_014.mp4,play_sheng,67,296
play_sheng_015.mp4,play_sheng,45,296
play_sitar_000.mp4,play_sitar,57,297
play_sitar_001.mp4,play_sitar,32,297
play_sitar_002.mp4,play_sitar,41,297
play_sitar_003.mp4,play_sitar,35,297
play_sitar_004.mp4,play_sitar,94,297
play_sitar_005.mp4,play_sitar,36,297
play_sitar_006.mp4,play_sitar,55,297
play_sitar_007.mp4,play_sitar,32,297
play_sitar_008.mp4,play_sitar,36,297
play_sitar_009.mp4,play_sitar,35,297
play_sitar_010.mp4,play_sitar,35,297
play_sitar_011.mp4,play_sitar,57,297
play_sitar_012.mp4,play_sitar,45,297
play_sitar_013.mp4,play_sitar,45,297
play_sitar_014.mp4,play_sitar,74,297
play_sitar_015.mp4,play_sitar,46,297
play_suona_000.mp4,play_suona,59,298
play_suona_001.mp4,play_suona,58,298
play_suona_002.mp4,play_suona,45,298
play_suona_003.mp4,play_suona,69,298
play_suona_004.mp4,play_suona,59,298
play_suona_005.mp4,play_suona,46,298
play_suona_006.mp4,play_suona,58,298
play_suona_007.mp4,play_suona,67,298
play_suona_008.mp4,play_suona,49,298
play_suona_009.mp4,play_suona,66,298
play_suona_010.mp4,play_suona,45,298
play_suona_011.mp4,play_suona,48,298
play_suona_012.mp4,play_suona,30,298
play_suona_013.mp4,play_suona,56,298
play_suona_014.mp4,play_suona,70,298
play_suona_015.mp4,play_suona,70,298
play_tambourine_000.mp4,play_tambourine,48,299
play_tambourine_001.mp4,play_tambourine,48,299
play_tambourine_002.mp4,play_tambourine,43,299
play_tambourine_003.mp4,play_tambourine,49,299
play_tambourine_004.mp4,play_tambourine,32,299
play_tambourine_005.mp4,play_tambourine,43,299
play_tambourine_006.mp4,play_tambourine,44,299
play_tambourine_007.mp4,play_tambourine,71,299
play_tambourine_008.mp4,play_tambourine,36,299
play_tambourine_009.mp4,play_tambourine,48,299
play_tambourine_010.mp4,play_tambourine,39,299
play_tambourine_011.mp4,play_tambourine,50,299
play_tambourine_012.mp4,play_tambourine,69,299
play_tambourine_013.mp4,play_tambourine,70,299
play_tambourine_014.mp4,play_tambourine,62,299
play_tambourine_015.mp4,play_tambourine,64,299
play_thereminvox_000.mp4,play_thereminvox,67,300
play_thereminvox_001.mp4,play_thereminvox,74,300
play_thereminvox_002.mp4,play_thereminvox,65,300
play_thereminvox_003.mp4,play_thereminvox,75,300
play_thereminvox_004.mp4,play_thereminvox,51,300
play_thereminvox_005.mp4,play_thereminvox,48,300
play_thereminvox_006.mp4,play_thereminvox,61,300
play_thereminvox_007.mp4,play_thereminvox,53,300
play_thereminvox_008.mp4,play_thereminvox,51,300
play_thereminvox_009.mp4,play_thereminvox,48,300
play_thereminvox_010.mp4,play_thereminvox,25,300
play_thereminvox_011.mp4,play_thereminvox,67,300
play_thereminvox_012.mp4,play_thereminvox,59,300
play_thereminvox_013.mp4,play_thereminvox,63,300
play_thereminvox_014.mp4,play_thereminvox,55,300
play_thereminvox_015.mp4,play_thereminvox,59,300
play_timpani_000.mp4,play_timpani,125,301
play_timpani_001.mp4,play_timpani,65,301
play_timpani_002.mp4,play_timpani,135,301
play_timpani_003.mp4,play_timpani,228,301
play_timpani_004.mp4,play_timpani,538,301
play_timpani_005.mp4,play_timpani,710,301
play_timpani_006.mp4,play_timpani,45,301
play_timpani_007.mp4,play_timpani,358,301
play_timpani_008.mp4,play_timpani,71,301
play_timpani_009.mp4,play_timpani,97,301
play_timpani_010.mp4,play_timpani,126,301
play_timpani_011.mp4,play_timpani,53,301
play_timpani_012.mp4,play_timpani,106,301
play_timpani_013.mp4,play_timpani,121,301
play_timpani_014.mp4,play_timpani,149,301
play_timpani_015.mp4,play_timpani,151,301
play_triangle_000.mp4,play_triangle,112,302
play_triangle_001.mp4,play_triangle,105,302
play_triangle_002.mp4,play_triangle,63,302
play_triangle_003.mp4,play_triangle,63,302
play_triangle_004.mp4,play_triangle,46,302
play_triangle_005.mp4,play_triangle,76,302
play_triangle_006.mp4,play_triangle,17,302
play_triangle_007.mp4,play_triangle,60,302
play_triangle_008.mp4,play_triangle,9,302
play_triangle_009.mp4,play_triangle,13,302
play_triangle_010.mp4,play_triangle,51,302
play_triangle_011.mp4,play_triangle,16,302
play_triangle_012.mp4,play_triangle,12,302
play_triangle_013.mp4,play_triangle,50,302
play_triangle_014.mp4,play_triangle,45,302
play_triangle_015.mp4,play_triangle,46,302
play_trombone_000.mp4,play_trombone,106,303
play_trombone_001.mp4,play_trombone,121,303
play_trombone_002.mp4,play_trombone,88,303
play_trombone_003.mp4,play_trombone,105,303
play_trombone_004.mp4,play_trombone,63,303
play_trombone_005.mp4,play_trombone,61,303
play_trombone_006.mp4,play_trombone,63,303
play_trombone_007.mp4,play_trombone,38,303
play_trombone_008.mp4,play_trombone,35,303
play_trombone_009.mp4,play_trombone,47,303
play_trombone_010.mp4,play_trombone,65,303
play_trombone_011.mp4,play_trombone,85,303
play_trombone_012.mp4,play_trombone,76,303
play_trombone_013.mp4,play_trombone,72,303
play_trombone_014.mp4,play_trombone,121,303
play_trombone_015.mp4,play_trombone,106,303
play_trumpet_000.mp4,play_trumpet,93,304
play_trumpet_001.mp4,play_trumpet,61,304
play_trumpet_002.mp4,play_trumpet,92,304
play_trumpet_003.mp4,play_trumpet,113,304
play_trumpet_004.mp4,play_trumpet,133,304
play_trumpet_005.mp4,play_trumpet,93,304
play_trumpet_006.mp4,play_trumpet,190,304
play_trumpet_007.mp4,play_trumpet,75,304
play_trumpet_008.mp4,play_trumpet,38,304
play_trumpet_009.mp4,play_trumpet,254,304
play_trumpet_010.mp4,play_trumpet,90,304
play_trumpet_011.mp4,play_trumpet,126,304
play_trumpet_012.mp4,play_trumpet,105,304
play_trumpet_013.mp4,play_trumpet,122,304
play_trumpet_014.mp4,play_trumpet,126,304
play_trumpet_015.mp4,play_trumpet,102,304
play_ukulele_000.mp4,play_ukulele,221,305
play_ukulele_001.mp4,play_ukulele,86,305
play_ukulele_002.mp4,play_ukulele,120,305
play_ukulele_003.mp4,play_ukulele,121,305
play_ukulele_004.mp4,play_ukulele,25,305
play_ukulele_005.mp4,play_ukulele,153,305
play_ukulele_006.mp4,play_ukulele,146,305
play_ukulele_007.mp4,play_ukulele,119,305
play_ukulele_008.mp4,play_ukulele,89,305
play_ukulele_009.mp4,play_ukulele,138,305
play_ukulele_010.mp4,play_ukulele,96,305
play_ukulele_011.mp4,play_ukulele,108,305
play_ukulele_012.mp4,play_ukulele,67,305
play_ukulele_013.mp4,play_ukulele,161,305
play_ukulele_014.mp4,play_ukulele,115,305
play_ukulele_015.mp4,play_ukulele,114,305
play_viola_000.mp4,play_viola,72,306
play_viola_001.mp4,play_viola,150,306
play_viola_002.mp4,play_viola,90,306
play_viola_003.mp4,play_viola,120,306
play_viola_004.mp4,play_viola,90,306
play_viola_005.mp4,play_viola,90,306
play_viola_006.mp4,play_viola,125,306
play_viola_007.mp4,play_viola,90,306
play_viola_008.mp4,play_viola,90,306
play_viola_009.mp4,play_viola,75,306
play_viola_010.mp4,play_viola,75,306
play_viola_011.mp4,play_viola,63,306
play_viola_012.mp4,play_viola,75,306
play_viola_013.mp4,play_viola,75,306
play_viola_014.mp4,play_viola,120,306
play_viola_015.mp4,play_viola,90,306
play_violin_000.mp4,play_violin,72,307
play_violin_001.mp4,play_violin,72,307
play_violin_002.mp4,play_violin,75,307
play_violin_003.mp4,play_violin,72,307
play_violin_004.mp4,play_violin,150,307
play_violin_005.mp4,play_violin,90,307
play_violin_006.mp4,play_violin,75,307
play_violin_007.mp4,play_violin,75,307
play_violin_008.mp4,play_violin,75,307
play_violin_009.mp4,play_violin,150,307
play_violin_010.mp4,play_violin,72,307
play_violin_011.mp4,play_violin,90,307
play_violin_012.mp4,play_violin,150,307
play_violin_013.mp4,play_violin,150,307
play_violin_014.mp4,play_violin,72,307
play_violin_015.mp4,play_violin,90,307
play_xylophone_000.mp4,play_xylophone,38,308
play_xylophone_001.mp4,play_xylophone,20,308
play_xylophone_002.mp4,play_xylophone,67,308
play_xylophone_003.mp4,play_xylophone,58,308
play_xylophone_004.mp4,play_xylophone,71,308
play_xylophone_005.mp4,play_xylophone,49,308
play_xylophone_006.mp4,play_xylophone,73,308
play_xylophone_007.mp4,play_xylophone,57,308
play_xylophone_008.mp4,play_xylophone,69,308
play_xylophone_009.mp4,play_xylophone,80,308
play_xylophone_010.mp4,play_xylophone,40,308
play_xylophone_011.mp4,play_xylophone,48,308
play_xylophone_012.mp4,play_xylophone,63,308
play_xylophone_013.mp4,play_xylophone,77,308
play_xylophone_014.mp4,play_xylophone,67,308
play_xylophone_015.mp4,play_xylophone,65,308
play_yangqin_000.mp4,play_yangqin,35,309
play_yangqin_001.mp4,play_yangqin,66,309
play_yangqin_002.mp4,play_yangqin,64,309
play_yangqin_003.mp4,play_yangqin,50,309
play_yangqin_004.mp4,play_yangqin,45,309
play_yangqin_005.mp4,play_yangqin,50,309
play_yangqin_006.mp4,play_yangqin,41,309
play_yangqin_007.mp4,play_yangqin,43,309
play_yangqin_008.mp4,play_yangqin,26,309
play_yangqin_009.mp4,play_yangqin,76,309
play_yangqin_010.mp4,play_yangqin,53,309
play_yangqin_011.mp4,play_yangqin,62,309
play_yangqin_012.mp4,play_yangqin,79,309
play_yangqin_013.mp4,play_yangqin,38,309
play_yangqin_014.mp4,play_yangqin,34,309
play_yangqin_015.mp4,play_yangqin,59,309
play_yoyo_000.mp4,play_yoyo,31,310
play_yoyo_001.mp4,play_yoyo,46,310
play_yoyo_002.mp4,play_yoyo,50,310
play_yoyo_003.mp4,play_yoyo,46,310
play_yoyo_004.mp4,play_yoyo,34,310
play_yoyo_005.mp4,play_yoyo,35,310
play_yoyo_006.mp4,play_yoyo,79,310
play_yoyo_007.mp4,play_yoyo,35,310
play_yoyo_008.mp4,play_yoyo,39,310
play_yoyo_009.mp4,play_yoyo,77,310
play_yoyo_010.mp4,play_yoyo,40,310
play_yoyo_011.mp4,play_yoyo,63,310
play_yoyo_012.mp4,play_yoyo,32,310
play_yoyo_013.mp4,play_yoyo,48,310
play_yoyo_014.mp4,play_yoyo,51,310
play_yoyo_015.mp4,play_yoyo,29,310
playing_bass_drum_000.mp4,playing_bass_drum,55,311
playing_bass_drum_001.mp4,playing_bass_drum,43,311
playing_bass_drum_002.mp4,playing_bass_drum,47,311
playing_bass_drum_003.mp4,playing_bass_drum,63,311
playing_bass_drum_004.mp4,playing_bass_drum,64,311
playing_bass_drum_005.mp4,playing_bass_drum,115,311
playing_bass_drum_006.mp4,playing_bass_drum,131,311
playing_bass_drum_007.mp4,playing_bass_drum,77,311
playing_bass_drum_008.mp4,playing_bass_drum,92,311
playing_bass_drum_009.mp4,playing_bass_drum,77,311
playing_bass_drum_010.mp4,playing_bass_drum,74,311
playing_bass_drum_011.mp4,playing_bass_drum,54,311
playing_bass_drum_012.mp4,playing_bass_drum,43,311
playing_bass_drum_013.mp4,playing_bass_drum,63,311
playing_bass_drum_014.mp4,playing_bass_drum,21,311
playing_bass_drum_015.mp4,playing_bass_drum,64,311
playing_cajon_drum_000.mp4,playing_cajon_drum,54,312
playing_cajon_drum_001.mp4,playing_cajon_drum,75,312
playing_cajon_drum_002.mp4,playing_cajon_drum,46,312
playing_cajon_drum_003.mp4,playing_cajon_drum,50,312
playing_cajon_drum_004.mp4,playing_cajon_drum,64,312
playing_cajon_drum_005.mp4,playing_cajon_drum,72,312
playing_cajon_drum_006.mp4,playing_cajon_drum,77,312
playing_cajon_drum_007.mp4,playing_cajon_drum,125,312
playing_cajon_drum_008.mp4,playing_cajon_drum,49,312
playing_cajon_drum_009.mp4,playing_cajon_drum,110,312
playing_cajon_drum_010.mp4,playing_cajon_drum,68,312
playing_cajon_drum_011.mp4,playing_cajon_drum,42,312
playing_cajon_drum_012.mp4,playing_cajon_drum,44,312
playing_cajon_drum_013.mp4,playing_cajon_drum,45,312
playing_cajon_drum_014.mp4,playing_cajon_drum,80,312
playing_cajon_drum_015.mp4,playing_cajon_drum,89,312
playing_conga_drum_000.mp4,playing_conga_drum,105,313
playing_conga_drum_001.mp4,playing_conga_drum,85,313
playing_conga_drum_002.mp4,playing_conga_drum,75,313
playing_conga_drum_003.mp4,playing_conga_drum,65,313
playing_conga_drum_004.mp4,playing_conga_drum,58,313
playing_conga_drum_005.mp4,playing_conga_drum,58,313
playing_conga_drum_006.mp4,playing_conga_drum,48,313
playing_conga_drum_007.mp4,playing_conga_drum,54,313
playing_conga_drum_008.mp4,playing_conga_drum,113,313
playing_conga_drum_009.mp4,playing_conga_drum,98,313
playing_conga_drum_010.mp4,playing_conga_drum,56,313
playing_conga_drum_011.mp4,playing_conga_drum,73,313
playing_conga_drum_012.mp4,playing_conga_drum,73,313
playing_conga_drum_013.mp4,playing_conga_drum,107,313
playing_conga_drum_014.mp4,playing_conga_drum,69,313
playing_conga_drum_015.mp4,playing_conga_drum,94,313
playing_nunchucks_000.mp4,playing_nunchucks,110,314
playing_nunchucks_001.mp4,playing_nunchucks,70,314
playing_nunchucks_002.mp4,playing_nunchucks,76,314
playing_nunchucks_003.mp4,playing_nunchucks,44,314
playing_nunchucks_004.mp4,playing_nunchucks,62,314
playing_nunchucks_005.mp4,playing_nunchucks,32,314
playing_nunchucks_006.mp4,playing_nunchucks,55,314
playing_nunchucks_007.mp4,playing_nunchucks,24,314
playing_nunchucks_008.mp4,playing_nunchucks,52,314
playing_nunchucks_009.mp4,playing_nunchucks,74,314
playing_nunchucks_010.mp4,playing_nunchucks,49,314
playing_nunchucks_011.mp4,playing_nunchucks,63,314
playing_nunchucks_012.mp4,playing_nunchucks,53,314
playing_nunchucks_013.mp4,playing_nunchucks,78,314
playing_nunchucks_014.mp4,playing_nunchucks,76,314
playing_nunchucks_015.mp4,playing_nunchucks,50,314
playing_rubiks_cube_000.mp4,playing_rubiks_cube,43,315
playing_rubiks_cube_001.mp4,playing_rubiks_cube,58,315
playing_rubiks_cube_002.mp4,playing_rubiks_cube,26,315
playing_rubiks_cube_003.mp4,playing_rubiks_cube,81,315
playing_rubiks_cube_004.mp4,playing_rubiks_cube,51,315
playing_rubiks_cube_005.mp4,playing_rubiks_cube,40,315
playing_rubiks_cube_006.mp4,playing_rubiks_cube,57,315
playing_rubiks_cube_007.mp4,playing_rubiks_cube,41,315
playing_rubiks_cube_008.mp4,playing_rubiks_cube,75,315
playing_rubiks_cube_009.mp4,playing_rubiks_cube,38,315
playing_rubiks_cube_010.mp4,playing_rubiks_cube,66,315
playing_rubiks_cube_011.mp4,playing_rubiks_cube,60,315
playing_rubiks_cube_012.mp4,playing_rubiks_cube,77,315
playing_rubiks_cube_013.mp4,playing_rubiks_cube,39,315
playing_rubiks_cube_014.mp4,playing_rubiks_cube,52,315
playing_rubiks_cube_015.mp4,playing_rubiks_cube,54,315
playing_seesaw_000.mp4,playing_seesaw,61,316
playing_seesaw_001.mp4,playing_seesaw,34,316
playing_seesaw_002.mp4,playing_seesaw,107,316
playing_seesaw_003.mp4,playing_seesaw,100,316
playing_seesaw_004.mp4,playing_seesaw,73,316
playing_seesaw_005.mp4,playing_seesaw,37,316
playing_seesaw_006.mp4,playing_seesaw,122,316
playing_seesaw_007.mp4,playing_seesaw,61,316
playing_seesaw_008.mp4,playing_seesaw,39,316
playing_seesaw_009.mp4,playing_seesaw,71,316
playing_seesaw_010.mp4,playing_seesaw,47,316
playing_seesaw_011.mp4,playing_seesaw,62,316
playing_seesaw_012.mp4,playing_seesaw,74,316
playing_seesaw_013.mp4,playing_seesaw,107,316
playing_seesaw_014.mp4,playing_seesaw,63,316
playing_seesaw_015.mp4,playing_seesaw,60,316
playing_snare_drum_000.mp4,playing_snare_drum,105,317
playing_snare_drum_001.mp4,playing_snare_drum,103,317
playing_snare_drum_002.mp4,playing_snare_drum,89,317
playing_snare_drum_003.mp4,playing_snare_drum,31,317
playing_snare_drum_004.mp4,playing_snare_drum,152,317
playing_snare_drum_005.mp4,playing_snare_drum,32,317
playing_snare_drum_006.mp4,playing_snare_drum,47,317
playing_snare_drum_007.mp4,playing_snare_drum,78,317
playing_snare_drum_008.mp4,playing_snare_drum,53,317
playing_snare_drum_009.mp4,playing_snare_drum,52,317
playing_snare_drum_010.mp4,playing_snare_drum,69,317
playing_snare_drum_011.mp4,playing_snare_drum,38,317
playing_snare_drum_012.mp4,playing_snare_drum,45,317
playing_snare_drum_013.mp4,playing_snare_drum,79,317
playing_snare_drum_014.mp4,playing_snare_drum,67,317
playing_snare_drum_015.mp4,playing_snare_drum,56,317
playing_swing_000.mp4,playing_swing,87,318
playing_swing_001.mp4,playing_swing,153,318
playing_swing_002.mp4,playing_swing,77,318
playing_swing_003.mp4,playing_swing,101,318
playing_swing_004.mp4,playing_swing,85,318
playing_swing_005.mp4,playing_swing,53,318
playing_swing_006.mp4,playing_swing,74,318
playing_swing_007.mp4,playing_swing,66,318
playing_swing_008.mp4,playing_swing,54,318
playing_swing_009.mp4,playing_swing,64,318
playing_swing_010.mp4,playing_swing,51,318
playing_swing_011.mp4,playing_swing,47,318
playing_swing_012.mp4,playing_swing,68,318
playing_swing_013.mp4,playing_swing,70,318
playing_swing_014.mp4,playing_swing,54,318
playing_swing_015.mp4,playing_swing,88,318
playing_taiko_drum_000.mp4,playing_taiko_drum,61,319
playing_taiko_drum_001.mp4,playing_taiko_drum,54,319
playing_taiko_drum_002.mp4,playing_taiko_drum,38,319
playing_taiko_drum_003.mp4,playing_taiko_drum,81,319
playing_taiko_drum_004.mp4,playing_taiko_drum,23,319
playing_taiko_drum_005.mp4,playing_taiko_drum,37,319
playing_taiko_drum_006.mp4,playing_taiko_drum,55,319
playing_taiko_drum_007.mp4,playing_taiko_drum,23,319
playing_taiko_drum_008.mp4,playing_taiko_drum,33,319
playing_taiko_drum_009.mp4,playing_taiko_drum,55,319
playing_taiko_drum_010.mp4,playing_taiko_drum,41,319
playing_taiko_drum_011.mp4,playing_taiko_drum,61,319
playing_taiko_drum_012.mp4,playing_taiko_drum,41,319
playing_taiko_drum_013.mp4,playing_taiko_drum,35,319
playing_taiko_drum_014.mp4,playing_taiko_drum,27,319
playing_taiko_drum_015.mp4,playing_taiko_drum,64,319
plunging_toilet_000.mp4,plunging_toilet,60,320
plunging_toilet_001.mp4,plunging_toilet,50,320
plunging_toilet_002.mp4,plunging_toilet,78,320
plunging_toilet_003.mp4,plunging_toilet,126,320
plunging_toilet_004.mp4,plunging_toilet,39,320
plunging_toilet_005.mp4,plunging_toilet,60,320
plunging_toilet_006.mp4,plunging_toilet,28,320
plunging_toilet_007.mp4,plunging_toilet,63,320
plunging_toilet_008.mp4,plunging_toilet,83,320
plunging_toilet_009.mp4,plunging_toilet,60,320
plunging_toilet_010.mp4,plunging_toilet,29,320
plunging_toilet_011.mp4,plunging_toilet,48,320
plunging_toilet_012.mp4,plunging_toilet,92,320
plunging_toilet_013.mp4,plunging_toilet,45,320
plunging_toilet_014.mp4,plunging_toilet,39,320
plunging_toilet_015.mp4,plunging_toilet,26,320
pole_vault_jump_000.mp4,pole_vault_jump,71,321
pole_vault_jump_001.mp4,pole_vault_jump,65,321
pole_vault_jump_002.mp4,pole_vault_jump,99,321
pole_vault_jump_003.mp4,pole_vault_jump,64,321
pole_vault_jump_004.mp4,pole_vault_jump,59,321
pole_vault_jump_005.mp4,pole_vault_jump,62,321
pole_vault_jump_006.mp4,pole_vault_jump,57,321
pole_vault_jump_007.mp4,pole_vault_jump,66,321
pole_vault_jump_008.mp4,pole_vault_jump,74,321
pole_vault_jump_009.mp4,pole_vault_jump,69,321
pole_vault_jump_010.mp4,pole_vault_jump,74,321
pole_vault_jump_011.mp4,pole_vault_jump,64,321
pole_vault_jump_012.mp4,pole_vault_jump,77,321
pole_vault_jump_013.mp4,pole_vault_jump,70,321
pole_vault_jump_014.mp4,pole_vault_jump,35,321
pole_vault_jump_015.mp4,pole_vault_jump,68,321
pole_vault_run_000.mp4,pole_vault_run,46,322
pole_vault_run_001.mp4,pole_vault_run,55,322
pole_vault_run_002.mp4,pole_vault_run,59,322
pole_vault_run_003.mp4,pole_vault_run,27,322
pole_vault_run_004.mp4,pole_vault_run,54,322
pole_vault_run_005.mp4,pole_vault_run,45,322
pole_vault_run_006.mp4,pole_vault_run,23,322
pole_vault_run_007.mp4,pole_vault_run,55,322
pole_vault_run_008.mp4,pole_vault_run,75,322
pole_vault_run_009.mp4,pole_vault_run,30,322
pole_vault_run_010.mp4,pole_vault_run,28,322
pole_vault_run_011.mp4,pole_vault_run,55,322
pole_vault_run_012.mp4,pole_vault_run,55,322
pole_vault_run_013.mp4,pole_vault_run,43,322
pole_vault_run_014.mp4,pole_vault_run,19,322
pole_vault_run_015.mp4,pole_vault_run,50,322
pottery_wheel_000.mp4,pottery_wheel,43,323
pottery_wheel_001.mp4,pottery_wheel,52,323
pottery_wheel_002.mp4,pottery_wheel,101,323
pottery_wheel_003.mp4,pottery_wheel,263,323
pottery_wheel_004.mp4,pottery_wheel,452,323
pottery_wheel_005.mp4,pottery_wheel,43,323
pottery_wheel_006.mp4,pottery_wheel,81,323
pottery_wheel_007.mp4,pottery_wheel,84,323
pottery_wheel_008.mp4,pottery_wheel,34,323
pottery_wheel_009.mp4,pottery_wheel,25,323
pottery_wheel_010.mp4,pottery_wheel,71,323
pottery_wheel_011.mp4,pottery_wheel,47,323
pottery_wheel_012.mp4,pottery_wheel,40,323
pottery_wheel_013.mp4,pottery_wheel,36,323
pottery_wheel_014.mp4,pottery_wheel,42,323
pottery_wheel_015.mp4,pottery_wheel,137,323
pouring_wine_000.mp4,pouring_wine,40,324
pouring_wine_001.mp4,pouring_wine,51,324
pouring_wine_002.mp4,pouring_wine,80,324
pouring_wine_003.mp4,pouring_wine,34,324
pouring_wine_004.mp4,pouring_wine,72,324
pouring_wine_005.mp4,pouring_wine,84,324
pouring_wine_006.mp4,pouring_wine,52,324
pouring_wine_007.mp4,pouring_wine,69,324
pouring_wine_008.mp4,pouring_wine,119,324
pouring_wine_009.mp4,pouring_wine,96,324
pouring_wine_010.mp4,pouring_wine,56,324
pouring_wine_011.mp4,pouring_wine,26,324
pouring_wine_012.mp4,pouring_wine,54,324
pouring_wine_013.mp4,pouring_wine,96,324
pouring_wine_014.mp4,pouring_wine,57,324
pouring_wine_015.mp4,pouring_wine,74,324
pull_ups_000.mp4,pull_ups,116,325
pull_ups_001.mp4,pull_ups,60,325
pull_ups_002.mp4,pull_ups,57,325
pull_ups_003.mp4,pull_ups,55,325
pull_ups_004.mp4,pull_ups,83,325
pull_ups_005.mp4,pull_ups,31,325
pull_ups_006.mp4,pull_ups,83,325
pull_ups_007.mp4,pull_ups,73,325
pull_ups_008.mp4,pull_ups,254,325
pull_ups_009.mp4,pull_ups,78,325
pull_ups_010.mp4,pull_ups,98,325
pull_ups_011.mp4,pull_ups,95,325
pull_ups_012.mp4,pull_ups,81,325
pull_ups_013.mp4,pull_ups,44,325
pull_ups_014.mp4,pull_ups,131,325
pull_ups_015.mp4,pull_ups,83,325
punching_sandbag_000.mp4,punching_sandbag,68,326
punching_sandbag_001.mp4,punching_sandbag,44,326
punching_sandbag_002.mp4,punching_sandbag,47,326
punching_sandbag_003.mp4,punching_sandbag,57,326
punching_sandbag_004.mp4,punching_sandbag,85,326
punching_sandbag_005.mp4,punching_sandbag,68,326
punching_sandbag_006.mp4,punching_sandbag,53,326
punching_sandbag_007.mp4,punching_sandbag,72,326
punching_sandbag_008.mp4,punching_sandbag,66,326
punching_sandbag_009.mp4,punching_sandbag,48,326
punching_sandbag_010.mp4,punching_sandbag,66,326
punching_sandbag_011.mp4,punching_sandbag,35,326
punching_sandbag_012.mp4,punching_sandbag,64,326
punching_sandbag_013.mp4,punching_sandbag,44,326
punching_sandbag_014.mp4,punching_sandbag,26,326
punching_sandbag_015.mp4,punching_sandbag,39,326
punching_speedbag_000.mp4,punching_speedbag,90,327
punching_speedbag_001.mp4,punching_speedbag,68,327
punching_speedbag_002.mp4,punching_speedbag,77,327
punching_speedbag_003.mp4,punching_speedbag,76,327
punching_speedbag_004.mp4,punching_speedbag,69,327
punching_speedbag_005.mp4,punching_speedbag,81,327
punching_speedbag_006.mp4,punching_speedbag,76,327
punching_speedbag_007.mp4,punching_speedbag,73,327
punching_speedbag_008.mp4,punching_speedbag,50,327
punching_speedbag_009.mp4,punching_speedbag,55,327
punching_speedbag_010.mp4,punching_speedbag,67,327
punching_speedbag_011.mp4,punching_speedbag,69,327
punching_speedbag_012.mp4,punching_speedbag,76,327
punching_speedbag_013.mp4,punching_speedbag,67,327
punching_speedbag_014.mp4,punching_speedbag,47,327
punching_speedbag_015.mp4,punching_speedbag,60,327
push_car_000.mp4,push_car,287,328
push_car_001.mp4,push_car,92,328
push_car_002.mp4,push_car,44,328
push_car_003.mp4,push_car,145,328
push_car_004.mp4,push_car,58,328
push_car_005.mp4,push_car,188,328
push_car_006.mp4,push_car,314,328
push_car_007.mp4,push_car,127,328
push_car_008.mp4,push_car,57,328
push_car_009.mp4,push_car,31,328
push_car_010.mp4,push_car,77,328
push_car_011.mp4,push_car,52,328
push_car_012.mp4,push_car,56,328
push_car_013.mp4,push_car,49,328
push_car_014.mp4,push_car,72,328
push_car_015.mp4,push_car,126,328
push_wheelchair_000.mp4,push_wheelchair,183,329
push_wheelchair_001.mp4,push_wheelchair,51,329
push_wheelchair_002.mp4,push_wheelchair,76,329
push_wheelchair_003.mp4,push_wheelchair,37,329
push_wheelchair_004.mp4,push_wheelchair,97,329
push_wheelchair_005.mp4,push_wheelchair,45,329
push_wheelchair_006.mp4,push_wheelchair,31,329
push_wheelchair_007.mp4,push_wheelchair,75,329
push_wheelchair_008.mp4,push_wheelchair,66,329
push_wheelchair_009.mp4,push_wheelchair,69,329
push_wheelchair_010.mp4,push_wheelchair,108,329
push_wheelchair_011.mp4,push_wheelchair,109,329
push_wheelchair_012.mp4,push_wheelchair,228,329
push_wheelchair_013.mp4,push_wheelchair,99,329
push_wheelchair_014.mp4,push_wheelchair,103,329
push_wheelchair_015.mp4,push_wheelchair,64,329
push_wheelchair_alone_000.mp4,push_wheelchair_alone,72,330
push_wheelchair_alone_001.mp4,push_wheelchair_alone,44,330
push_wheelchair_alone_002.mp4,push_wheelchair_alone,106,330
push_wheelchair_alone_003.mp4,push_wheelchair_alone,157,330
push_wheelchair_alone_004.mp4,push_wheelchair_alone,55,330
push_wheelchair_alone_005.mp4,push_wheelchair_alone,96,330
push_wheelchair_alone_006.mp4,push_wheelchair_alone,75,330
push_wheelchair_alone_007.mp4,push_wheelchair_alone,55,330
push_wheelchair_alone_008.mp4,push_wheelchair_alone,83,330
push_wheelchair_alone_009.mp4,push_wheelchair_alone,28,330
push_wheelchair_alone_010.mp4,push_wheelchair_alone,92,330
push_wheelchair_alone_011.mp4,push_wheelchair_alone,22,330
push_wheelchair_alone_012.mp4,push_wheelchair_alone,60,330
push_wheelchair_alone_013.mp4,push_wheelchair_alone,36,330
push_wheelchair_alone_014.mp4,push_wheelchair_alone,82,330
push_wheelchair_alone_015.mp4,push_wheelchair_alone,40,330
pushup_000.mp4,pushup,112,331
pushup_001.mp4,pushup,58,331
pushup_002.mp4,pushup,42,331
pushup_003.mp4,pushup,61,331
pushup_004.mp4,pushup,39,331
pushup_005.mp4,pushup,28,331
pushup_006.mp4,pushup,52,331
pushup_007.mp4,pushup,115,331
pushup_008.mp4,pushup,33,331
pushup_009.mp4,pushup,43,331
pushup_010.mp4,pushup,35,331
pushup_011.mp4,pushup,33,331
pushup_012.mp4,pushup,88,331
pushup_013.mp4,pushup,58,331
pushup_014.mp4,pushup,70,331
pushup_015.mp4,pushup,35,331
putting_scarf_on_000.mp4,putting_scarf_on,143,332
putting_scarf_on_001.mp4,putting_scarf_on,71,332
putting_scarf_on_002.mp4,putting_scarf_on,80,332
putting_scarf_on_003.mp4,putting_scarf_on,82,332
putting_scarf_on_004.mp4,putting_scarf_on,164,332
putting_scarf_on_005.mp4,putting_scarf_on,180,332
putting_scarf_on_006.mp4,putting_scarf_on,196,332
putting_scarf_on_007.mp4,putting_scarf_on,37,332
putting_scarf_on_008.mp4,putting_scarf_on,46,332
putting_scarf_on_009.mp4,putting_scarf_on,62,332
putting_scarf_on_010.mp4,putting_scarf_on,65,332
putting_scarf_on_011.mp4,putting_scarf_on,19,332
putting_scarf_on_012.mp4,putting_scarf_on,45,332
putting_scarf_on_013.mp4,putting_scarf_on,156,332
putting_scarf_on_014.mp4,putting_scarf_on,55,332
putting_scarf_on_015.mp4,putting_scarf_on,78,332
quadruped_hip-extension_000.mp4,quadruped_hip-extension,105,333
quadruped_hip-extension_001.mp4,quadruped_hip-extension,68,333
quadruped_hip-extension_002.mp4,quadruped_hip-extension,125,333
quadruped_hip-extension_003.mp4,quadruped_hip-extension,52,333
quadruped_hip-extension_004.mp4,quadruped_hip-extension,139,333
quadruped_hip-extension_005.mp4,quadruped_hip-extension,83,333
quadruped_hip-extension_006.mp4,quadruped_hip-extension,121,333
quadruped_hip-extension_007.mp4,quadruped_hip-extension,127,333
quadruped_hip-extension_008.mp4,quadruped_hip-extension,207,333
quadruped_hip-extension_009.mp4,quadruped_hip-extension,76,333
quadruped_hip-extension_010.mp4,quadruped_hip-extension,138,333
quadruped_hip-extension_011.mp4,quadruped_hip-extension,42,333
quadruped_hip-extension_012.mp4,quadruped_hip-extension,90,333
quadruped_hip-extension_013.mp4,quadruped_hip-extension,186,333
quadruped_hip-extension_014.mp4,quadruped_hip-extension,74,333
quadruped_hip-extension_015.mp4,quadruped_hip-extension,64,333
racewalk_walk_000.mp4,racewalk_walk,24,334
racewalk_walk_001.mp4,racewalk_walk,17,334
racewalk_walk_002.mp4,racewalk_walk,20,334
racewalk_walk_003.mp4,racewalk_walk,24,334
racewalk_walk_004.mp4,racewalk_walk,38,334
racewalk_walk_005.mp4,racewalk_walk,73,334
racewalk_walk_006.mp4,racewalk_walk,40,334
racewalk_walk_007.mp4,racewalk_walk,59,334
racewalk_walk_008.mp4,racewalk_walk,31,334
racewalk_walk_009.mp4,racewalk_walk,52,334
racewalk_walk_010.mp4,racewalk_walk,30,334
racewalk_walk_011.mp4,racewalk_walk,35,334
racewalk_walk_012.mp4,racewalk_walk,35,334
racewalk_walk_013.mp4,racewalk_walk,55,334
racewalk_walk_014.mp4,racewalk_walk,28,334
racewalk_walk_015.mp4,racewalk_walk,45,334
read_newspaper_000.mp4,read_newspaper,254,335
read_newspaper_001.mp4,read_newspaper,213,335
read_newspaper_002.mp4,read_newspaper,54,335
read_newspaper_003.mp4,read_newspaper,97,335
read_newspaper_004.mp4,read_newspaper,101,335
read_newspaper_005.mp4,read_newspaper,95,335
read_newspaper_006.mp4,read_newspaper,150,335
read_newspaper_007.mp4,read_newspaper,120,335
read_newspaper_008.mp4,read_newspaper,39,335
read_newspaper_009.mp4,read_newspaper,39,335
read_newspaper_010.mp4,read_newspaper,131,335
read_newspaper_011.mp4,read_newspaper,51,335
read_newspaper_012.mp4,read_newspaper,88,335
read_newspaper_013.mp4,read_newspaper,22,335
read_newspaper_014.mp4,read_newspaper,86,335
read_newspaper_015.mp4,read_newspaper,90,335
reading_book_000.mp4,reading_book,51,336
reading_book_001.mp4,reading_book,28,336
reading_book_002.mp4,reading_book,41,336
reading_book_003.mp4,reading_book,49,336
reading_book_004.mp4,reading_book,69,336
reading_book_005.mp4,reading_book,47,336
reading_book_006.mp4,reading_book,17,336
reading_book_007.mp4,reading_book,63,336
reading_book_008.mp4,reading_book,47,336
reading_book_009.mp4,reading_book,88,336
reading_book_010.mp4,reading_book,73,336
reading_book_011.mp4,reading_book,59,336
reading_book_012.mp4,reading_book,57,336
reading_book_013.mp4,reading_book,72,336
reading_book_014.mp4,reading_book,53,336
reading_book_015.mp4,reading_book,78,336
remove_car_tire_000.mp4,remove_car_tire,108,337
remove_car_tire_001.mp4,remove_car_tire,121,337
remove_car_tire_002.mp4,remove_car_tire,65,337
remove_car_tire_003.mp4,remove_car_tire,94,337
remove_car_tire_004.mp4,remove_car_tire,55,337
remove_car_tire_005.mp4,remove_car_tire,25,337
remove_car_tire_006.mp4,remove_car_tire,99,337
remove_car_tire_007.mp4,remove_car_tire,38,337
remove_car_tire_008.mp4,remove_car_tire,93,337
remove_car_tire_009.mp4,remove_car_tire,46,337
remove_car_tire_010.mp4,remove_car_tire,42,337
remove_car_tire_011.mp4,remove_car_tire,88,337
remove_car_tire_012.mp4,remove_car_tire,96,337
remove_car_tire_013.mp4,remove_car_tire,103,337
remove_car_tire_014.mp4,remove_car_tire,42,337
remove_car_tire_015.mp4,remove_car_tire,27,337
rescue_breathing_000.mp4,rescue_breathing,105,338
rescue_breathing_001.mp4,rescue_breathing,105,338
rescue_breathing_002.mp4,rescue_breathing,66,338
rescue_breathing_003.mp4,rescue_breathing,40,338
rescue_breathing_004.mp4,rescue_breathing,67,338
rescue_breathing_005.mp4,rescue_breathing,51,338
rescue_breathing_006.mp4,rescue_breathing,47,338
rescue_breathing_007.mp4,rescue_breathing,67,338
rescue_breathing_008.mp4,rescue_breathing,82,338
rescue_breathing_009.mp4,rescue_breathing,105,338
rescue_breathing_010.mp4,rescue_breathing,86,338
rescue_breathing_011.mp4,rescue_breathing,91,338
rescue_breathing_012.mp4,rescue_breathing,54,338
rescue_breathing_013.mp4,rescue_breathing,136,338
rescue_breathing_014.mp4,rescue_breathing,65,338
rescue_breathing_015.mp4,rescue_breathing,55,338
ride_bike_000.mp4,ride_bike,44,339
ride_bike_001.mp4,ride_bike,60,339
ride_bike_002.mp4,ride_bike,97,339
ride_bike_003.mp4,ride_bike,73,339
ride_bike_004.mp4,ride_bike,63,339
ride_bike_005.mp4,ride_bike,71,339
ride_bike_006.mp4,ride_bike,104,339
ride_bike_007.mp4,ride_bike,27,339
ride_bike_008.mp4,ride_bike,58,339
ride_bike_009.mp4,ride_bike,71,339
ride_bike_010.mp4,ride_bike,63,339
ride_bike_011.mp4,ride_bike,53,339
ride_bike_012.mp4,ride_bike,46,339
ride_bike_013.mp4,ride_bike,28,339
ride_bike_014.mp4,ride_bike,36,339
ride_bike_015.mp4,ride_bike,42,339
ride_horse_000.mp4,ride_horse,23,340
ride_horse_001.mp4,ride_horse,93,340
ride_horse_002.mp4,ride_horse,78,340
ride_horse_003.mp4,ride_horse,61,340
ride_horse_004.mp4,ride_horse,51,340
ride_horse_005.mp4,ride_horse,46,340
ride_horse_006.mp4,ride_horse,38,340
ride_horse_007.mp4,ride_horse,41,340
ride_horse_008.mp4,ride_horse,80,340
ride_horse_009.mp4,ride_horse,84,340
ride_horse_010.mp4,ride_horse,85,340
ride_horse_011.mp4,ride_horse,34,340
ride_horse_012.mp4,ride_horse,27,340
ride_horse_013.mp4,ride_horse,71,340
ride_horse_014.mp4,ride_horse,96,340
ride_horse_015.mp4,ride_horse,48,340
ride_motorcycle_000.mp4,ride_motorcycle,41,341
ride_motorcycle_001.mp4,ride_motorcycle,90,341
ride_motorcycle_002.mp4,ride_motorcycle,67,341
ride_motorcycle_003.mp4,ride_motorcycle,58,341
ride_motorcycle_004.mp4,ride_motorcycle,33,341
ride_motorcycle_005.mp4,ride_motorcycle,113,341
ride_motorcycle_006.mp4,ride_motorcycle,48,341
ride_motorcycle_007.mp4,ride_motorcycle,33,341
ride_motorcycle_008.mp4,ride_motorcycle,70,341
ride_motorcycle_009.mp4,ride_motorcycle,69,341
ride_motorcycle_010.mp4,ride_motorcycle,51,341
ride_motorcycle_011.mp4,ride_motorcycle,70,341
ride_motorcycle_012.mp4,ride_motorcycle,44,341
ride_motorcycle_013.mp4,ride_motorcycle,69,341
ride_motorcycle_014.mp4,ride_motorcycle,43,341
ride_motorcycle_015.mp4,ride_motorcycle,78,341
ride_scooter_000.mp4,ride_scooter,36,342
ride_scooter_001.mp4,ride_scooter,47,342
ride_scooter_002.mp4,ride_scooter,36,342
ride_scooter_003.mp4,ride_scooter,36,342
ride_scooter_004.mp4,ride_scooter,70,342
ride_scooter_005.mp4,ride_scooter,26,342
ride_scooter_006.mp4,ride_scooter,18,342
ride_scooter_007.mp4,ride_scooter,81,342
ride_scooter_008.mp4,ride_scooter,59,342
ride_scooter_009.mp4,ride_scooter,33,342
ride_scooter_010.mp4,ride_scooter,85,342
ride_scooter_011.mp4,ride_scooter,40,342
ride_scooter_012.mp4,ride_scooter,26,342
ride_scooter_013.mp4,ride_scooter,48,342
ride_scooter_014.mp4,ride_scooter,30,342
ride_scooter_015.mp4,ride_scooter,36,342
riding_elephant_000.mp4,riding_elephant,32,343
riding_elephant_001.mp4,riding_elephant,34,343
riding_elephant_002.mp4,riding_elephant,68,343
riding_elephant_003.mp4,riding_elephant,69,343
riding_elephant_004.mp4,riding_elephant,48,343
riding_elephant_005.mp4,riding_elephant,37,343
riding_elephant_006.mp4,riding_elephant,39,343
riding_elephant_007.mp4,riding_elephant,48,343
riding_elephant_008.mp4,riding_elephant,60,343
riding_elephant_009.mp4,riding_elephant,67,343
riding_elephant_010.mp4,riding_elephant,56,343
riding_elephant_011.mp4,riding_elephant,78,343
riding_elephant_012.mp4,riding_elephant,37,343
riding_elephant_013.mp4,riding_elephant,36,343
riding_elephant_014.mp4,riding_elephant,43,343
riding_elephant_015.mp4,riding_elephant,43,343
riding_mechanical_bull_000.mp4,riding_mechanical_bull,69,344
riding_mechanical_bull_001.mp4,riding_mechanical_bull,42,344
riding_mechanical_bull_002.mp4,riding_mechanical_bull,63,344
riding_mechanical_bull_003.mp4,riding_mechanical_bull,38,344
riding_mechanical_bull_004.mp4,riding_mechanical_bull,44,344
riding_mechanical_bull_005.mp4,riding_mechanical_bull,69,344
riding_mechanical_bull_006.mp4,riding_mechanical_bull,45,344
riding_mechanical_bull_007.mp4,riding_mechanical_bull,35,344
riding_mechanical_bull_008.mp4,riding_mechanical_bull,58,344
riding_mechanical_bull_009.mp4,riding_mechanical_bull,79,344
riding_mechanical_bull_010.mp4,riding_mechanical_bull,63,344
riding_mechanical_bull_011.mp4,riding_mechanical_bull,49,344
riding_mechanical_bull_012.mp4,riding_mechanical_bull,52,344
riding_mechanical_bull_013.mp4,riding_mechanical_bull,71,344
riding_mechanical_bull_014.mp4,riding_mechanical_bull,55,344
riding_mechanical_bull_015.mp4,riding_mechanical_bull,69,344
rock_balancing_000.mp4,rock_balancing,82,345
rock_balancing_001.mp4,rock_balancing,90,345
rock_balancing_002.mp4,rock_balancing,121,345
rock_balancing_003.mp4,rock_balancing,107,345
rock_balancing_004.mp4,rock_balancing,71,345
rock_balancing_005.mp4,rock_balancing,42,345
rock_balancing_006.mp4,rock_balancing,313,345
rock_balancing_007.mp4,rock_balancing,140,345
rock_balancing_008.mp4,rock_balancing,43,345
rock_balancing_009.mp4,rock_balancing,61,345
rock_balancing_010.mp4,rock_balancing,68,345
rock_balancing_011.mp4,rock_balancing,90,345
rock_balancing_012.mp4,rock_balancing,69,345
rock_balancing_013.mp4,rock_balancing,134,345
rock_balancing_014.mp4,rock_balancing,27,345
rock_balancing_015.mp4,rock_balancing,67,345
rock_paper_scissors_000.mp4,rock_paper_scissors,46,346
rock_paper_scissors_001.mp4,rock_paper_scissors,45,346
rock_paper_scissors_002.mp4,rock_paper_scissors,37,346
rock_paper_scissors_003.mp4,rock_paper_scissors,84,346
rock_paper_scissors_004.mp4,rock_paper_scissors,41,346
rock_paper_scissors_005.mp4,rock_paper_scissors,35,346
rock_paper_scissors_006.mp4,rock_paper_scissors,44,346
rock_paper_scissors_007.mp4,rock_paper_scissors,48,346
rock_paper_scissors_008.mp4,rock_paper_scissors,53,346
rock_paper_scissors_009.mp4,rock_paper_scissors,35,346
rock_paper_scissors_010.mp4,rock_paper_scissors,38,346
rock_paper_scissors_011.mp4,rock_paper_scissors,42,346
rock_paper_scissors_012.mp4,rock_paper_scissors,52,346
rock_paper_scissors_013.mp4,rock_paper_scissors,33,346
rock_paper_scissors_014.mp4,rock_paper_scissors,43,346
rock_paper_scissors_015.mp4,rock_paper_scissors,53,346
roller-skating_backward_000.mp4,roller-skating_backward,53,347
roller-skating_backward_001.mp4,roller-skating_backward,34,347
roller-skating_backward_002.mp4,roller-skating_backward,65,347
roller-skating_backward_003.mp4,roller-skating_backward,42,347
roller-skating_backward_004.mp4,roller-skating_backward,69,347
roller-skating_backward_005.mp4,roller-skating_backward,49,347
roller-skating_backward_006.mp4,roller-skating_backward,31,347
roller-skating_backward_007.mp4,roller-skating_backward,54,347
roller-skating_backward_008.mp4,roller-skating_backward,76,347
roller-skating_backward_009.mp4,roller-skating_backward,49,347
roller-skating_backward_010.mp4,roller-skating_backward,52,347
roller-skating_backward_011.mp4,roller-skating_backward,84,347
roller-skating_backward_012.mp4,roller-skating_backward,24,347
roller-skating_backward_013.mp4,roller-skating_backward,38,347
roller-skating_backward_014.mp4,roller-skating_backward,55,347
roller-skating_backward_015.mp4,roller-skating_backward,28,347
roller-skating_forward_000.mp4,roller-skating_forward,43,348
roller-skating_forward_001.mp4,roller-skating_forward,66,348
roller-skating_forward_002.mp4,roller-skating_forward,28,348
roller-skating_forward_003.mp4,roller-skating_forward,69,348
roller-skating_forward_004.mp4,roller-skating_forward,63,348
roller-skating_forward_005.mp4,roller-skating_forward,50,348
roller-skating_forward_006.mp4,roller-skating_forward,44,348
roller-skating_forward_007.mp4,roller-skating_forward,41,348
roller-skating_forward_008.mp4,roller-skating_forward,62,348
roller-skating_forward_009.mp4,roller-skating_forward,34,348
roller-skating_forward_010.mp4,roller-skating_forward,60,348
roller-skating_forward_011.mp4,roller-skating_forward,33,348
roller-skating_forward_012.mp4,roller-skating_forward,21,348
roller-skating_forward_013.mp4,roller-skating_forward,41,348
roller-skating_forward_014.mp4,roller-skating_forward,72,348
roller-skating_forward_015.mp4,roller-skating_forward,65,348
rolling_snow_000.mp4,rolling_snow,277,349
rolling_snow_001.mp4,rolling_snow,335,349
rolling_snow_002.mp4,rolling_snow,164,349
rolling_snow_003.mp4,rolling_snow,239,349
rolling_snow_004.mp4,rolling_snow,67,349
rolling_snow_005.mp4,rolling_snow,74,349
rolling_snow_006.mp4,rolling_snow,97,349
rolling_snow_007.mp4,rolling_snow,36,349
rolling_snow_008.mp4,rolling_snow,68,349
rolling_snow_009.mp4,rolling_snow,121,349
rolling_snow_010.mp4,rolling_snow,31,349
rolling_snow_011.mp4,rolling_snow,114,349
rolling_snow_012.mp4,rolling_snow,63,349
rolling_snow_013.mp4,rolling_snow,31,349
rolling_snow_014.mp4,rolling_snow,54,349
rolling_snow_015.mp4,rolling_snow,31,349
rowing_boat_000.mp4,rowing_boat,101,350
rowing_boat_001.mp4,rowing_boat,78,350
rowing_boat_002.mp4,rowing_boat,47,350
rowing_boat_003.mp4,rowing_boat,37,350
rowing_boat_004.mp4,rowing_boat,43,350
rowing_boat_005.mp4,rowing_boat,60,350
rowing_boat_006.mp4,rowing_boat,58,350
rowing_boat_007.mp4,rowing_boat,108,350
rowing_boat_008.mp4,rowing_boat,39,350
rowing_boat_009.mp4,rowing_boat,74,350
rowing_boat_010.mp4,rowing_boat,52,350
rowing_boat_011.mp4,rowing_boat,40,350
rowing_boat_012.mp4,rowing_boat,63,350
rowing_boat_013.mp4,rowing_boat,52,350
rowing_boat_014.mp4,rowing_boat,30,350
rowing_boat_015.mp4,rowing_boat,87,350
running_in_place_000.mp4,running_in_place,41,351
running_in_place_001.mp4,running_in_place,87,351
running_in_place_002.mp4,running_in_place,64,351
running_in_place_003.mp4,running_in_place,91,351
running_in_place_004.mp4,running_in_place,89,351
running_in_place_005.mp4,running_in_place,44,351
running_in_place_006.mp4,running_in_place,71,351
running_in_place_007.mp4,running_in_place,57,351
running_in_place_008.mp4,running_in_place,136,351
running_in_place_009.mp4,running_in_place,51,351
running_in_place_010.mp4,running_in_place,43,351
running_in_place_011.mp4,running_in_place,72,351
running_in_place_012.mp4,running_in_place,61,351
running_in_place_013.mp4,running_in_place,29,351
running_in_place_014.mp4,running_in_place,45,351
running_in_place_015.mp4,running_in_place,24,351
running_on_four_000.mp4,running_on_four,25,352
running_on_four_001.mp4,running_on_four,54,352
running_on_four_002.mp4,running_on_four,69,352
running_on_four_003.mp4,running_on_four,108,352
running_on_four_004.mp4,running_on_four,111,352
running_on_four_005.mp4,running_on_four,42,352
running_on_four_006.mp4,running_on_four,47,352
running_on_four_007.mp4,running_on_four,27,352
running_on_four_008.mp4,running_on_four,30,352
running_on_four_009.mp4,running_on_four,33,352
running_on_four_010.mp4,running_on_four,47,352
running_on_four_011.mp4,running_on_four,35,352
running_on_four_012.mp4,running_on_four,43,352
running_on_four_013.mp4,running_on_four,24,352
running_on_four_014.mp4,running_on_four,33,352
running_on_four_015.mp4,running_on_four,51,352
runway_walk_000.mp4,runway_walk,35,353
runway_walk_001.mp4,runway_walk,52,353
runway_walk_002.mp4,runway_walk,31,353
runway_walk_003.mp4,runway_walk,32,353
runway_walk_004.mp4,runway_walk,58,353
runway_walk_005.mp4,runway_walk,43,353
runway_walk_006.mp4,runway_walk,47,353
runway_walk_007.mp4,runway_walk,41,353
runway_walk_008.mp4,runway_walk,51,353
runway_walk_009.mp4,runway_walk,57,353
runway_walk_010.mp4,runway_walk,40,353
runway_walk_011.mp4,runway_walk,68,353
runway_walk_012.mp4,runway_walk,55,353
runway_walk_013.mp4,runway_walk,47,353
runway_walk_014.mp4,runway_walk,52,353
runway_walk_015.mp4,runway_walk,41,353
sack_race_000.mp4,sack_race,87,354
sack_race_001.mp4,sack_race,49,354
sack_race_002.mp4,sack_race,70,354
sack_race_003.mp4,sack_race,37,354
sack_race_004.mp4,sack_race,18,354
sack_race_005.mp4,sack_race,34,354
sack_race_006.mp4,sack_race,100,354
sack_race_007.mp4,sack_race,60,354
sack_race_008.mp4,sack_race,92,354
sack_race_009.mp4,sack_race,104,354
sack_race_010.mp4,sack_race,40,354
sack_race_011.mp4,sack_race,58,354
sack_race_012.mp4,sack_race,84,354
sack_race_013.mp4,sack_race,80,354
sack_race_014.mp4,sack_race,88,354
sack_race_015.mp4,sack_race,42,354
salute_000.mp4,salute,25,355
salute_001.mp4,salute,46,355
salute_002.mp4,salute,12,355
salute_003.mp4,salute,40,355
salute_004.mp4,salute,21,355
salute_005.mp4,salute,27,355
salute_006.mp4,salute,35,355
salute_007.mp4,salute,18,355
salute_008.mp4,salute,11,355
salute_009.mp4,salute,31,355
salute_010.mp4,salute,12,355
salute_011.mp4,salute,14,355
salute_012.mp4,salute,12,355
salute_013.mp4,salute,20,355
salute_014.mp4,salute,22,355
salute_015.mp4,salute,21,355
sandboarding_forward_000.mp4,sandboarding_forward,63,356
sandboarding_forward_001.mp4,sandboarding_forward,60,356
sandboarding_forward_002.mp4,sandboarding_forward,51,356
sandboarding_forward_003.mp4,sandboarding_forward,39,356
sandboarding_forward_004.mp4,sandboarding_forward,37,356
sandboarding_forward_005.mp4,sandboarding_forward,40,356
sandboarding_forward_006.mp4,sandboarding_forward,24,356
sandboarding_forward_007.mp4,sandboarding_forward,43,356
sandboarding_forward_008.mp4,sandboarding_forward,42,356
sandboarding_forward_009.mp4,sandboarding_forward,53,356
sandboarding_forward_010.mp4,sandboarding_forward,25,356
sandboarding_forward_011.mp4,sandboarding_forward,29,356
sandboarding_forward_012.mp4,sandboarding_forward,44,356
sandboarding_forward_013.mp4,sandboarding_forward,33,356
sandboarding_forward_014.mp4,sandboarding_forward,41,356
sandboarding_forward_015.mp4,sandboarding_forward,51,356
screw_car_tire_000.mp4,screw_car_tire,97,357
screw_car_tire_001.mp4,screw_car_tire,21,357
screw_car_tire_002.mp4,screw_car_tire,42,357
screw_car_tire_003.mp4,screw_car_tire,69,357
screw_car_tire_004.mp4,screw_car_tire,83,357
screw_car_tire_005.mp4,screw_car_tire,21,357
screw_car_tire_006.mp4,screw_car_tire,52,357
screw_car_tire_007.mp4,screw_car_tire,108,357
screw_car_tire_008.mp4,screw_car_tire,103,357
screw_car_tire_009.mp4,screw_car_tire,43,357
screw_car_tire_010.mp4,screw_car_tire,64,357
screw_car_tire_011.mp4,screw_car_tire,42,357
screw_car_tire_012.mp4,screw_car_tire,114,357
screw_car_tire_013.mp4,screw_car_tire,29,357
screw_car_tire_014.mp4,screw_car_tire,38,357
screw_car_tire_015.mp4,screw_car_tire,48,357
scuba_diving_000.mp4,scuba_diving,38,358
scuba_diving_001.mp4,scuba_diving,62,358
scuba_diving_002.mp4,scuba_diving,87,358
scuba_diving_003.mp4,scuba_diving,74,358
scuba_diving_004.mp4,scuba_diving,94,358
scuba_diving_005.mp4,scuba_diving,66,358
scuba_diving_006.mp4,scuba_diving,57,358
scuba_diving_007.mp4,scuba_diving,96,358
scuba_diving_008.mp4,scuba_diving,65,358
scuba_diving_009.mp4,scuba_diving,77,358
scuba_diving_010.mp4,scuba_diving,37,358
scuba_diving_011.mp4,scuba_diving,49,358
scuba_diving_012.mp4,scuba_diving,87,358
scuba_diving_013.mp4,scuba_diving,61,358
scuba_diving_014.mp4,scuba_diving,52,358
scuba_diving_015.mp4,scuba_diving,59,358
segway_000.mp4,segway,56,359
segway_001.mp4,segway,75,359
segway_002.mp4,segway,31,359
segway_003.mp4,segway,42,359
segway_004.mp4,segway,84,359
segway_005.mp4,segway,79,359
segway_006.mp4,segway,82,359
segway_007.mp4,segway,56,359
segway_008.mp4,segway,60,359
segway_009.mp4,segway,47,359
segway_010.mp4,segway,20,359
segway_011.mp4,segway,23,359
segway_012.mp4,segway,20,359
segway_013.mp4,segway,14,359
segway_014.mp4,segway,118,359
segway_015.mp4,segway,75,359
shake_cocktail_000.mp4,shake_cocktail,36,360
shake_cocktail_001.mp4,shake_cocktail,34,360
shake_cocktail_002.mp4,shake_cocktail,66,360
shake_cocktail_003.mp4,shake_cocktail,38,360
shake_cocktail_004.mp4,shake_cocktail,48,360
shake_cocktail_005.mp4,shake_cocktail,17,360
shake_cocktail_006.mp4,shake_cocktail,56,360
shake_cocktail_007.mp4,shake_cocktail,51,360
shake_cocktail_008.mp4,shake_cocktail,40,360
shake_cocktail_009.mp4,shake_cocktail,36,360
shake_cocktail_010.mp4,shake_cocktail,45,360
shake_cocktail_011.mp4,shake_cocktail,44,360
shake_cocktail_012.mp4,shake_cocktail,47,360
shake_cocktail_013.mp4,shake_cocktail,84,360
shake_cocktail_014.mp4,shake_cocktail,42,360
shake_cocktail_015.mp4,shake_cocktail,70,360
shaking_head_000.mp4,shaking_head,55,361
shaking_head_001.mp4,shaking_head,57,361
shaking_head_002.mp4,shaking_head,93,361
shaking_head_003.mp4,shaking_head,54,361
shaking_head_004.mp4,shaking_head,42,361
shaking_head_005.mp4,shaking_head,61,361
shaking_head_006.mp4,shaking_head,55,361
shaking_head_007.mp4,shaking_head,82,361
shaking_head_008.mp4,shaking_head,67,361
shaking_head_009.mp4,shaking_head,44,361
shaking_head_010.mp4,shaking_head,70,361
shaking_head_011.mp4,shaking_head,64,361
shaking_head_012.mp4,shaking_head,34,361
shaking_head_013.mp4,shaking_head,51,361
shaking_head_014.mp4,shaking_head,36,361
shaking_head_015.mp4,shaking_head,99,361
shaving_beard_000.mp4,shaving_beard,50,362
shaving_beard_001.mp4,shaving_beard,80,362
shaving_beard_002.mp4,shaving_beard,63,362
shaving_beard_003.mp4,shaving_beard,82,362
shaving_beard_004.mp4,shaving_beard,115,362
shaving_beard_005.mp4,shaving_beard,57,362
shaving_beard_006.mp4,shaving_beard,76,362
shaving_beard_007.mp4,shaving_beard,72,362
shaving_beard_008.mp4,shaving_beard,89,362
shaving_beard_009.mp4,shaving_beard,92,362
shaving_beard_010.mp4,shaving_beard,42,362
shaving_beard_011.mp4,shaving_beard,99,362
shaving_beard_012.mp4,shaving_beard,47,362
shaving_beard_013.mp4,shaving_beard,77,362
shaving_beard_014.mp4,shaving_beard,119,362
shaving_beard_015.mp4,shaving_beard,103,362
shoe_shining_000.mp4,shoe_shining,148,363
shoe_shining_001.mp4,shoe_shining,69,363
shoe_shining_002.mp4,shoe_shining,62,363
shoe_shining_003.mp4,shoe_shining,88,363
shoe_shining_004.mp4,shoe_shining,42,363
shoe_shining_005.mp4,shoe_shining,84,363
shoe_shining_006.mp4,shoe_shining,84,363
shoe_shining_007.mp4,shoe_shining,99,363
shoe_shining_008.mp4,shoe_shining,24,363
shoe_shining_009.mp4,shoe_shining,90,363
shoe_shining_010.mp4,shoe_shining,116,363
shoe_shining_011.mp4,shoe_shining,91,363
shoe_shining_012.mp4,shoe_shining,36,363
shoe_shining_013.mp4,shoe_shining,41,363
shoe_shining_014.mp4,shoe_shining,83,363
shoe_shining_015.mp4,shoe_shining,64,363
shoot_dance_000.mp4,shoot_dance,92,364
shoot_dance_001.mp4,shoot_dance,60,364
shoot_dance_002.mp4,shoot_dance,60,364
shoot_dance_003.mp4,shoot_dance,185,364
shoot_dance_004.mp4,shoot_dance,87,364
shoot_dance_005.mp4,shoot_dance,55,364
shoot_dance_006.mp4,shoot_dance,38,364
shoot_dance_007.mp4,shoot_dance,32,364
shoot_dance_008.mp4,shoot_dance,60,364
shoot_dance_009.mp4,shoot_dance,34,364
shoot_dance_010.mp4,shoot_dance,88,364
shoot_dance_011.mp4,shoot_dance,80,364
shoot_dance_012.mp4,shoot_dance,58,364
shoot_dance_013.mp4,shoot_dance,84,364
shoot_dance_014.mp4,shoot_dance,87,364
shoot_dance_015.mp4,shoot_dance,90,364
shooting_handgun_000.mp4,shooting_handgun,83,365
shooting_handgun_001.mp4,shooting_handgun,72,365
shooting_handgun_002.mp4,shooting_handgun,26,365
shooting_handgun_003.mp4,shooting_handgun,42,365
shooting_handgun_004.mp4,shooting_handgun,37,365
shooting_handgun_005.mp4,shooting_handgun,42,365
shooting_handgun_006.mp4,shooting_handgun,17,365
shooting_handgun_007.mp4,shooting_handgun,46,365
shooting_handgun_008.mp4,shooting_handgun,9,365
shooting_handgun_009.mp4,shooting_handgun,26,365
shooting_handgun_010.mp4,shooting_handgun,37,365
shooting_handgun_011.mp4,shooting_handgun,20,365
shooting_handgun_012.mp4,shooting_handgun,10,365
shooting_handgun_013.mp4,shooting_handgun,14,365
shooting_handgun_014.mp4,shooting_handgun,46,365
shooting_handgun_015.mp4,shooting_handgun,27,365
shooting_shotgun_000.mp4,shooting_shotgun,28,366
shooting_shotgun_001.mp4,shooting_shotgun,12,366
shooting_shotgun_002.mp4,shooting_shotgun,16,366
shooting_shotgun_003.mp4,shooting_shotgun,49,366
shooting_shotgun_004.mp4,shooting_shotgun,29,366
shooting_shotgun_005.mp4,shooting_shotgun,15,366
shooting_shotgun_006.mp4,shooting_shotgun,64,366
shooting_shotgun_007.mp4,shooting_shotgun,16,366
shooting_shotgun_008.mp4,shooting_shotgun,30,366
shooting_shotgun_009.mp4,shooting_shotgun,20,366
shooting_shotgun_010.mp4,shooting_shotgun,46,366
shooting_shotgun_011.mp4,shooting_shotgun,38,366
shooting_shotgun_012.mp4,shooting_shotgun,12,366
shooting_shotgun_013.mp4,shooting_shotgun,25,366
shooting_shotgun_014.mp4,shooting_shotgun,12,366
shooting_shotgun_015.mp4,shooting_shotgun,76,366
shotput_throw_000.mp4,shotput_throw,87,367
shotput_throw_001.mp4,shotput_throw,23,367
shotput_throw_002.mp4,shotput_throw,20,367
shotput_throw_003.mp4,shotput_throw,65,367
shotput_throw_004.mp4,shotput_throw,52,367
shotput_throw_005.mp4,shotput_throw,79,367
shotput_throw_006.mp4,shotput_throw,72,367
shotput_throw_007.mp4,shotput_throw,36,367
shotput_throw_008.mp4,shotput_throw,80,367
shotput_throw_009.mp4,shotput_throw,18,367
shotput_throw_010.mp4,shotput_throw,41,367
shotput_throw_011.mp4,shotput_throw,80,367
shotput_throw_012.mp4,shotput_throw,48,367
shotput_throw_013.mp4,shotput_throw,47,367
shotput_throw_014.mp4,shotput_throw,31,367
shotput_throw_015.mp4,shotput_throw,87,367
shoveling_snow_000.mp4,shoveling_snow,72,368
shoveling_snow_001.mp4,shoveling_snow,30,368
shoveling_snow_002.mp4,shoveling_snow,59,368
shoveling_snow_003.mp4,shoveling_snow,33,368
shoveling_snow_004.mp4,shoveling_snow,44,368
shoveling_snow_005.mp4,shoveling_snow,55,368
shoveling_snow_006.mp4,shoveling_snow,45,368
shoveling_snow_007.mp4,shoveling_snow,32,368
shoveling_snow_008.mp4,shoveling_snow,75,368
shoveling_snow_009.mp4,shoveling_snow,41,368
shoveling_snow_010.mp4,shoveling_snow,31,368
shoveling_snow_011.mp4,shoveling_snow,74,368
shoveling_snow_012.mp4,shoveling_snow,37,368
shoveling_snow_013.mp4,shoveling_snow,65,368
shoveling_snow_014.mp4,shoveling_snow,68,368
shoveling_snow_015.mp4,shoveling_snow,60,368
shuffle_dance_000.mp4,shuffle_dance,43,369
shuffle_dance_001.mp4,shuffle_dance,84,369
shuffle_dance_002.mp4,shuffle_dance,90,369
shuffle_dance_003.mp4,shuffle_dance,52,369
shuffle_dance_004.mp4,shuffle_dance,45,369
shuffle_dance_005.mp4,shuffle_dance,112,369
shuffle_dance_006.mp4,shuffle_dance,46,369
shuffle_dance_007.mp4,shuffle_dance,134,369
shuffle_dance_008.mp4,shuffle_dance,98,369
shuffle_dance_009.mp4,shuffle_dance,52,369
shuffle_dance_010.mp4,shuffle_dance,33,369
shuffle_dance_011.mp4,shuffle_dance,47,369
shuffle_dance_012.mp4,shuffle_dance,48,369
shuffle_dance_013.mp4,shuffle_dance,58,369
shuffle_dance_014.mp4,shuffle_dance,57,369
shuffle_dance_015.mp4,shuffle_dance,95,369
side_lunge_000.mp4,side_lunge,90,370
side_lunge_001.mp4,side_lunge,107,370
side_lunge_002.mp4,side_lunge,72,370
side_lunge_003.mp4,side_lunge,51,370
side_lunge_004.mp4,side_lunge,102,370
side_lunge_005.mp4,side_lunge,45,370
side_lunge_006.mp4,side_lunge,160,370
side_lunge_007.mp4,side_lunge,84,370
side_lunge_008.mp4,side_lunge,106,370
side_lunge_009.mp4,side_lunge,73,370
side_lunge_010.mp4,side_lunge,74,370
side_lunge_011.mp4,side_lunge,126,370
side_lunge_012.mp4,side_lunge,113,370
side_lunge_013.mp4,side_lunge,81,370
side_lunge_014.mp4,side_lunge,88,370
side_lunge_015.mp4,side_lunge,81,370
situp_000.mp4,situp,54,371
situp_001.mp4,situp,32,371
situp_002.mp4,situp,36,371
situp_003.mp4,situp,59,371
situp_004.mp4,situp,31,371
situp_005.mp4,situp,29,371
situp_006.mp4,situp,33,371
situp_007.mp4,situp,55,371
situp_008.mp4,situp,42,371
situp_009.mp4,situp,54,371
situp_010.mp4,situp,41,371
situp_011.mp4,situp,57,371
situp_012.mp4,situp,106,371
situp_013.mp4,situp,95,371
situp_014.mp4,situp,32,371
situp_015.mp4,situp,47,371
skateboard_forward_000.mp4,skateboard_forward,41,372
skateboard_forward_001.mp4,skateboard_forward,65,372
skateboard_forward_002.mp4,skateboard_forward,33,372
skateboard_forward_003.mp4,skateboard_forward,27,372
skateboard_forward_004.mp4,skateboard_forward,32,372
skateboard_forward_005.mp4,skateboard_forward,50,372
skateboard_forward_006.mp4,skateboard_forward,45,372
skateboard_forward_007.mp4,skateboard_forward,33,372
skateboard_forward_008.mp4,skateboard_forward,85,372
skateboard_forward_009.mp4,skateboard_forward,46,372
skateboard_forward_010.mp4,skateboard_forward,40,372
skateboard_forward_011.mp4,skateboard_forward,26,372
skateboard_forward_012.mp4,skateboard_forward,28,372
skateboard_forward_013.mp4,skateboard_forward,35,372
skateboard_forward_014.mp4,skateboard_forward,33,372
skateboard_forward_015.mp4,skateboard_forward,15,372
skateboard_grind_000.mp4,skateboard_grind,63,373
skateboard_grind_001.mp4,skateboard_grind,31,373
skateboard_grind_002.mp4,skateboard_grind,26,373
skateboard_grind_003.mp4,skateboard_grind,61,373
skateboard_grind_004.mp4,skateboard_grind,23,373
skateboard_grind_005.mp4,skateboard_grind,20,373
skateboard_grind_006.mp4,skateboard_grind,56,373
skateboard_grind_007.mp4,skateboard_grind,22,373
skateboard_grind_008.mp4,skateboard_grind,20,373
skateboard_grind_009.mp4,skateboard_grind,28,373
skateboard_grind_010.mp4,skateboard_grind,17,373
skateboard_grind_011.mp4,skateboard_grind,54,373
skateboard_grind_012.mp4,skateboard_grind,112,373
skateboard_grind_013.mp4,skateboard_grind,65,373
skateboard_grind_014.mp4,skateboard_grind,51,373
skateboard_grind_015.mp4,skateboard_grind,18,373
skateboard_jump_000.mp4,skateboard_jump,36,374
skateboard_jump_001.mp4,skateboard_jump,60,374
skateboard_jump_002.mp4,skateboard_jump,37,374
skateboard_jump_003.mp4,skateboard_jump,45,374
skateboard_jump_004.mp4,skateboard_jump,85,374
skateboard_jump_005.mp4,skateboard_jump,34,374
skateboard_jump_006.mp4,skateboard_jump,48,374
skateboard_jump_007.mp4,skateboard_jump,23,374
skateboard_jump_008.mp4,skateboard_jump,29,374
skateboard_jump_009.mp4,skateboard_jump,35,374
skateboard_jump_010.mp4,skateboard_jump,36,374
skateboard_jump_011.mp4,skateboard_jump,37,374
skateboard_jump_012.mp4,skateboard_jump,27,374
skateboard_jump_013.mp4,skateboard_jump,32,374
skateboard_jump_014.mp4,skateboard_jump,34,374
skateboard_jump_015.mp4,skateboard_jump,40,374
ski_backflip_000.mp4,ski_backflip,36,375
ski_backflip_001.mp4,ski_backflip,51,375
ski_backflip_002.mp4,ski_backflip,143,375
ski_backflip_003.mp4,ski_backflip,36,375
ski_backflip_004.mp4,ski_backflip,44,375
ski_backflip_005.mp4,ski_backflip,110,375
ski_backflip_006.mp4,ski_backflip,61,375
ski_backflip_007.mp4,ski_backflip,92,375
ski_backflip_008.mp4,ski_backflip,47,375
ski_backflip_009.mp4,ski_backflip,331,375
ski_backflip_010.mp4,ski_backflip,47,375
ski_backflip_011.mp4,ski_backflip,130,375
ski_backflip_012.mp4,ski_backflip,71,375
ski_backflip_013.mp4,ski_backflip,51,375
ski_backflip_014.mp4,ski_backflip,37,375
ski_backflip_015.mp4,ski_backflip,66,375
ski_cork_000.mp4,ski_cork,40,376
ski_cork_001.mp4,ski_cork,66,376
ski_cork_002.mp4,ski_cork,85,376
ski_cork_003.mp4,ski_cork,60,376
ski_cork_004.mp4,ski_cork,49,376
ski_cork_005.mp4,ski_cork,62,376
ski_cork_006.mp4,ski_cork,121,376
ski_cork_007.mp4,ski_cork,70,376
ski_cork_008.mp4,ski_cork,143,376
ski_cork_009.mp4,ski_cork,247,376
ski_cork_010.mp4,ski_cork,97,376
ski_cork_011.mp4,ski_cork,139,376
ski_cork_012.mp4,ski_cork,97,376
ski_cork_013.mp4,ski_cork,141,376
ski_cork_014.mp4,ski_cork,51,376
ski_cork_015.mp4,ski_cork,33,376
ski_frontflip_000.mp4,ski_frontflip,50,377
ski_frontflip_001.mp4,ski_frontflip,72,377
ski_frontflip_002.mp4,ski_frontflip,40,377
ski_frontflip_003.mp4,ski_frontflip,78,377
ski_frontflip_004.mp4,ski_frontflip,61,377
ski_frontflip_005.mp4,ski_frontflip,148,377
ski_frontflip_006.mp4,ski_frontflip,58,377
ski_frontflip_007.mp4,ski_frontflip,71,377
ski_frontflip_008.mp4,ski_frontflip,37,377
ski_frontflip_009.mp4,ski_frontflip,27,377
ski_frontflip_010.mp4,ski_frontflip,79,377
ski_frontflip_011.mp4,ski_frontflip,54,377
ski_frontflip_012.mp4,ski_frontflip,48,377
ski_frontflip_013.mp4,ski_frontflip,40,377
ski_frontflip_014.mp4,ski_frontflip,15,377
ski_frontflip_015.mp4,ski_frontflip,47,377
ski_jump_land_000.mp4,ski_jump_land,74,378
ski_jump_land_001.mp4,ski_jump_land,42,378
ski_jump_land_002.mp4,ski_jump_land,41,378
ski_jump_land_003.mp4,ski_jump_land,21,378
ski_jump_land_004.mp4,ski_jump_land,52,378
ski_jump_land_005.mp4,ski_jump_land,29,378
ski_jump_land_006.mp4,ski_jump_land,52,378
ski_jump_land_007.mp4,ski_jump_land,37,378
ski_jump_land_008.mp4,ski_jump_land,43,378
ski_jump_land_009.mp4,ski_jump_land,31,378
ski_jump_land_010.mp4,ski_jump_land,43,378
ski_jump_land_011.mp4,ski_jump_land,32,378
ski_jump_land_012.mp4,ski_jump_land,33,378
ski_jump_land_013.mp4,ski_jump_land,57,378
ski_jump_land_014.mp4,ski_jump_land,30,378
ski_jump_land_015.mp4,ski_jump_land,44,378
ski_jump_midair_000.mp4,ski_jump_midair,61,379
ski_jump_midair_001.mp4,ski_jump_midair,109,379
ski_jump_midair_002.mp4,ski_jump_midair,49,379
ski_jump_midair_003.mp4,ski_jump_midair,10,379
ski_jump_midair_004.mp4,ski_jump_midair,28,379
ski_jump_midair_005.mp4,ski_jump_midair,25,379
ski_jump_midair_006.mp4,ski_jump_midair,86,379
ski_jump_midair_007.mp4,ski_jump_midair,21,379
ski_jump_midair_008.mp4,ski_jump_midair,95,379
ski_jump_midair_009.mp4,ski_jump_midair,40,379
ski_jump_midair_010.mp4,ski_jump_midair,74,379
ski_jump_midair_011.mp4,ski_jump_midair,34,379
ski_jump_midair_012.mp4,ski_jump_midair,68,379
ski_jump_midair_013.mp4,ski_jump_midair,81,379
ski_jump_midair_014.mp4,ski_jump_midair,80,379
ski_jump_midair_015.mp4,ski_jump_midair,77,379
ski_jump_slide_000.mp4,ski_jump_slide,148,380
ski_jump_slide_001.mp4,ski_jump_slide,90,380
ski_jump_slide_002.mp4,ski_jump_slide,49,380
ski_jump_slide_003.mp4,ski_jump_slide,32,380
ski_jump_slide_004.mp4,ski_jump_slide,28,380
ski_jump_slide_005.mp4,ski_jump_slide,58,380
ski_jump_slide_006.mp4,ski_jump_slide,97,380
ski_jump_slide_007.mp4,ski_jump_slide,55,380
ski_jump_slide_008.mp4,ski_jump_slide,71,380
ski_jump_slide_009.mp4,ski_jump_slide,21,380
ski_jump_slide_010.mp4,ski_jump_slide,53,380
ski_jump_slide_011.mp4,ski_jump_slide,86,380
ski_jump_slide_012.mp4,ski_jump_slide,49,380
ski_jump_slide_013.mp4,ski_jump_slide,70,380
ski_jump_slide_014.mp4,ski_jump_slide,25,380
ski_jump_slide_015.mp4,ski_jump_slide,73,380
skydiving_000.mp4,skydiving,65,381
skydiving_001.mp4,skydiving,15,381
skydiving_002.mp4,skydiving,23,381
skydiving_003.mp4,skydiving,57,381
skydiving_004.mp4,skydiving,90,381
skydiving_005.mp4,skydiving,50,381
skydiving_006.mp4,skydiving,23,381
skydiving_007.mp4,skydiving,21,381
skydiving_008.mp4,skydiving,39,381
skydiving_009.mp4,skydiving,21,381
skydiving_010.mp4,skydiving,77,381
skydiving_011.mp4,skydiving,129,381
skydiving_012.mp4,skydiving,106,381
skydiving_013.mp4,skydiving,110,381
skydiving_014.mp4,skydiving,49,381
skydiving_015.mp4,skydiving,72,381
sledgehammer_strike_down_000.mp4,sledgehammer_strike_down,24,382
sledgehammer_strike_down_001.mp4,sledgehammer_strike_down,14,382
sledgehammer_strike_down_002.mp4,sledgehammer_strike_down,38,382
sledgehammer_strike_down_003.mp4,sledgehammer_strike_down,39,382
sledgehammer_strike_down_004.mp4,sledgehammer_strike_down,20,382
sledgehammer_strike_down_005.mp4,sledgehammer_strike_down,34,382
sledgehammer_strike_down_006.mp4,sledgehammer_strike_down,20,382
sledgehammer_strike_down_007.mp4,sledgehammer_strike_down,21,382
sledgehammer_strike_down_008.mp4,sledgehammer_strike_down,21,382
sledgehammer_strike_down_009.mp4,sledgehammer_strike_down,23,382
sledgehammer_strike_down_010.mp4,sledgehammer_strike_down,33,382
sledgehammer_strike_down_011.mp4,sledgehammer_strike_down,29,382
sledgehammer_strike_down_012.mp4,sledgehammer_strike_down,14,382
sledgehammer_strike_down_013.mp4,sledgehammer_strike_down,25,382
sledgehammer_strike_down_014.mp4,sledgehammer_strike_down,39,382
sledgehammer_strike_down_015.mp4,sledgehammer_strike_down,10,382
sling_000.mp4,sling,85,383
sling_001.mp4,sling,33,383
sling_002.mp4,sling,59,383
sling_003.mp4,sling,46,383
sling_004.mp4,sling,41,383
sling_005.mp4,sling,73,383
sling_006.mp4,sling,60,383
sling_007.mp4,sling,71,383
sling_008.mp4,sling,30,383
sling_009.mp4,sling,48,383
sling_010.mp4,sling,43,383
sling_011.mp4,sling,53,383
sling_012.mp4,sling,50,383
sling_013.mp4,sling,19,383
sling_014.mp4,sling,49,383
sling_015.mp4,sling,74,383
slingshot_000.mp4,slingshot,53,384
slingshot_001.mp4,slingshot,39,384
slingshot_002.mp4,slingshot,49,384
slingshot_003.mp4,slingshot,76,384
slingshot_004.mp4,slingshot,113,384
slingshot_005.mp4,slingshot,46,384
slingshot_006.mp4,slingshot,38,384
slingshot_007.mp4,slingshot,67,384
slingshot_008.mp4,slingshot,30,384
slingshot_009.mp4,slingshot,60,384
slingshot_010.mp4,slingshot,8,384
slingshot_011.mp4,slingshot,115,384
slingshot_012.mp4,slingshot,35,384
slingshot_013.mp4,slingshot,20,384
slingshot_014.mp4,slingshot,106,384
slingshot_015.mp4,slingshot,43,384
smoking_exhale_000.mp4,smoking_exhale,50,385
smoking_exhale_001.mp4,smoking_exhale,89,385
smoking_exhale_002.mp4,smoking_exhale,80,385
smoking_exhale_003.mp4,smoking_exhale,44,385
smoking_exhale_004.mp4,smoking_exhale,76,385
smoking_exhale_005.mp4,smoking_exhale,57,385
smoking_exhale_006.mp4,smoking_exhale,43,385
smoking_exhale_007.mp4,smoking_exhale,63,385
smoking_exhale_008.mp4,smoking_exhale,81,385
smoking_exhale_009.mp4,smoking_exhale,55,385
smoking_exhale_010.mp4,smoking_exhale,64,385
smoking_exhale_011.mp4,smoking_exhale,66,385
smoking_exhale_012.mp4,smoking_exhale,35,385
smoking_exhale_013.mp4,smoking_exhale,47,385
smoking_exhale_014.mp4,smoking_exhale,60,385
smoking_exhale_015.mp4,smoking_exhale,67,385
smoking_inhale_000.mp4,smoking_inhale,35,386
smoking_inhale_001.mp4,smoking_inhale,90,386
smoking_inhale_002.mp4,smoking_inhale,53,386
smoking_inhale_003.mp4,smoking_inhale,48,386
smoking_inhale_004.mp4,smoking_inhale,23,386
smoking_inhale_005.mp4,smoking_inhale,65,386
smoking_inhale_006.mp4,smoking_inhale,48,386
smoking_inhale_007.mp4,smoking_inhale,52,386
smoking_inhale_008.mp4,smoking_inhale,72,386
smoking_inhale_009.mp4,smoking_inhale,85,386
smoking_inhale_010.mp4,smoking_inhale,46,386
smoking_inhale_011.mp4,smoking_inhale,69,386
smoking_inhale_012.mp4,smoking_inhale,24,386
smoking_inhale_013.mp4,smoking_inhale,27,386
smoking_inhale_014.mp4,smoking_inhale,30,386
smoking_inhale_015.mp4,smoking_inhale,25,386
snorkeling_000.mp4,snorkeling,106,387
snorkeling_001.mp4,snorkeling,37,387
snorkeling_002.mp4,snorkeling,82,387
snorkeling_003.mp4,snorkeling,48,387
snorkeling_004.mp4,snorkeling,69,387
snorkeling_005.mp4,snorkeling,32,387
snorkeling_006.mp4,snorkeling,37,387
snorkeling_007.mp4,snorkeling,39,387
snorkeling_008.mp4,snorkeling,62,387
snorkeling_009.mp4,snorkeling,66,387
snorkeling_010.mp4,snorkeling,82,387
snorkeling_011.mp4,snorkeling,52,387
snorkeling_012.mp4,snorkeling,37,387
snorkeling_013.mp4,snorkeling,50,387
snorkeling_014.mp4,snorkeling,122,387
snorkeling_015.mp4,snorkeling,102,387
snow_angel_000.mp4,snow_angel,37,388
snow_angel_001.mp4,snow_angel,46,388
snow_angel_002.mp4,snow_angel,150,388
snow_angel_003.mp4,snow_angel,100,388
snow_angel_004.mp4,snow_angel,60,388
snow_angel_005.mp4,snow_angel,134,388
snow_angel_006.mp4,snow_angel,121,388
snow_angel_007.mp4,snow_angel,107,388
snow_angel_008.mp4,snow_angel,79,388
snow_angel_009.mp4,snow_angel,65,388
snow_angel_010.mp4,snow_angel,99,388
snow_angel_011.mp4,snow_angel,100,388
snow_angel_012.mp4,snow_angel,50,388
snow_angel_013.mp4,snow_angel,65,388
snow_angel_014.mp4,snow_angel,89,388
snow_angel_015.mp4,snow_angel,64,388
snowboard_jump_000.mp4,snowboard_jump,68,389
snowboard_jump_001.mp4,snowboard_jump,82,389
snowboard_jump_002.mp4,snowboard_jump,77,389
snowboard_jump_003.mp4,snowboard_jump,64,389
snowboard_jump_004.mp4,snowboard_jump,87,389
snowboard_jump_005.mp4,snowboard_jump,192,389
snowboard_jump_006.mp4,snowboard_jump,80,389
snowboard_jump_007.mp4,snowboard_jump,51,389
snowboard_jump_008.mp4,snowboard_jump,104,389
snowboard_jump_009.mp4,snowboard_jump,62,389
snowboard_jump_010.mp4,snowboard_jump,212,389
snowboard_jump_011.mp4,snowboard_jump,44,389
snowboard_jump_012.mp4,snowboard_jump,52,389
snowboard_jump_013.mp4,snowboard_jump,53,389
snowboard_jump_014.mp4,snowboard_jump,95,389
snowboard_jump_015.mp4,snowboard_jump,53,389
snowboard_slide_000.mp4,snowboard_slide,47,390
snowboard_slide_001.mp4,snowboard_slide,67,390
snowboard_slide_002.mp4,snowboard_slide,60,390
snowboard_slide_003.mp4,snowboard_slide,50,390
snowboard_slide_004.mp4,snowboard_slide,76,390
snowboard_slide_005.mp4,snowboard_slide,75,390
snowboard_slide_006.mp4,snowboard_slide,83,390
snowboard_slide_007.mp4,snowboard_slide,56,390
snowboard_slide_008.mp4,snowboard_slide,62,390
snowboard_slide_009.mp4,snowboard_slide,31,390
snowboard_slide_010.mp4,snowboard_slide,66,390
snowboard_slide_011.mp4,snowboard_slide,42,390
snowboard_slide_012.mp4,snowboard_slide,27,390
snowboard_slide_013.mp4,snowboard_slide,57,390
snowboard_slide_014.mp4,snowboard_slide,45,390
snowboard_slide_015.mp4,snowboard_slide,52,390
soccer_dribble_000.mp4,soccer_dribble,60,391
soccer_dribble_001.mp4,soccer_dribble,66,391
soccer_dribble_002.mp4,soccer_dribble,57,391
soccer_dribble_003.mp4,soccer_dribble,72,391
soccer_dribble_004.mp4,soccer_dribble,50,391
soccer_dribble_005.mp4,soccer_dribble,30,391
soccer_dribble_006.mp4,soccer_dribble,64,391
soccer_dribble_007.mp4,soccer_dribble,47,391
soccer_dribble_008.mp4,soccer_dribble,16,391
soccer_dribble_009.mp4,soccer_dribble,73,391
soccer_dribble_010.mp4,soccer_dribble,32,391
soccer_dribble_011.mp4,soccer_dribble,75,391
soccer_dribble_012.mp4,soccer_dribble,67,391
soccer_dribble_013.mp4,soccer_dribble,65,391
soccer_dribble_014.mp4,soccer_dribble,53,391
soccer_dribble_015.mp4,soccer_dribble,27,391
soccer_header_000.mp4,soccer_header,43,392
soccer_header_001.mp4,soccer_header,32,392
soccer_header_002.mp4,soccer_header,32,392
soccer_header_003.mp4,soccer_header,37,392
soccer_header_004.mp4,soccer_header,74,392
soccer_header_005.mp4,soccer_header,27,392
soccer_header_006.mp4,soccer_header,18,392
soccer_header_007.mp4,soccer_header,29,392
soccer_header_008.mp4,soccer_header,31,392
soccer_header_009.mp4,soccer_header,60,392
soccer_header_010.mp4,soccer_header,33,392
soccer_header_011.mp4,soccer_header,107,392
soccer_header_012.mp4,soccer_header,27,392
soccer_header_013.mp4,soccer_header,19,392
soccer_header_014.mp4,soccer_header,18,392
soccer_header_015.mp4,soccer_header,41,392
soccer_save_000.mp4,soccer_save,48,393
soccer_save_001.mp4,soccer_save,65,393
soccer_save_002.mp4,soccer_save,68,393
soccer_save_003.mp4,soccer_save,46,393
soccer_save_004.mp4,soccer_save,25,393
soccer_save_005.mp4,soccer_save,139,393
soccer_save_006.mp4,soccer_save,69,393
soccer_save_007.mp4,soccer_save,41,393
soccer_save_008.mp4,soccer_save,59,393
soccer_save_009.mp4,soccer_save,23,393
soccer_save_010.mp4,soccer_save,29,393
soccer_save_011.mp4,soccer_save,49,393
soccer_save_012.mp4,soccer_save,36,393
soccer_save_013.mp4,soccer_save,36,393
soccer_save_014.mp4,soccer_save,61,393
soccer_save_015.mp4,soccer_save,28,393
soccer_shoot_000.mp4,soccer_shoot,60,394
soccer_shoot_001.mp4,soccer_shoot,16,394
soccer_shoot_002.mp4,soccer_shoot,23,394
soccer_shoot_003.mp4,soccer_shoot,24,394
soccer_shoot_004.mp4,soccer_shoot,24,394
soccer_shoot_005.mp4,soccer_shoot,18,394
soccer_shoot_006.mp4,soccer_shoot,33,394
soccer_shoot_007.mp4,soccer_shoot,23,394
soccer_shoot_008.mp4,soccer_shoot,17,394
soccer_shoot_009.mp4,soccer_shoot,18,394
soccer_shoot_010.mp4,soccer_shoot,21,394
soccer_shoot_011.mp4,soccer_shoot,35,394
soccer_shoot_012.mp4,soccer_shoot,34,394
soccer_shoot_013.mp4,soccer_shoot,63,394
soccer_shoot_014.mp4,soccer_shoot,25,394
soccer_shoot_015.mp4,soccer_shoot,27,394
soccer_throw_000.mp4,soccer_throw,17,395
soccer_throw_001.mp4,soccer_throw,44,395
soccer_throw_002.mp4,soccer_throw,46,395
soccer_throw_003.mp4,soccer_throw,31,395
soccer_throw_004.mp4,soccer_throw,40,395
soccer_throw_005.mp4,soccer_throw,33,395
soccer_throw_006.mp4,soccer_throw,33,395
soccer_throw_007.mp4,soccer_throw,25,395
soccer_throw_008.mp4,soccer_throw,29,395
soccer_throw_009.mp4,soccer_throw,32,395
soccer_throw_010.mp4,soccer_throw,27,395
soccer_throw_011.mp4,soccer_throw,23,395
soccer_throw_012.mp4,soccer_throw,27,395
soccer_throw_013.mp4,soccer_throw,46,395
soccer_throw_014.mp4,soccer_throw,27,395
soccer_throw_015.mp4,soccer_throw,29,395
softball_pitch_000.mp4,softball_pitch,26,396
softball_pitch_001.mp4,softball_pitch,37,396
softball_pitch_002.mp4,softball_pitch,44,396
softball_pitch_003.mp4,softball_pitch,120,396
softball_pitch_004.mp4,softball_pitch,30,396
softball_pitch_005.mp4,softball_pitch,40,396
softball_pitch_006.mp4,softball_pitch,113,396
softball_pitch_007.mp4,softball_pitch,30,396
softball_pitch_008.mp4,softball_pitch,36,396
softball_pitch_009.mp4,softball_pitch,25,396
softball_pitch_010.mp4,softball_pitch,99,396
softball_pitch_011.mp4,softball_pitch,17,396
softball_pitch_012.mp4,softball_pitch,32,396
softball_pitch_013.mp4,softball_pitch,28,396
softball_pitch_014.mp4,softball_pitch,33,396
softball_pitch_015.mp4,softball_pitch,125,396
speed_stack_000.mp4,speed_stack,165,397
speed_stack_001.mp4,speed_stack,202,397
speed_stack_002.mp4,speed_stack,221,397
speed_stack_003.mp4,speed_stack,208,397
speed_stack_004.mp4,speed_stack,173,397
speed_stack_005.mp4,speed_stack,251,397
speed_stack_006.mp4,speed_stack,473,397
speed_stack_007.mp4,speed_stack,208,397
speed_stack_008.mp4,speed_stack,202,397
speed_stack_009.mp4,speed_stack,285,397
speed_stack_010.mp4,speed_stack,169,397
speed_stack_011.mp4,speed_stack,167,397
speed_stack_012.mp4,speed_stack,884,397
speed_stack_013.mp4,speed_stack,412,397
speed_stack_014.mp4,speed_stack,655,397
speed_stack_015.mp4,speed_stack,366,397
speedskating_forward_000.mp4,speedskating_forward,33,398
speedskating_forward_001.mp4,speedskating_forward,51,398
speedskating_forward_002.mp4,speedskating_forward,28,398
speedskating_forward_003.mp4,speedskating_forward,32,398
speedskating_forward_004.mp4,speedskating_forward,62,398
speedskating_forward_005.mp4,speedskating_forward,40,398
speedskating_forward_006.mp4,speedskating_forward,41,398
speedskating_forward_007.mp4,speedskating_forward,58,398
speedskating_forward_008.mp4,speedskating_forward,75,398
speedskating_forward_009.mp4,speedskating_forward,33,398
speedskating_forward_010.mp4,speedskating_forward,57,398
speedskating_forward_011.mp4,speedskating_forward,60,398
speedskating_forward_012.mp4,speedskating_forward,47,398
speedskating_forward_013.mp4,speedskating_forward,34,398
speedskating_forward_014.mp4,speedskating_forward,65,398
speedskating_forward_015.mp4,speedskating_forward,62,398
spinning_basketball_000.mp4,spinning_basketball,54,399
spinning_basketball_001.mp4,spinning_basketball,59,399
spinning_basketball_002.mp4,spinning_basketball,36,399
spinning_basketball_003.mp4,spinning_basketball,51,399
spinning_basketball_004.mp4,spinning_basketball,28,399
spinning_basketball_005.mp4,spinning_basketball,74,399
spinning_basketball_006.mp4,spinning_basketball,39,399
spinning_basketball_007.mp4,spinning_basketball,40,399
spinning_basketball_008.mp4,spinning_basketball,49,399
spinning_basketball_009.mp4,spinning_basketball,37,399
spinning_basketball_010.mp4,spinning_basketball,36,399
spinning_basketball_011.mp4,spinning_basketball,36,399
spinning_basketball_012.mp4,spinning_basketball,47,399
spinning_basketball_013.mp4,spinning_basketball,48,399
spinning_basketball_014.mp4,spinning_basketball,31,399
spinning_basketball_015.mp4,spinning_basketball,54,399
spinning_book_000.mp4,spinning_book,60,400
spinning_book_001.mp4,spinning_book,51,400
spinning_book_002.mp4,spinning_book,55,400
spinning_book_003.mp4,spinning_book,46,400
spinning_book_004.mp4,spinning_book,56,400
spinning_book_005.mp4,spinning_book,75,400
spinning_book_006.mp4,spinning_book,62,400
spinning_book_007.mp4,spinning_book,41,400
spinning_book_008.mp4,spinning_book,56,400
spinning_book_009.mp4,spinning_book,42,400
spinning_book_010.mp4,spinning_book,56,400
spinning_book_011.mp4,spinning_book,56,400
spinning_book_012.mp4,spinning_book,59,400
spinning_book_013.mp4,spinning_book,42,400
spinning_book_014.mp4,spinning_book,52,400
spinning_book_015.mp4,spinning_book,56,400
spinning_plate_000.mp4,spinning_plate,10,401
spinning_plate_001.mp4,spinning_plate,44,401
spinning_plate_002.mp4,spinning_plate,57,401
spinning_plate_003.mp4,spinning_plate,107,401
spinning_plate_004.mp4,spinning_plate,188,401
spinning_plate_005.mp4,spinning_plate,254,401
spinning_plate_006.mp4,spinning_plate,43,401
spinning_plate_007.mp4,spinning_plate,27,401
spinning_plate_008.mp4,spinning_plate,31,401
spinning_plate_009.mp4,spinning_plate,25,401
spinning_plate_010.mp4,spinning_plate,64,401
spinning_plate_011.mp4,spinning_plate,122,401
spinning_plate_012.mp4,spinning_plate,360,401
spinning_plate_013.mp4,spinning_plate,69,401
spinning_plate_014.mp4,spinning_plate,92,401
spinning_plate_015.mp4,spinning_plate,64,401
spitting_on_face_000.mp4,spitting_on_face,50,402
spitting_on_face_001.mp4,spitting_on_face,33,402
spitting_on_face_002.mp4,spitting_on_face,28,402
spitting_on_face_003.mp4,spitting_on_face,28,402
spitting_on_face_004.mp4,spitting_on_face,34,402
spitting_on_face_005.mp4,spitting_on_face,42,402
spitting_on_face_006.mp4,spitting_on_face,34,402
spitting_on_face_007.mp4,spitting_on_face,49,402
spitting_on_face_008.mp4,spitting_on_face,46,402
spitting_on_face_009.mp4,spitting_on_face,49,402
spitting_on_face_010.mp4,spitting_on_face,28,402
spitting_on_face_011.mp4,spitting_on_face,47,402
spitting_on_face_012.mp4,spitting_on_face,89,402
spitting_on_face_013.mp4,spitting_on_face,35,402
spitting_on_face_014.mp4,spitting_on_face,32,402
spitting_on_face_015.mp4,spitting_on_face,24,402
split_leap_000.mp4,split_leap,29,403
split_leap_001.mp4,split_leap,38,403
split_leap_002.mp4,split_leap,63,403
split_leap_003.mp4,split_leap,31,403
split_leap_004.mp4,split_leap,77,403
split_leap_005.mp4,split_leap,75,403
split_leap_006.mp4,split_leap,141,403
split_leap_007.mp4,split_leap,42,403
split_leap_008.mp4,split_leap,31,403
split_leap_009.mp4,split_leap,38,403
split_leap_010.mp4,split_leap,22,403
split_leap_011.mp4,split_leap,29,403
split_leap_012.mp4,split_leap,24,403
split_leap_013.mp4,split_leap,40,403
split_leap_014.mp4,split_leap,68,403
split_leap_015.mp4,split_leap,30,403
spraying_wall_000.mp4,spraying_wall,112,404
spraying_wall_001.mp4,spraying_wall,67,404
spraying_wall_002.mp4,spraying_wall,49,404
spraying_wall_003.mp4,spraying_wall,61,404
spraying_wall_004.mp4,spraying_wall,36,404
spraying_wall_005.mp4,spraying_wall,85,404
spraying_wall_006.mp4,spraying_wall,16,404
spraying_wall_007.mp4,spraying_wall,50,404
spraying_wall_008.mp4,spraying_wall,120,404
spraying_wall_009.mp4,spraying_wall,112,404
spraying_wall_010.mp4,spraying_wall,60,404
spraying_wall_011.mp4,spraying_wall,100,404
spraying_wall_012.mp4,spraying_wall,78,404
spraying_wall_013.mp4,spraying_wall,175,404
spraying_wall_014.mp4,spraying_wall,228,404
spraying_wall_015.mp4,spraying_wall,173,404
sprint_kneel_000.mp4,sprint_kneel,42,405
sprint_kneel_001.mp4,sprint_kneel,33,405
sprint_kneel_002.mp4,sprint_kneel,32,405
sprint_kneel_003.mp4,sprint_kneel,33,405
sprint_kneel_004.mp4,sprint_kneel,79,405
sprint_kneel_005.mp4,sprint_kneel,43,405
sprint_kneel_006.mp4,sprint_kneel,34,405
sprint_kneel_007.mp4,sprint_kneel,42,405
sprint_kneel_008.mp4,sprint_kneel,73,405
sprint_kneel_009.mp4,sprint_kneel,41,405
sprint_kneel_010.mp4,sprint_kneel,59,405
sprint_kneel_011.mp4,sprint_kneel,37,405
sprint_kneel_012.mp4,sprint_kneel,54,405
sprint_kneel_013.mp4,sprint_kneel,29,405
sprint_kneel_014.mp4,sprint_kneel,20,405
sprint_kneel_015.mp4,sprint_kneel,32,405
sprint_run_000.mp4,sprint_run,84,406
sprint_run_001.mp4,sprint_run,34,406
sprint_run_002.mp4,sprint_run,47,406
sprint_run_003.mp4,sprint_run,31,406
sprint_run_004.mp4,sprint_run,26,406
sprint_run_005.mp4,sprint_run,24,406
sprint_run_006.mp4,sprint_run,34,406
sprint_run_007.mp4,sprint_run,46,406
sprint_run_008.mp4,sprint_run,39,406
sprint_run_009.mp4,sprint_run,43,406
sprint_run_010.mp4,sprint_run,25,406
sprint_run_011.mp4,sprint_run,54,406
sprint_run_012.mp4,sprint_run,65,406
sprint_run_013.mp4,sprint_run,36,406
sprint_run_014.mp4,sprint_run,36,406
sprint_run_015.mp4,sprint_run,153,406
sprint_start_000.mp4,sprint_start,18,407
sprint_start_001.mp4,sprint_start,18,407
sprint_start_002.mp4,sprint_start,29,407
sprint_start_003.mp4,sprint_start,23,407
sprint_start_004.mp4,sprint_start,20,407
sprint_start_005.mp4,sprint_start,35,407
sprint_start_006.mp4,sprint_start,29,407
sprint_start_007.mp4,sprint_start,41,407
sprint_start_008.mp4,sprint_start,15,407
sprint_start_009.mp4,sprint_start,23,407
sprint_start_010.mp4,sprint_start,25,407
sprint_start_011.mp4,sprint_start,21,407
sprint_start_012.mp4,sprint_start,54,407
sprint_start_013.mp4,sprint_start,28,407
sprint_start_014.mp4,sprint_start,22,407
sprint_start_015.mp4,sprint_start,46,407
squash_backhand_000.mp4,squash_backhand,17,408
squash_backhand_001.mp4,squash_backhand,22,408
squash_backhand_002.mp4,squash_backhand,20,408
squash_backhand_003.mp4,squash_backhand,56,408
squash_backhand_004.mp4,squash_backhand,24,408
squash_backhand_005.mp4,squash_backhand,18,408
squash_backhand_006.mp4,squash_backhand,18,408
squash_backhand_007.mp4,squash_backhand,11,408
squash_backhand_008.mp4,squash_backhand,15,408
squash_backhand_009.mp4,squash_backhand,26,408
squash_backhand_010.mp4,squash_backhand,22,408
squash_backhand_011.mp4,squash_backhand,21,408
squash_backhand_012.mp4,squash_backhand,20,408
squash_backhand_013.mp4,squash_backhand,19,408
squash_backhand_014.mp4,squash_backhand,20,408
squash_backhand_015.mp4,squash_backhand,19,408
squash_forehand_000.mp4,squash_forehand,23,409
squash_forehand_001.mp4,squash_forehand,27,409
squash_forehand_002.mp4,squash_forehand,26,409
squash_forehand_003.mp4,squash_forehand,76,409
squash_forehand_004.mp4,squash_forehand,33,409
squash_forehand_005.mp4,squash_forehand,34,409
squash_forehand_006.mp4,squash_forehand,42,409
squash_forehand_007.mp4,squash_forehand,19,409
squash_forehand_008.mp4,squash_forehand,22,409
squash_forehand_009.mp4,squash_forehand,19,409
squash_forehand_010.mp4,squash_forehand,15,409
squash_forehand_011.mp4,squash_forehand,30,409
squash_forehand_012.mp4,squash_forehand,15,409
squash_forehand_013.mp4,squash_forehand,16,409
squash_forehand_014.mp4,squash_forehand,20,409
squash_forehand_015.mp4,squash_forehand,24,409
sticking tongue out_000.mp4,sticking tongue out,23,410
sticking tongue out_001.mp4,sticking tongue out,26,410
sticking tongue out_002.mp4,sticking tongue out,27,410
sticking tongue out_003.mp4,sticking tongue out,29,410
sticking tongue out_004.mp4,sticking tongue out,23,410
sticking tongue out_005.mp4,sticking tongue out,35,410
sticking tongue out_006.mp4,sticking tongue out,27,410
sticking tongue out_007.mp4,sticking tongue out,20,410
sticking tongue out_008.mp4,sticking tongue out,15,410
sticking tongue out_009.mp4,sticking tongue out,15,410
sticking tongue out_010.mp4,sticking tongue out,34,410
sticking tongue out_011.mp4,sticking tongue out,27,410
sticking tongue out_012.mp4,sticking tongue out,15,410
sticking tongue out_013.mp4,sticking tongue out,22,410
sticking tongue out_014.mp4,sticking tongue out,17,410
sticking tongue out_015.mp4,sticking tongue out,18,410
stomping_grapes_000.mp4,stomping_grapes,45,411
stomping_grapes_001.mp4,stomping_grapes,43,411
stomping_grapes_002.mp4,stomping_grapes,70,411
stomping_grapes_003.mp4,stomping_grapes,43,411
stomping_grapes_004.mp4,stomping_grapes,40,411
stomping_grapes_005.mp4,stomping_grapes,78,411
stomping_grapes_006.mp4,stomping_grapes,105,411
stomping_grapes_007.mp4,stomping_grapes,55,411
stomping_grapes_008.mp4,stomping_grapes,134,411
stomping_grapes_009.mp4,stomping_grapes,59,411
stomping_grapes_010.mp4,stomping_grapes,61,411
stomping_grapes_011.mp4,stomping_grapes,19,411
stomping_grapes_012.mp4,stomping_grapes,42,411
stomping_grapes_013.mp4,stomping_grapes,54,411
stomping_grapes_014.mp4,stomping_grapes,32,411
stomping_grapes_015.mp4,stomping_grapes,117,411
stone_skipping_000.mp4,stone_skipping,44,412
stone_skipping_001.mp4,stone_skipping,7,412
stone_skipping_002.mp4,stone_skipping,21,412
stone_skipping_003.mp4,stone_skipping,19,412
stone_skipping_004.mp4,stone_skipping,22,412
stone_skipping_005.mp4,stone_skipping,31,412
stone_skipping_006.mp4,stone_skipping,19,412
stone_skipping_007.mp4,stone_skipping,36,412
stone_skipping_008.mp4,stone_skipping,14,412
stone_skipping_009.mp4,stone_skipping,15,412
stone_skipping_010.mp4,stone_skipping,13,412
stone_skipping_011.mp4,stone_skipping,16,412
stone_skipping_012.mp4,stone_skipping,33,412
stone_skipping_013.mp4,stone_skipping,15,412
stone_skipping_014.mp4,stone_skipping,10,412
stone_skipping_015.mp4,stone_skipping,52,412
styling_hair_000.mp4,styling_hair,30,413
styling_hair_001.mp4,styling_hair,54,413
styling_hair_002.mp4,styling_hair,80,413
styling_hair_003.mp4,styling_hair,33,413
styling_hair_004.mp4,styling_hair,47,413
styling_hair_005.mp4,styling_hair,70,413
styling_hair_006.mp4,styling_hair,71,413
styling_hair_007.mp4,styling_hair,52,413
styling_hair_008.mp4,styling_hair,87,413
styling_hair_009.mp4,styling_hair,53,413
styling_hair_010.mp4,styling_hair,41,413
styling_hair_011.mp4,styling_hair,49,413
styling_hair_012.mp4,styling_hair,29,413
styling_hair_013.mp4,styling_hair,79,413
styling_hair_014.mp4,styling_hair,56,413
styling_hair_015.mp4,styling_hair,58,413
surfing_000.mp4,surfing,29,414
surfing_001.mp4,surfing,30,414
surfing_002.mp4,surfing,48,414
surfing_003.mp4,surfing,60,414
surfing_004.mp4,surfing,27,414
surfing_005.mp4,surfing,66,414
surfing_006.mp4,surfing,46,414
surfing_007.mp4,surfing,36,414
surfing_008.mp4,surfing,31,414
surfing_009.mp4,surfing,28,414
surfing_010.mp4,surfing,29,414
surfing_011.mp4,surfing,31,414
surfing_012.mp4,surfing,31,414
surfing_013.mp4,surfing,27,414
surfing_014.mp4,surfing,17,414
surfing_015.mp4,surfing,51,414
swimming_backstroke_000.mp4,swimming_backstroke,94,415
swimming_backstroke_001.mp4,swimming_backstroke,96,415
swimming_backstroke_002.mp4,swimming_backstroke,60,415
swimming_backstroke_003.mp4,swimming_backstroke,46,415
swimming_backstroke_004.mp4,swimming_backstroke,61,415
swimming_backstroke_005.mp4,swimming_backstroke,142,415
swimming_backstroke_006.mp4,swimming_backstroke,58,415
swimming_backstroke_007.mp4,swimming_backstroke,147,415
swimming_backstroke_008.mp4,swimming_backstroke,80,415
swimming_backstroke_009.mp4,swimming_backstroke,77,415
swimming_backstroke_010.mp4,swimming_backstroke,111,415
swimming_backstroke_011.mp4,swimming_backstroke,101,415
swimming_backstroke_012.mp4,swimming_backstroke,99,415
swimming_backstroke_013.mp4,swimming_backstroke,90,415
swimming_backstroke_014.mp4,swimming_backstroke,103,415
swimming_backstroke_015.mp4,swimming_backstroke,115,415
swimming_breast_stroke_000.mp4,swimming_breast_stroke,42,416
swimming_breast_stroke_001.mp4,swimming_breast_stroke,43,416
swimming_breast_stroke_002.mp4,swimming_breast_stroke,45,416
swimming_breast_stroke_003.mp4,swimming_breast_stroke,72,416
swimming_breast_stroke_004.mp4,swimming_breast_stroke,44,416
swimming_breast_stroke_005.mp4,swimming_breast_stroke,66,416
swimming_breast_stroke_006.mp4,swimming_breast_stroke,48,416
swimming_breast_stroke_007.mp4,swimming_breast_stroke,83,416
swimming_breast_stroke_008.mp4,swimming_breast_stroke,123,416
swimming_breast_stroke_009.mp4,swimming_breast_stroke,66,416
swimming_breast_stroke_010.mp4,swimming_breast_stroke,41,416
swimming_breast_stroke_011.mp4,swimming_breast_stroke,79,416
swimming_breast_stroke_012.mp4,swimming_breast_stroke,52,416
swimming_breast_stroke_013.mp4,swimming_breast_stroke,69,416
swimming_breast_stroke_014.mp4,swimming_breast_stroke,62,416
swimming_breast_stroke_015.mp4,swimming_breast_stroke,69,416
swimming_butterfly_stroke_000.mp4,swimming_butterfly_stroke,49,417
swimming_butterfly_stroke_001.mp4,swimming_butterfly_stroke,43,417
swimming_butterfly_stroke_002.mp4,swimming_butterfly_stroke,47,417
swimming_butterfly_stroke_003.mp4,swimming_butterfly_stroke,51,417
swimming_butterfly_stroke_004.mp4,swimming_butterfly_stroke,57,417
swimming_butterfly_stroke_005.mp4,swimming_butterfly_stroke,79,417
swimming_butterfly_stroke_006.mp4,swimming_butterfly_stroke,55,417
swimming_butterfly_stroke_007.mp4,swimming_butterfly_stroke,75,417
swimming_butterfly_stroke_008.mp4,swimming_butterfly_stroke,63,417
swimming_butterfly_stroke_009.mp4,swimming_butterfly_stroke,115,417
swimming_butterfly_stroke_010.mp4,swimming_butterfly_stroke,28,417
swimming_butterfly_stroke_011.mp4,swimming_butterfly_stroke,89,417
swimming_butterfly_stroke_012.mp4,swimming_butterfly_stroke,55,417
swimming_butterfly_stroke_013.mp4,swimming_butterfly_stroke,53,417
swimming_butterfly_stroke_014.mp4,swimming_butterfly_stroke,58,417
swimming_butterfly_stroke_015.mp4,swimming_butterfly_stroke,57,417
swimming_freestyle_000.mp4,swimming_freestyle,52,418
swimming_freestyle_001.mp4,swimming_freestyle,60,418
swimming_freestyle_002.mp4,swimming_freestyle,43,418
swimming_freestyle_003.mp4,swimming_freestyle,275,418
swimming_freestyle_004.mp4,swimming_freestyle,63,418
swimming_freestyle_005.mp4,swimming_freestyle,41,418
swimming_freestyle_006.mp4,swimming_freestyle,51,418
swimming_freestyle_007.mp4,swimming_freestyle,36,418
swimming_freestyle_008.mp4,swimming_freestyle,55,418
swimming_freestyle_009.mp4,swimming_freestyle,50,418
swimming_freestyle_010.mp4,swimming_freestyle,65,418
swimming_freestyle_011.mp4,swimming_freestyle,90,418
swimming_freestyle_012.mp4,swimming_freestyle,70,418
swimming_freestyle_013.mp4,swimming_freestyle,90,418
swimming_freestyle_014.mp4,swimming_freestyle,90,418
swimming_freestyle_015.mp4,swimming_freestyle,88,418
swinging_axe_on_a_tree_000.mp4,swinging_axe_on_a_tree,15,419
swinging_axe_on_a_tree_001.mp4,swinging_axe_on_a_tree,27,419
swinging_axe_on_a_tree_002.mp4,swinging_axe_on_a_tree,36,419
swinging_axe_on_a_tree_003.mp4,swinging_axe_on_a_tree,63,419
swinging_axe_on_a_tree_004.mp4,swinging_axe_on_a_tree,33,419
swinging_axe_on_a_tree_005.mp4,swinging_axe_on_a_tree,48,419
swinging_axe_on_a_tree_006.mp4,swinging_axe_on_a_tree,44,419
swinging_axe_on_a_tree_007.mp4,swinging_axe_on_a_tree,41,419
swinging_axe_on_a_tree_008.mp4,swinging_axe_on_a_tree,36,419
swinging_axe_on_a_tree_009.mp4,swinging_axe_on_a_tree,25,419
swinging_axe_on_a_tree_010.mp4,swinging_axe_on_a_tree,44,419
swinging_axe_on_a_tree_011.mp4,swinging_axe_on_a_tree,29,419
swinging_axe_on_a_tree_012.mp4,swinging_axe_on_a_tree,26,419
swinging_axe_on_a_tree_013.mp4,swinging_axe_on_a_tree,57,419
swinging_axe_on_a_tree_014.mp4,swinging_axe_on_a_tree,36,419
swinging_axe_on_a_tree_015.mp4,swinging_axe_on_a_tree,36,419
sword_swallowing_000.mp4,sword_swallowing,65,420
sword_swallowing_001.mp4,sword_swallowing,41,420
sword_swallowing_002.mp4,sword_swallowing,52,420
sword_swallowing_003.mp4,sword_swallowing,65,420
sword_swallowing_004.mp4,sword_swallowing,48,420
sword_swallowing_005.mp4,sword_swallowing,73,420
sword_swallowing_006.mp4,sword_swallowing,53,420
sword_swallowing_007.mp4,sword_swallowing,36,420
sword_swallowing_008.mp4,sword_swallowing,74,420
sword_swallowing_009.mp4,sword_swallowing,39,420
sword_swallowing_010.mp4,sword_swallowing,71,420
sword_swallowing_011.mp4,sword_swallowing,88,420
sword_swallowing_012.mp4,sword_swallowing,48,420
sword_swallowing_013.mp4,sword_swallowing,31,420
sword_swallowing_014.mp4,sword_swallowing,66,420
sword_swallowing_015.mp4,sword_swallowing,55,420
taekwondo_high_block_000.mp4,taekwondo_high_block,37,421
taekwondo_high_block_001.mp4,taekwondo_high_block,46,421
taekwondo_high_block_002.mp4,taekwondo_high_block,25,421
taekwondo_high_block_003.mp4,taekwondo_high_block,41,421
taekwondo_high_block_004.mp4,taekwondo_high_block,25,421
taekwondo_high_block_005.mp4,taekwondo_high_block,33,421
taekwondo_high_block_006.mp4,taekwondo_high_block,39,421
taekwondo_high_block_007.mp4,taekwondo_high_block,21,421
taekwondo_high_block_008.mp4,taekwondo_high_block,19,421
taekwondo_high_block_009.mp4,taekwondo_high_block,24,421
taekwondo_high_block_010.mp4,taekwondo_high_block,37,421
taekwondo_high_block_011.mp4,taekwondo_high_block,43,421
taekwondo_high_block_012.mp4,taekwondo_high_block,32,421
taekwondo_high_block_013.mp4,taekwondo_high_block,82,421
taekwondo_high_block_014.mp4,taekwondo_high_block,47,421
taekwondo_high_block_015.mp4,taekwondo_high_block,21,421
taekwondo_kick_000.mp4,taekwondo_kick,36,422
taekwondo_kick_001.mp4,taekwondo_kick,40,422
taekwondo_kick_002.mp4,taekwondo_kick,49,422
taekwondo_kick_003.mp4,taekwondo_kick,39,422
taekwondo_kick_004.mp4,taekwondo_kick,51,422
taekwondo_kick_005.mp4,taekwondo_kick,51,422
taekwondo_kick_006.mp4,taekwondo_kick,111,422
taekwondo_kick_007.mp4,taekwondo_kick,64,422
taekwondo_kick_008.mp4,taekwondo_kick,35,422
taekwondo_kick_009.mp4,taekwondo_kick,60,422
taekwondo_kick_010.mp4,taekwondo_kick,34,422
taekwondo_kick_011.mp4,taekwondo_kick,91,422
taekwondo_kick_012.mp4,taekwondo_kick,45,422
taekwondo_kick_013.mp4,taekwondo_kick,54,422
taekwondo_kick_014.mp4,taekwondo_kick,67,422
taekwondo_kick_015.mp4,taekwondo_kick,35,422
taekwondo_low_block_000.mp4,taekwondo_low_block,24,423
taekwondo_low_block_001.mp4,taekwondo_low_block,29,423
taekwondo_low_block_002.mp4,taekwondo_low_block,29,423
taekwondo_low_block_003.mp4,taekwondo_low_block,42,423
taekwondo_low_block_004.mp4,taekwondo_low_block,30,423
taekwondo_low_block_005.mp4,taekwondo_low_block,24,423
taekwondo_low_block_006.mp4,taekwondo_low_block,37,423
taekwondo_low_block_007.mp4,taekwondo_low_block,20,423
taekwondo_low_block_008.mp4,taekwondo_low_block,24,423
taekwondo_low_block_009.mp4,taekwondo_low_block,45,423
taekwondo_low_block_010.mp4,taekwondo_low_block,25,423
taekwondo_low_block_011.mp4,taekwondo_low_block,42,423
taekwondo_low_block_012.mp4,taekwondo_low_block,44,423
taekwondo_low_block_013.mp4,taekwondo_low_block,25,423
taekwondo_low_block_014.mp4,taekwondo_low_block,33,423
taekwondo_low_block_015.mp4,taekwondo_low_block,24,423
taekwondo_middle_block_000.mp4,taekwondo_middle_block,38,424
taekwondo_middle_block_001.mp4,taekwondo_middle_block,36,424
taekwondo_middle_block_002.mp4,taekwondo_middle_block,42,424
taekwondo_middle_block_003.mp4,taekwondo_middle_block,21,424
taekwondo_middle_block_004.mp4,taekwondo_middle_block,21,424
taekwondo_middle_block_005.mp4,taekwondo_middle_block,26,424
taekwondo_middle_block_006.mp4,taekwondo_middle_block,27,424
taekwondo_middle_block_007.mp4,taekwondo_middle_block,17,424
taekwondo_middle_block_008.mp4,taekwondo_middle_block,16,424
taekwondo_middle_block_009.mp4,taekwondo_middle_block,36,424
taekwondo_middle_block_010.mp4,taekwondo_middle_block,25,424
taekwondo_middle_block_011.mp4,taekwondo_middle_block,73,424
taekwondo_middle_block_012.mp4,taekwondo_middle_block,37,424
taekwondo_middle_block_013.mp4,taekwondo_middle_block,34,424
taekwondo_middle_block_014.mp4,taekwondo_middle_block,15,424
taekwondo_middle_block_015.mp4,taekwondo_middle_block,35,424
taekwondo_punch_000.mp4,taekwondo_punch,21,425
taekwondo_punch_001.mp4,taekwondo_punch,25,425
taekwondo_punch_002.mp4,taekwondo_punch,24,425
taekwondo_punch_003.mp4,taekwondo_punch,28,425
taekwondo_punch_004.mp4,taekwondo_punch,28,425
taekwondo_punch_005.mp4,taekwondo_punch,17,425
taekwondo_punch_006.mp4,taekwondo_punch,34,425
taekwondo_punch_007.mp4,taekwondo_punch,21,425
taekwondo_punch_008.mp4,taekwondo_punch,28,425
taekwondo_punch_009.mp4,taekwondo_punch,30,425
taekwondo_punch_010.mp4,taekwondo_punch,31,425
taekwondo_punch_011.mp4,taekwondo_punch,32,425
taekwondo_punch_012.mp4,taekwondo_punch,52,425
taekwondo_punch_013.mp4,taekwondo_punch,39,425
taekwondo_punch_014.mp4,taekwondo_punch,33,425
taekwondo_punch_015.mp4,taekwondo_punch,20,425
taichi_fan_000.mp4,taichi_fan,105,426
taichi_fan_001.mp4,taichi_fan,93,426
taichi_fan_002.mp4,taichi_fan,107,426
taichi_fan_003.mp4,taichi_fan,91,426
taichi_fan_004.mp4,taichi_fan,60,426
taichi_fan_005.mp4,taichi_fan,92,426
taichi_fan_006.mp4,taichi_fan,142,426
taichi_fan_007.mp4,taichi_fan,100,426
taichi_fan_008.mp4,taichi_fan,74,426
taichi_fan_009.mp4,taichi_fan,59,426
taichi_fan_010.mp4,taichi_fan,88,426
taichi_fan_011.mp4,taichi_fan,41,426
taichi_fan_012.mp4,taichi_fan,109,426
taichi_fan_013.mp4,taichi_fan,126,426
taichi_fan_014.mp4,taichi_fan,58,426
taichi_fan_015.mp4,taichi_fan,56,426
taking_photo_camera_000.mp4,taking_photo_camera,43,427
taking_photo_camera_001.mp4,taking_photo_camera,63,427
taking_photo_camera_002.mp4,taking_photo_camera,24,427
taking_photo_camera_003.mp4,taking_photo_camera,44,427
taking_photo_camera_004.mp4,taking_photo_camera,30,427
taking_photo_camera_005.mp4,taking_photo_camera,92,427
taking_photo_camera_006.mp4,taking_photo_camera,61,427
taking_photo_camera_007.mp4,taking_photo_camera,44,427
taking_photo_camera_008.mp4,taking_photo_camera,18,427
taking_photo_camera_009.mp4,taking_photo_camera,36,427
taking_photo_camera_010.mp4,taking_photo_camera,23,427
taking_photo_camera_011.mp4,taking_photo_camera,82,427
taking_photo_camera_012.mp4,taking_photo_camera,45,427
taking_photo_camera_013.mp4,taking_photo_camera,38,427
taking_photo_camera_014.mp4,taking_photo_camera,36,427
taking_photo_camera_015.mp4,taking_photo_camera,31,427
taking_selfie_000.mp4,taking_selfie,34,428
taking_selfie_001.mp4,taking_selfie,19,428
taking_selfie_002.mp4,taking_selfie,43,428
taking_selfie_003.mp4,taking_selfie,26,428
taking_selfie_004.mp4,taking_selfie,45,428
taking_selfie_005.mp4,taking_selfie,19,428
taking_selfie_006.mp4,taking_selfie,34,428
taking_selfie_007.mp4,taking_selfie,33,428
taking_selfie_008.mp4,taking_selfie,36,428
taking_selfie_009.mp4,taking_selfie,25,428
taking_selfie_010.mp4,taking_selfie,54,428
taking_selfie_011.mp4,taking_selfie,45,428
taking_selfie_012.mp4,taking_selfie,37,428
taking_selfie_013.mp4,taking_selfie,20,428
taking_selfie_014.mp4,taking_selfie,62,428
taking_selfie_015.mp4,taking_selfie,53,428
talking_megaphone_000.mp4,talking_megaphone,44,429
talking_megaphone_001.mp4,talking_megaphone,14,429
talking_megaphone_002.mp4,talking_megaphone,36,429
talking_megaphone_003.mp4,talking_megaphone,20,429
talking_megaphone_004.mp4,talking_megaphone,32,429
talking_megaphone_005.mp4,talking_megaphone,20,429
talking_megaphone_006.mp4,talking_megaphone,35,429
talking_megaphone_007.mp4,talking_megaphone,36,429
talking_megaphone_008.mp4,talking_megaphone,39,429
talking_megaphone_009.mp4,talking_megaphone,44,429
talking_megaphone_010.mp4,talking_megaphone,43,429
talking_megaphone_011.mp4,talking_megaphone,27,429
talking_megaphone_012.mp4,talking_megaphone,59,429
talking_megaphone_013.mp4,talking_megaphone,24,429
talking_megaphone_014.mp4,talking_megaphone,21,429
talking_megaphone_015.mp4,talking_megaphone,22,429
talking_on_phone_000.mp4,talking_on_phone,37,430
talking_on_phone_001.mp4,talking_on_phone,24,430
talking_on_phone_002.mp4,talking_on_phone,36,430
talking_on_phone_003.mp4,talking_on_phone,25,430
talking_on_phone_004.mp4,talking_on_phone,33,430
talking_on_phone_005.mp4,talking_on_phone,20,430
talking_on_phone_006.mp4,talking_on_phone,42,430
talking_on_phone_007.mp4,talking_on_phone,13,430
talking_on_phone_008.mp4,talking_on_phone,30,430
talking_on_phone_009.mp4,talking_on_phone,29,430
talking_on_phone_010.mp4,talking_on_phone,21,430
talking_on_phone_011.mp4,talking_on_phone,26,430
talking_on_phone_012.mp4,talking_on_phone,45,430
talking_on_phone_013.mp4,talking_on_phone,63,430
talking_on_phone_014.mp4,talking_on_phone,14,430
talking_on_phone_015.mp4,talking_on_phone,15,430
tap_dancing_000.mp4,tap_dancing,66,431
tap_dancing_001.mp4,tap_dancing,72,431
tap_dancing_002.mp4,tap_dancing,112,431
tap_dancing_003.mp4,tap_dancing,100,431
tap_dancing_004.mp4,tap_dancing,74,431
tap_dancing_005.mp4,tap_dancing,76,431
tap_dancing_006.mp4,tap_dancing,62,431
tap_dancing_007.mp4,tap_dancing,117,431
tap_dancing_008.mp4,tap_dancing,87,431
tap_dancing_009.mp4,tap_dancing,114,431
tap_dancing_010.mp4,tap_dancing,85,431
tap_dancing_011.mp4,tap_dancing,55,431
tap_dancing_012.mp4,tap_dancing,149,431
tap_dancing_013.mp4,tap_dancing,98,431
tap_dancing_014.mp4,tap_dancing,109,431
tap_dancing_015.mp4,tap_dancing,63,431
tennis_backhand_000.mp4,tennis_backhand,29,432
tennis_backhand_001.mp4,tennis_backhand,56,432
tennis_backhand_002.mp4,tennis_backhand,14,432
tennis_backhand_003.mp4,tennis_backhand,10,432
tennis_backhand_004.mp4,tennis_backhand,11,432
tennis_backhand_005.mp4,tennis_backhand,15,432
tennis_backhand_006.mp4,tennis_backhand,75,432
tennis_backhand_007.mp4,tennis_backhand,45,432
tennis_backhand_008.mp4,tennis_backhand,37,432
tennis_backhand_009.mp4,tennis_backhand,17,432
tennis_backhand_010.mp4,tennis_backhand,13,432
tennis_backhand_011.mp4,tennis_backhand,23,432
tennis_backhand_012.mp4,tennis_backhand,15,432
tennis_backhand_013.mp4,tennis_backhand,40,432
tennis_backhand_014.mp4,tennis_backhand,33,432
tennis_backhand_015.mp4,tennis_backhand,16,432
tennis_forehand_000.mp4,tennis_forehand,15,433
tennis_forehand_001.mp4,tennis_forehand,18,433
tennis_forehand_002.mp4,tennis_forehand,14,433
tennis_forehand_003.mp4,tennis_forehand,19,433
tennis_forehand_004.mp4,tennis_forehand,17,433
tennis_forehand_005.mp4,tennis_forehand,24,433
tennis_forehand_006.mp4,tennis_forehand,7,433
tennis_forehand_007.mp4,tennis_forehand,16,433
tennis_forehand_008.mp4,tennis_forehand,28,433
tennis_forehand_009.mp4,tennis_forehand,16,433
tennis_forehand_010.mp4,tennis_forehand,14,433
tennis_forehand_011.mp4,tennis_forehand,11,433
tennis_forehand_012.mp4,tennis_forehand,18,433
tennis_forehand_013.mp4,tennis_forehand,34,433
tennis_forehand_014.mp4,tennis_forehand,22,433
tennis_forehand_015.mp4,tennis_forehand,23,433
tennis_serve_000.mp4,tennis_serve,37,434
tennis_serve_001.mp4,tennis_serve,57,434
tennis_serve_002.mp4,tennis_serve,56,434
tennis_serve_003.mp4,tennis_serve,103,434
tennis_serve_004.mp4,tennis_serve,53,434
tennis_serve_005.mp4,tennis_serve,55,434
tennis_serve_006.mp4,tennis_serve,34,434
tennis_serve_007.mp4,tennis_serve,46,434
tennis_serve_008.mp4,tennis_serve,25,434
tennis_serve_009.mp4,tennis_serve,32,434
tennis_serve_010.mp4,tennis_serve,19,434
tennis_serve_011.mp4,tennis_serve,27,434
tennis_serve_012.mp4,tennis_serve,42,434
tennis_serve_013.mp4,tennis_serve,47,434
tennis_serve_014.mp4,tennis_serve,37,434
tennis_serve_015.mp4,tennis_serve,33,434
three_legged_race_000.mp4,three_legged_race,77,435
three_legged_race_001.mp4,three_legged_race,76,435
three_legged_race_002.mp4,three_legged_race,81,435
three_legged_race_003.mp4,three_legged_race,29,435
three_legged_race_004.mp4,three_legged_race,128,435
three_legged_race_005.mp4,three_legged_race,93,435
three_legged_race_006.mp4,three_legged_race,51,435
three_legged_race_007.mp4,three_legged_race,55,435
three_legged_race_008.mp4,three_legged_race,92,435
three_legged_race_009.mp4,three_legged_race,21,435
three_legged_race_010.mp4,three_legged_race,119,435
three_legged_race_011.mp4,three_legged_race,52,435
three_legged_race_012.mp4,three_legged_race,19,435
three_legged_race_013.mp4,three_legged_race,33,435
three_legged_race_014.mp4,three_legged_race,49,435
three_legged_race_015.mp4,three_legged_race,105,435
throw_boomerang_000.mp4,throw_boomerang,36,436
throw_boomerang_001.mp4,throw_boomerang,31,436
throw_boomerang_002.mp4,throw_boomerang,24,436
throw_boomerang_003.mp4,throw_boomerang,45,436
throw_boomerang_004.mp4,throw_boomerang,35,436
throw_boomerang_005.mp4,throw_boomerang,25,436
throw_boomerang_006.mp4,throw_boomerang,34,436
throw_boomerang_007.mp4,throw_boomerang,25,436
throw_boomerang_008.mp4,throw_boomerang,26,436
throw_boomerang_009.mp4,throw_boomerang,19,436
throw_boomerang_010.mp4,throw_boomerang,36,436
throw_boomerang_011.mp4,throw_boomerang,34,436
throw_boomerang_012.mp4,throw_boomerang,30,436
throw_boomerang_013.mp4,throw_boomerang,32,436
throw_boomerang_014.mp4,throw_boomerang,10,436
throw_boomerang_015.mp4,throw_boomerang,7,436
throw_paper-plane_000.mp4,throw_paper-plane,16,437
throw_paper-plane_001.mp4,throw_paper-plane,9,437
throw_paper-plane_002.mp4,throw_paper-plane,15,437
throw_paper-plane_003.mp4,throw_paper-plane,21,437
throw_paper-plane_004.mp4,throw_paper-plane,18,437
throw_paper-plane_005.mp4,throw_paper-plane,56,437
throw_paper-plane_006.mp4,throw_paper-plane,14,437
throw_paper-plane_007.mp4,throw_paper-plane,24,437
throw_paper-plane_008.mp4,throw_paper-plane,20,437
throw_paper-plane_009.mp4,throw_paper-plane,15,437
throw_paper-plane_010.mp4,throw_paper-plane,11,437
throw_paper-plane_011.mp4,throw_paper-plane,16,437
throw_paper-plane_012.mp4,throw_paper-plane,20,437
throw_paper-plane_013.mp4,throw_paper-plane,12,437
throw_paper-plane_014.mp4,throw_paper-plane,76,437
throw_paper-plane_015.mp4,throw_paper-plane,20,437
throwing_bouquet_000.mp4,throwing_bouquet,24,438
throwing_bouquet_001.mp4,throwing_bouquet,17,438
throwing_bouquet_002.mp4,throwing_bouquet,51,438
throwing_bouquet_003.mp4,throwing_bouquet,78,438
throwing_bouquet_004.mp4,throwing_bouquet,18,438
throwing_bouquet_005.mp4,throwing_bouquet,30,438
throwing_bouquet_006.mp4,throwing_bouquet,41,438
throwing_bouquet_007.mp4,throwing_bouquet,33,438
throwing_bouquet_008.mp4,throwing_bouquet,25,438
throwing_bouquet_009.mp4,throwing_bouquet,21,438
throwing_bouquet_010.mp4,throwing_bouquet,49,438
throwing_bouquet_011.mp4,throwing_bouquet,31,438
throwing_bouquet_012.mp4,throwing_bouquet,41,438
throwing_bouquet_013.mp4,throwing_bouquet,18,438
throwing_bouquet_014.mp4,throwing_bouquet,18,438
throwing_bouquet_015.mp4,throwing_bouquet,11,438
tight-rope_walking_000.mp4,tight-rope_walking,35,439
tight-rope_walking_001.mp4,tight-rope_walking,73,439
tight-rope_walking_002.mp4,tight-rope_walking,53,439
tight-rope_walking_003.mp4,tight-rope_walking,52,439
tight-rope_walking_004.mp4,tight-rope_walking,59,439
tight-rope_walking_005.mp4,tight-rope_walking,34,439
tight-rope_walking_006.mp4,tight-rope_walking,49,439
tight-rope_walking_007.mp4,tight-rope_walking,46,439
tight-rope_walking_008.mp4,tight-rope_walking,26,439
tight-rope_walking_009.mp4,tight-rope_walking,37,439
tight-rope_walking_010.mp4,tight-rope_walking,63,439
tight-rope_walking_011.mp4,tight-rope_walking,50,439
tight-rope_walking_012.mp4,tight-rope_walking,45,439
tight-rope_walking_013.mp4,tight-rope_walking,73,439
tight-rope_walking_014.mp4,tight-rope_walking,65,439
tight-rope_walking_015.mp4,tight-rope_walking,53,439
tire_pull_000.mp4,tire_pull,28,440
tire_pull_001.mp4,tire_pull,61,440
tire_pull_002.mp4,tire_pull,90,440
tire_pull_003.mp4,tire_pull,76,440
tire_pull_004.mp4,tire_pull,50,440
tire_pull_005.mp4,tire_pull,59,440
tire_pull_006.mp4,tire_pull,67,440
tire_pull_007.mp4,tire_pull,36,440
tire_pull_008.mp4,tire_pull,51,440
tire_pull_009.mp4,tire_pull,51,440
tire_pull_010.mp4,tire_pull,37,440
tire_pull_011.mp4,tire_pull,79,440
tire_pull_012.mp4,tire_pull,55,440
tire_pull_013.mp4,tire_pull,86,440
tire_pull_014.mp4,tire_pull,101,440
tire_pull_015.mp4,tire_pull,82,440
tire_sled_000.mp4,tire_sled,106,441
tire_sled_001.mp4,tire_sled,31,441
tire_sled_002.mp4,tire_sled,45,441
tire_sled_003.mp4,tire_sled,69,441
tire_sled_004.mp4,tire_sled,51,441
tire_sled_005.mp4,tire_sled,81,441
tire_sled_006.mp4,tire_sled,43,441
tire_sled_007.mp4,tire_sled,79,441
tire_sled_008.mp4,tire_sled,48,441
tire_sled_009.mp4,tire_sled,59,441
tire_sled_010.mp4,tire_sled,74,441
tire_sled_011.mp4,tire_sled,46,441
tire_sled_012.mp4,tire_sled,48,441
tire_sled_013.mp4,tire_sled,71,441
tire_sled_014.mp4,tire_sled,68,441
tire_sled_015.mp4,tire_sled,66,441
trampoline_000.mp4,trampoline,37,442
trampoline_001.mp4,trampoline,31,442
trampoline_002.mp4,trampoline,93,442
trampoline_003.mp4,trampoline,43,442
trampoline_004.mp4,trampoline,79,442
trampoline_005.mp4,trampoline,81,442
trampoline_006.mp4,trampoline,24,442
trampoline_007.mp4,trampoline,14,442
trampoline_008.mp4,trampoline,31,442
trampoline_009.mp4,trampoline,39,442
trampoline_010.mp4,trampoline,29,442
trampoline_011.mp4,trampoline,17,442
trampoline_012.mp4,trampoline,22,442
trampoline_013.mp4,trampoline,20,442
trampoline_014.mp4,trampoline,30,442
trampoline_015.mp4,trampoline,31,442
trapeze_interacting_000.mp4,trapeze_interacting,70,443
trapeze_interacting_001.mp4,trapeze_interacting,64,443
trapeze_interacting_002.mp4,trapeze_interacting,37,443
trapeze_interacting_003.mp4,trapeze_interacting,59,443
trapeze_interacting_004.mp4,trapeze_interacting,83,443
trapeze_interacting_005.mp4,trapeze_interacting,53,443
trapeze_interacting_006.mp4,trapeze_interacting,96,443
trapeze_interacting_007.mp4,trapeze_interacting,41,443
trapeze_interacting_008.mp4,trapeze_interacting,73,443
trapeze_interacting_009.mp4,trapeze_interacting,63,443
trapeze_interacting_010.mp4,trapeze_interacting,76,443
trapeze_interacting_011.mp4,trapeze_interacting,42,443
trapeze_interacting_012.mp4,trapeze_interacting,58,443
trapeze_interacting_013.mp4,trapeze_interacting,86,443
trapeze_interacting_014.mp4,trapeze_interacting,87,443
trapeze_interacting_015.mp4,trapeze_interacting,72,443
trapeze_single_000.mp4,trapeze_single,48,444
trapeze_single_001.mp4,trapeze_single,52,444
trapeze_single_002.mp4,trapeze_single,54,444
trapeze_single_003.mp4,trapeze_single,75,444
trapeze_single_004.mp4,trapeze_single,77,444
trapeze_single_005.mp4,trapeze_single,84,444
trapeze_single_006.mp4,trapeze_single,46,444
trapeze_single_007.mp4,trapeze_single,56,444
trapeze_single_008.mp4,trapeze_single,38,444
trapeze_single_009.mp4,trapeze_single,65,444
trapeze_single_010.mp4,trapeze_single,62,444
trapeze_single_011.mp4,trapeze_single,48,444
trapeze_single_012.mp4,trapeze_single,50,444
trapeze_single_013.mp4,trapeze_single,67,444
trapeze_single_014.mp4,trapeze_single,38,444
trapeze_single_015.mp4,trapeze_single,55,444
triple_jump_jump_000.mp4,triple_jump_jump,51,445
triple_jump_jump_001.mp4,triple_jump_jump,55,445
triple_jump_jump_002.mp4,triple_jump_jump,48,445
triple_jump_jump_003.mp4,triple_jump_jump,52,445
triple_jump_jump_004.mp4,triple_jump_jump,61,445
triple_jump_jump_005.mp4,triple_jump_jump,70,445
triple_jump_jump_006.mp4,triple_jump_jump,74,445
triple_jump_jump_007.mp4,triple_jump_jump,67,445
triple_jump_jump_008.mp4,triple_jump_jump,58,445
triple_jump_jump_009.mp4,triple_jump_jump,67,445
triple_jump_jump_010.mp4,triple_jump_jump,68,445
triple_jump_jump_011.mp4,triple_jump_jump,58,445
triple_jump_jump_012.mp4,triple_jump_jump,69,445
triple_jump_jump_013.mp4,triple_jump_jump,56,445
triple_jump_jump_014.mp4,triple_jump_jump,51,445
triple_jump_jump_015.mp4,triple_jump_jump,70,445
triple_jump_run_000.mp4,triple_jump_run,73,446
triple_jump_run_001.mp4,triple_jump_run,42,446
triple_jump_run_002.mp4,triple_jump_run,116,446
triple_jump_run_003.mp4,triple_jump_run,59,446
triple_jump_run_004.mp4,triple_jump_run,60,446
triple_jump_run_005.mp4,triple_jump_run,46,446
triple_jump_run_006.mp4,triple_jump_run,82,446
triple_jump_run_007.mp4,triple_jump_run,67,446
triple_jump_run_008.mp4,triple_jump_run,75,446
triple_jump_run_009.mp4,triple_jump_run,74,446
triple_jump_run_010.mp4,triple_jump_run,104,446
triple_jump_run_011.mp4,triple_jump_run,48,446
triple_jump_run_012.mp4,triple_jump_run,40,446
triple_jump_run_013.mp4,triple_jump_run,72,446
triple_jump_run_014.mp4,triple_jump_run,57,446
triple_jump_run_015.mp4,triple_jump_run,78,446
tug_of_war_000.mp4,tug_of_war,54,447
tug_of_war_001.mp4,tug_of_war,46,447
tug_of_war_002.mp4,tug_of_war,25,447
tug_of_war_003.mp4,tug_of_war,40,447
tug_of_war_004.mp4,tug_of_war,44,447
tug_of_war_005.mp4,tug_of_war,46,447
tug_of_war_006.mp4,tug_of_war,60,447
tug_of_war_007.mp4,tug_of_war,30,447
tug_of_war_008.mp4,tug_of_war,57,447
tug_of_war_009.mp4,tug_of_war,54,447
tug_of_war_010.mp4,tug_of_war,95,447
tug_of_war_011.mp4,tug_of_war,56,447
tug_of_war_012.mp4,tug_of_war,52,447
tug_of_war_013.mp4,tug_of_war,55,447
tug_of_war_014.mp4,tug_of_war,26,447
tug_of_war_015.mp4,tug_of_war,59,447
underarm_turn_000.mp4,underarm_turn,47,448
underarm_turn_001.mp4,underarm_turn,54,448
underarm_turn_002.mp4,underarm_turn,28,448
underarm_turn_003.mp4,underarm_turn,42,448
underarm_turn_004.mp4,underarm_turn,30,448
underarm_turn_005.mp4,underarm_turn,44,448
underarm_turn_006.mp4,underarm_turn,51,448
underarm_turn_007.mp4,underarm_turn,48,448
underarm_turn_008.mp4,underarm_turn,36,448
underarm_turn_009.mp4,underarm_turn,78,448
underarm_turn_010.mp4,underarm_turn,46,448
underarm_turn_011.mp4,underarm_turn,54,448
underarm_turn_012.mp4,underarm_turn,60,448
underarm_turn_013.mp4,underarm_turn,58,448
underarm_turn_014.mp4,underarm_turn,39,448
underarm_turn_015.mp4,underarm_turn,55,448
unevenbar_cross_000.mp4,unevenbar_cross,41,449
unevenbar_cross_001.mp4,unevenbar_cross,33,449
unevenbar_cross_002.mp4,unevenbar_cross,43,449
unevenbar_cross_003.mp4,unevenbar_cross,39,449
unevenbar_cross_004.mp4,unevenbar_cross,31,449
unevenbar_cross_005.mp4,unevenbar_cross,41,449
unevenbar_cross_006.mp4,unevenbar_cross,70,449
unevenbar_cross_007.mp4,unevenbar_cross,52,449
unevenbar_cross_008.mp4,unevenbar_cross,45,449
unevenbar_cross_009.mp4,unevenbar_cross,176,449
unevenbar_cross_010.mp4,unevenbar_cross,28,449
unevenbar_cross_011.mp4,unevenbar_cross,24,449
unevenbar_cross_012.mp4,unevenbar_cross,21,449
unevenbar_cross_013.mp4,unevenbar_cross,61,449
unevenbar_cross_014.mp4,unevenbar_cross,31,449
unevenbar_cross_015.mp4,unevenbar_cross,56,449
unevenbar_flip_000.mp4,unevenbar_flip,35,450
unevenbar_flip_001.mp4,unevenbar_flip,22,450
unevenbar_flip_002.mp4,unevenbar_flip,42,450
unevenbar_flip_003.mp4,unevenbar_flip,25,450
unevenbar_flip_004.mp4,unevenbar_flip,34,450
unevenbar_flip_005.mp4,unevenbar_flip,34,450
unevenbar_flip_006.mp4,unevenbar_flip,54,450
unevenbar_flip_007.mp4,unevenbar_flip,23,450
unevenbar_flip_008.mp4,unevenbar_flip,26,450
unevenbar_flip_009.mp4,unevenbar_flip,40,450
unevenbar_flip_010.mp4,unevenbar_flip,22,450
unevenbar_flip_011.mp4,unevenbar_flip,20,450
unevenbar_flip_012.mp4,unevenbar_flip,25,450
unevenbar_flip_013.mp4,unevenbar_flip,25,450
unevenbar_flip_014.mp4,unevenbar_flip,48,450
unevenbar_flip_015.mp4,unevenbar_flip,33,450
unevenbar_jump_000.mp4,unevenbar_jump,32,451
unevenbar_jump_001.mp4,unevenbar_jump,28,451
unevenbar_jump_002.mp4,unevenbar_jump,33,451
unevenbar_jump_003.mp4,unevenbar_jump,73,451
unevenbar_jump_004.mp4,unevenbar_jump,31,451
unevenbar_jump_005.mp4,unevenbar_jump,27,451
unevenbar_jump_006.mp4,unevenbar_jump,21,451
unevenbar_jump_007.mp4,unevenbar_jump,22,451
unevenbar_jump_008.mp4,unevenbar_jump,36,451
unevenbar_jump_009.mp4,unevenbar_jump,33,451
unevenbar_jump_010.mp4,unevenbar_jump,25,451
unevenbar_jump_011.mp4,unevenbar_jump,28,451
unevenbar_jump_012.mp4,unevenbar_jump,27,451
unevenbar_jump_013.mp4,unevenbar_jump,25,451
unevenbar_jump_014.mp4,unevenbar_jump,21,451
unevenbar_jump_015.mp4,unevenbar_jump,29,451
unevenbar_land_000.mp4,unevenbar_land,65,452
unevenbar_land_001.mp4,unevenbar_land,38,452
unevenbar_land_002.mp4,unevenbar_land,51,452
unevenbar_land_003.mp4,unevenbar_land,29,452
unevenbar_land_004.mp4,unevenbar_land,39,452
unevenbar_land_005.mp4,unevenbar_land,43,452
unevenbar_land_006.mp4,unevenbar_land,72,452
unevenbar_land_007.mp4,unevenbar_land,62,452
unevenbar_land_008.mp4,unevenbar_land,63,452
unevenbar_land_009.mp4,unevenbar_land,162,452
unevenbar_land_010.mp4,unevenbar_land,63,452
unevenbar_land_011.mp4,unevenbar_land,57,452
unevenbar_land_012.mp4,unevenbar_land,80,452
unevenbar_land_013.mp4,unevenbar_land,79,452
unevenbar_land_014.mp4,unevenbar_land,95,452
unevenbar_land_015.mp4,unevenbar_land,41,452
unevenbar_spin_000.mp4,unevenbar_spin,98,453
unevenbar_spin_001.mp4,unevenbar_spin,88,453
unevenbar_spin_002.mp4,unevenbar_spin,70,453
unevenbar_spin_003.mp4,unevenbar_spin,43,453
unevenbar_spin_004.mp4,unevenbar_spin,57,453
unevenbar_spin_005.mp4,unevenbar_spin,111,453
unevenbar_spin_006.mp4,unevenbar_spin,65,453
unevenbar_spin_007.mp4,unevenbar_spin,77,453
unevenbar_spin_008.mp4,unevenbar_spin,66,453
unevenbar_spin_009.mp4,unevenbar_spin,69,453
unevenbar_spin_010.mp4,unevenbar_spin,55,453
unevenbar_spin_011.mp4,unevenbar_spin,124,453
unevenbar_spin_012.mp4,unevenbar_spin,45,453
unevenbar_spin_013.mp4,unevenbar_spin,84,453
unevenbar_spin_014.mp4,unevenbar_spin,88,453
unevenbar_spin_015.mp4,unevenbar_spin,85,453
unicycle_ride_000.mp4,unicycle_ride,38,454
unicycle_ride_001.mp4,unicycle_ride,36,454
unicycle_ride_002.mp4,unicycle_ride,63,454
unicycle_ride_003.mp4,unicycle_ride,81,454
unicycle_ride_004.mp4,unicycle_ride,47,454
unicycle_ride_005.mp4,unicycle_ride,63,454
unicycle_ride_006.mp4,unicycle_ride,102,454
unicycle_ride_007.mp4,unicycle_ride,106,454
unicycle_ride_008.mp4,unicycle_ride,62,454
unicycle_ride_009.mp4,unicycle_ride,53,454
unicycle_ride_010.mp4,unicycle_ride,61,454
unicycle_ride_011.mp4,unicycle_ride,117,454
unicycle_ride_012.mp4,unicycle_ride,64,454
unicycle_ride_013.mp4,unicycle_ride,77,454
unicycle_ride_014.mp4,unicycle_ride,39,454
unicycle_ride_015.mp4,unicycle_ride,98,454
using_inhaler_000.mp4,using_inhaler,87,455
using_inhaler_001.mp4,using_inhaler,217,455
using_inhaler_002.mp4,using_inhaler,132,455
using_inhaler_003.mp4,using_inhaler,185,455
using_inhaler_004.mp4,using_inhaler,161,455
using_inhaler_005.mp4,using_inhaler,142,455
using_inhaler_006.mp4,using_inhaler,93,455
using_inhaler_007.mp4,using_inhaler,376,455
using_inhaler_008.mp4,using_inhaler,51,455
using_inhaler_009.mp4,using_inhaler,44,455
using_inhaler_010.mp4,using_inhaler,60,455
using_inhaler_011.mp4,using_inhaler,128,455
using_inhaler_012.mp4,using_inhaler,35,455
using_inhaler_013.mp4,using_inhaler,63,455
using_inhaler_014.mp4,using_inhaler,122,455
using_inhaler_015.mp4,using_inhaler,46,455
using_lawn_mower_000.mp4,using_lawn_mower,29,456
using_lawn_mower_001.mp4,using_lawn_mower,123,456
using_lawn_mower_002.mp4,using_lawn_mower,71,456
using_lawn_mower_003.mp4,using_lawn_mower,49,456
using_lawn_mower_004.mp4,using_lawn_mower,25,456
using_lawn_mower_005.mp4,using_lawn_mower,51,456
using_lawn_mower_006.mp4,using_lawn_mower,52,456
using_lawn_mower_007.mp4,using_lawn_mower,46,456
using_lawn_mower_008.mp4,using_lawn_mower,38,456
using_lawn_mower_009.mp4,using_lawn_mower,41,456
using_lawn_mower_010.mp4,using_lawn_mower,20,456
using_lawn_mower_011.mp4,using_lawn_mower,80,456
using_lawn_mower_012.mp4,using_lawn_mower,70,456
using_lawn_mower_013.mp4,using_lawn_mower,131,456
using_lawn_mower_014.mp4,using_lawn_mower,90,456
using_lawn_mower_015.mp4,using_lawn_mower,54,456
using_lawn_mower_riding_type_000.mp4,using_lawn_mower_riding_type,31,457
using_lawn_mower_riding_type_001.mp4,using_lawn_mower_riding_type,37,457
using_lawn_mower_riding_type_002.mp4,using_lawn_mower_riding_type,196,457
using_lawn_mower_riding_type_003.mp4,using_lawn_mower_riding_type,80,457
using_lawn_mower_riding_type_004.mp4,using_lawn_mower_riding_type,162,457
using_lawn_mower_riding_type_005.mp4,using_lawn_mower_riding_type,146,457
using_lawn_mower_riding_type_006.mp4,using_lawn_mower_riding_type,70,457
using_lawn_mower_riding_type_007.mp4,using_lawn_mower_riding_type,46,457
using_lawn_mower_riding_type_008.mp4,using_lawn_mower_riding_type,45,457
using_lawn_mower_riding_type_009.mp4,using_lawn_mower_riding_type,21,457
using_lawn_mower_riding_type_010.mp4,using_lawn_mower_riding_type,78,457
using_lawn_mower_riding_type_011.mp4,using_lawn_mower_riding_type,38,457
using_lawn_mower_riding_type_012.mp4,using_lawn_mower_riding_type,82,457
using_lawn_mower_riding_type_013.mp4,using_lawn_mower_riding_type,54,457
using_lawn_mower_riding_type_014.mp4,using_lawn_mower_riding_type,153,457
using_lawn_mower_riding_type_015.mp4,using_lawn_mower_riding_type,96,457
using_metal_detector_000.mp4,using_metal_detector,69,458
using_metal_detector_001.mp4,using_metal_detector,29,458
using_metal_detector_002.mp4,using_metal_detector,49,458
using_metal_detector_003.mp4,using_metal_detector,36,458
using_metal_detector_004.mp4,using_metal_detector,71,458
using_metal_detector_005.mp4,using_metal_detector,80,458
using_metal_detector_006.mp4,using_metal_detector,167,458
using_metal_detector_007.mp4,using_metal_detector,46,458
using_metal_detector_008.mp4,using_metal_detector,110,458
using_metal_detector_009.mp4,using_metal_detector,27,458
using_metal_detector_010.mp4,using_metal_detector,50,458
using_metal_detector_011.mp4,using_metal_detector,20,458
using_metal_detector_012.mp4,using_metal_detector,85,458
using_metal_detector_013.mp4,using_metal_detector,76,458
using_metal_detector_014.mp4,using_metal_detector,46,458
using_metal_detector_015.mp4,using_metal_detector,76,458
using_scythe_000.mp4,using_scythe,46,459
using_scythe_001.mp4,using_scythe,72,459
using_scythe_002.mp4,using_scythe,66,459
using_scythe_003.mp4,using_scythe,51,459
using_scythe_004.mp4,using_scythe,28,459
using_scythe_005.mp4,using_scythe,69,459
using_scythe_006.mp4,using_scythe,45,459
using_scythe_007.mp4,using_scythe,65,459
using_scythe_008.mp4,using_scythe,55,459
using_scythe_009.mp4,using_scythe,51,459
using_scythe_010.mp4,using_scythe,28,459
using_scythe_011.mp4,using_scythe,37,459
using_scythe_012.mp4,using_scythe,88,459
using_scythe_013.mp4,using_scythe,40,459
using_scythe_014.mp4,using_scythe,40,459
using_scythe_015.mp4,using_scythe,37,459
using_spinning_wheel_000.mp4,using_spinning_wheel,67,460
using_spinning_wheel_001.mp4,using_spinning_wheel,24,460
using_spinning_wheel_002.mp4,using_spinning_wheel,48,460
using_spinning_wheel_003.mp4,using_spinning_wheel,37,460
using_spinning_wheel_004.mp4,using_spinning_wheel,95,460
using_spinning_wheel_005.mp4,using_spinning_wheel,69,460
using_spinning_wheel_006.mp4,using_spinning_wheel,58,460
using_spinning_wheel_007.mp4,using_spinning_wheel,85,460
using_spinning_wheel_008.mp4,using_spinning_wheel,72,460
using_spinning_wheel_009.mp4,using_spinning_wheel,68,460
using_spinning_wheel_010.mp4,using_spinning_wheel,72,460
using_spinning_wheel_011.mp4,using_spinning_wheel,83,460
using_spinning_wheel_012.mp4,using_spinning_wheel,98,460
using_spinning_wheel_013.mp4,using_spinning_wheel,63,460
using_spinning_wheel_014.mp4,using_spinning_wheel,86,460
using_spinning_wheel_015.mp4,using_spinning_wheel,54,460
using_string_trimmer_000.mp4,using_string_trimmer,51,461
using_string_trimmer_001.mp4,using_string_trimmer,48,461
using_string_trimmer_002.mp4,using_string_trimmer,98,461
using_string_trimmer_003.mp4,using_string_trimmer,56,461
using_string_trimmer_004.mp4,using_string_trimmer,199,461
using_string_trimmer_005.mp4,using_string_trimmer,36,461
using_string_trimmer_006.mp4,using_string_trimmer,45,461
using_string_trimmer_007.mp4,using_string_trimmer,54,461
using_string_trimmer_008.mp4,using_string_trimmer,82,461
using_string_trimmer_009.mp4,using_string_trimmer,58,461
using_string_trimmer_010.mp4,using_string_trimmer,37,461
using_string_trimmer_011.mp4,using_string_trimmer,33,461
using_string_trimmer_012.mp4,using_string_trimmer,42,461
using_string_trimmer_013.mp4,using_string_trimmer,76,461
using_string_trimmer_014.mp4,using_string_trimmer,36,461
using_string_trimmer_015.mp4,using_string_trimmer,33,461
using_typewriter_000.mp4,using_typewriter,51,462
using_typewriter_001.mp4,using_typewriter,59,462
using_typewriter_002.mp4,using_typewriter,42,462
using_typewriter_003.mp4,using_typewriter,30,462
using_typewriter_004.mp4,using_typewriter,39,462
using_typewriter_005.mp4,using_typewriter,72,462
using_typewriter_006.mp4,using_typewriter,64,462
using_typewriter_007.mp4,using_typewriter,24,462
using_typewriter_008.mp4,using_typewriter,45,462
using_typewriter_009.mp4,using_typewriter,40,462
using_typewriter_010.mp4,using_typewriter,93,462
using_typewriter_011.mp4,using_typewriter,114,462
using_typewriter_012.mp4,using_typewriter,96,462
using_typewriter_013.mp4,using_typewriter,76,462
using_typewriter_014.mp4,using_typewriter,66,462
using_typewriter_015.mp4,using_typewriter,75,462
volleyball_overhand_000.mp4,volleyball_overhand,34,463
volleyball_overhand_001.mp4,volleyball_overhand,31,463
volleyball_overhand_002.mp4,volleyball_overhand,48,463
volleyball_overhand_003.mp4,volleyball_overhand,21,463
volleyball_overhand_004.mp4,volleyball_overhand,22,463
volleyball_overhand_005.mp4,volleyball_overhand,33,463
volleyball_overhand_006.mp4,volleyball_overhand,14,463
volleyball_overhand_007.mp4,volleyball_overhand,23,463
volleyball_overhand_008.mp4,volleyball_overhand,22,463
volleyball_overhand_009.mp4,volleyball_overhand,21,463
volleyball_overhand_010.mp4,volleyball_overhand,47,463
volleyball_overhand_011.mp4,volleyball_overhand,23,463
volleyball_overhand_012.mp4,volleyball_overhand,33,463
volleyball_overhand_013.mp4,volleyball_overhand,22,463
volleyball_overhand_014.mp4,volleyball_overhand,25,463
volleyball_overhand_015.mp4,volleyball_overhand,18,463
volleyball_pass_000.mp4,volleyball_pass,26,464
volleyball_pass_001.mp4,volleyball_pass,40,464
volleyball_pass_002.mp4,volleyball_pass,37,464
volleyball_pass_003.mp4,volleyball_pass,24,464
volleyball_pass_004.mp4,volleyball_pass,26,464
volleyball_pass_005.mp4,volleyball_pass,31,464
volleyball_pass_006.mp4,volleyball_pass,38,464
volleyball_pass_007.mp4,volleyball_pass,23,464
volleyball_pass_008.mp4,volleyball_pass,31,464
volleyball_pass_009.mp4,volleyball_pass,24,464
volleyball_pass_010.mp4,volleyball_pass,26,464
volleyball_pass_011.mp4,volleyball_pass,108,464
volleyball_pass_012.mp4,volleyball_pass,24,464
volleyball_pass_013.mp4,volleyball_pass,23,464
volleyball_pass_014.mp4,volleyball_pass,26,464
volleyball_pass_015.mp4,volleyball_pass,45,464
volleyball_set_000.mp4,volleyball_set,36,465
volleyball_set_001.mp4,volleyball_set,41,465
volleyball_set_002.mp4,volleyball_set,50,465
volleyball_set_003.mp4,volleyball_set,20,465
volleyball_set_004.mp4,volleyball_set,15,465
volleyball_set_005.mp4,volleyball_set,21,465
volleyball_set_006.mp4,volleyball_set,28,465
volleyball_set_007.mp4,volleyball_set,35,465
volleyball_set_008.mp4,volleyball_set,38,465
volleyball_set_009.mp4,volleyball_set,9,465
volleyball_set_010.mp4,volleyball_set,36,465
volleyball_set_011.mp4,volleyball_set,27,465
volleyball_set_012.mp4,volleyball_set,23,465
volleyball_set_013.mp4,volleyball_set,39,465
volleyball_set_014.mp4,volleyball_set,24,465
volleyball_set_015.mp4,volleyball_set,31,465
volleyball_underhand_000.mp4,volleyball_underhand,29,466
volleyball_underhand_001.mp4,volleyball_underhand,33,466
volleyball_underhand_002.mp4,volleyball_underhand,25,466
volleyball_underhand_003.mp4,volleyball_underhand,29,466
volleyball_underhand_004.mp4,volleyball_underhand,62,466
volleyball_underhand_005.mp4,volleyball_underhand,32,466
volleyball_underhand_006.mp4,volleyball_underhand,46,466
volleyball_underhand_007.mp4,volleyball_underhand,22,466
volleyball_underhand_008.mp4,volleyball_underhand,33,466
volleyball_underhand_009.mp4,volleyball_underhand,36,466
volleyball_underhand_010.mp4,volleyball_underhand,26,466
volleyball_underhand_011.mp4,volleyball_underhand,31,466
volleyball_underhand_012.mp4,volleyball_underhand,39,466
volleyball_underhand_013.mp4,volleyball_underhand,48,466
volleyball_underhand_014.mp4,volleyball_underhand,61,466
volleyball_underhand_015.mp4,volleyball_underhand,21,466
walking_on_stilts_000.mp4,walking_on_stilts,53,467
walking_on_stilts_001.mp4,walking_on_stilts,33,467
walking_on_stilts_002.mp4,walking_on_stilts,40,467
walking_on_stilts_003.mp4,walking_on_stilts,57,467
walking_on_stilts_004.mp4,walking_on_stilts,82,467
walking_on_stilts_005.mp4,walking_on_stilts,27,467
walking_on_stilts_006.mp4,walking_on_stilts,35,467
walking_on_stilts_007.mp4,walking_on_stilts,46,467
walking_on_stilts_008.mp4,walking_on_stilts,72,467
walking_on_stilts_009.mp4,walking_on_stilts,62,467
walking_on_stilts_010.mp4,walking_on_stilts,55,467
walking_on_stilts_011.mp4,walking_on_stilts,43,467
walking_on_stilts_012.mp4,walking_on_stilts,59,467
walking_on_stilts_013.mp4,walking_on_stilts,69,467
walking_on_stilts_014.mp4,walking_on_stilts,42,467
walking_on_stilts_015.mp4,walking_on_stilts,40,467
walking_with_crutches_000.mp4,walking_with_crutches,81,468
walking_with_crutches_001.mp4,walking_with_crutches,40,468
walking_with_crutches_002.mp4,walking_with_crutches,95,468
walking_with_crutches_003.mp4,walking_with_crutches,72,468
walking_with_crutches_004.mp4,walking_with_crutches,87,468
walking_with_crutches_005.mp4,walking_with_crutches,68,468
walking_with_crutches_006.mp4,walking_with_crutches,106,468
walking_with_crutches_007.mp4,walking_with_crutches,123,468
walking_with_crutches_008.mp4,walking_with_crutches,132,468
walking_with_crutches_009.mp4,walking_with_crutches,142,468
walking_with_crutches_010.mp4,walking_with_crutches,37,468
walking_with_crutches_011.mp4,walking_with_crutches,105,468
walking_with_crutches_012.mp4,walking_with_crutches,103,468
walking_with_crutches_013.mp4,walking_with_crutches,99,468
walking_with_crutches_014.mp4,walking_with_crutches,53,468
walking_with_crutches_015.mp4,walking_with_crutches,66,468
walking_with_walker_000.mp4,walking_with_walker,159,469
walking_with_walker_001.mp4,walking_with_walker,46,469
walking_with_walker_002.mp4,walking_with_walker,50,469
walking_with_walker_003.mp4,walking_with_walker,25,469
walking_with_walker_004.mp4,walking_with_walker,150,469
walking_with_walker_005.mp4,walking_with_walker,28,469
walking_with_walker_006.mp4,walking_with_walker,113,469
walking_with_walker_007.mp4,walking_with_walker,180,469
walking_with_walker_008.mp4,walking_with_walker,57,469
walking_with_walker_009.mp4,walking_with_walker,55,469
walking_with_walker_010.mp4,walking_with_walker,50,469
walking_with_walker_011.mp4,walking_with_walker,31,469
walking_with_walker_012.mp4,walking_with_walker,30,469
walking_with_walker_013.mp4,walking_with_walker,76,469
walking_with_walker_014.mp4,walking_with_walker,103,469
walking_with_walker_015.mp4,walking_with_walker,42,469
wall_paint_brush_000.mp4,wall_paint_brush,87,470
wall_paint_brush_001.mp4,wall_paint_brush,159,470
wall_paint_brush_002.mp4,wall_paint_brush,93,470
wall_paint_brush_003.mp4,wall_paint_brush,66,470
wall_paint_brush_004.mp4,wall_paint_brush,53,470
wall_paint_brush_005.mp4,wall_paint_brush,78,470
wall_paint_brush_006.mp4,wall_paint_brush,87,470
wall_paint_brush_007.mp4,wall_paint_brush,88,470
wall_paint_brush_008.mp4,wall_paint_brush,81,470
wall_paint_brush_009.mp4,wall_paint_brush,121,470
wall_paint_brush_010.mp4,wall_paint_brush,105,470
wall_paint_brush_011.mp4,wall_paint_brush,62,470
wall_paint_brush_012.mp4,wall_paint_brush,74,470
wall_paint_brush_013.mp4,wall_paint_brush,110,470
wall_paint_brush_014.mp4,wall_paint_brush,99,470
wall_paint_brush_015.mp4,wall_paint_brush,52,470
wall_paint_roller_000.mp4,wall_paint_roller,229,471
wall_paint_roller_001.mp4,wall_paint_roller,69,471
wall_paint_roller_002.mp4,wall_paint_roller,134,471
wall_paint_roller_003.mp4,wall_paint_roller,123,471
wall_paint_roller_004.mp4,wall_paint_roller,115,471
wall_paint_roller_005.mp4,wall_paint_roller,44,471
wall_paint_roller_006.mp4,wall_paint_roller,77,471
wall_paint_roller_007.mp4,wall_paint_roller,114,471
wall_paint_roller_008.mp4,wall_paint_roller,84,471
wall_paint_roller_009.mp4,wall_paint_roller,64,471
wall_paint_roller_010.mp4,wall_paint_roller,145,471
wall_paint_roller_011.mp4,wall_paint_roller,171,471
wall_paint_roller_012.mp4,wall_paint_roller,258,471
wall_paint_roller_013.mp4,wall_paint_roller,158,471
wall_paint_roller_014.mp4,wall_paint_roller,118,471
wall_paint_roller_015.mp4,wall_paint_roller,112,471
washing_clothes_000.mp4,washing_clothes,55,472
washing_clothes_001.mp4,washing_clothes,149,472
washing_clothes_002.mp4,washing_clothes,134,472
washing_clothes_003.mp4,washing_clothes,74,472
washing_clothes_004.mp4,washing_clothes,170,472
washing_clothes_005.mp4,washing_clothes,72,472
washing_clothes_006.mp4,washing_clothes,167,472
washing_clothes_007.mp4,washing_clothes,129,472
washing_clothes_008.mp4,washing_clothes,378,472
washing_clothes_009.mp4,washing_clothes,204,472
washing_clothes_010.mp4,washing_clothes,48,472
washing_clothes_011.mp4,washing_clothes,110,472
washing_clothes_012.mp4,washing_clothes,106,472
washing_clothes_013.mp4,washing_clothes,206,472
washing_clothes_014.mp4,washing_clothes,163,472
washing_clothes_015.mp4,washing_clothes,114,472
washing_dishes_000.mp4,washing_dishes,46,473
washing_dishes_001.mp4,washing_dishes,128,473
washing_dishes_002.mp4,washing_dishes,50,473
washing_dishes_003.mp4,washing_dishes,114,473
washing_dishes_004.mp4,washing_dishes,135,473
washing_dishes_005.mp4,washing_dishes,101,473
washing_dishes_006.mp4,washing_dishes,119,473
washing_dishes_007.mp4,washing_dishes,267,473
washing_dishes_008.mp4,washing_dishes,124,473
washing_dishes_009.mp4,washing_dishes,82,473
washing_dishes_010.mp4,washing_dishes,77,473
washing_dishes_011.mp4,washing_dishes,96,473
washing_dishes_012.mp4,washing_dishes,75,473
washing_dishes_013.mp4,washing_dishes,156,473
washing_dishes_014.mp4,washing_dishes,163,473
washing_dishes_015.mp4,washing_dishes,119,473
water_skiing_000.mp4,water_skiing,38,474
water_skiing_001.mp4,water_skiing,48,474
water_skiing_002.mp4,water_skiing,28,474
water_skiing_003.mp4,water_skiing,31,474
water_skiing_004.mp4,water_skiing,41,474
water_skiing_005.mp4,water_skiing,31,474
water_skiing_006.mp4,water_skiing,38,474
water_skiing_007.mp4,water_skiing,52,474
water_skiing_008.mp4,water_skiing,21,474
water_skiing_009.mp4,water_skiing,41,474
water_skiing_010.mp4,water_skiing,43,474
water_skiing_011.mp4,water_skiing,34,474
water_skiing_012.mp4,water_skiing,28,474
water_skiing_013.mp4,water_skiing,37,474
water_skiing_014.mp4,water_skiing,28,474
water_skiing_015.mp4,water_skiing,33,474
watering_plants_000.mp4,watering_plants,95,475
watering_plants_001.mp4,watering_plants,66,475
watering_plants_002.mp4,watering_plants,46,475
watering_plants_003.mp4,watering_plants,58,475
watering_plants_004.mp4,watering_plants,121,475
watering_plants_005.mp4,watering_plants,66,475
watering_plants_006.mp4,watering_plants,76,475
watering_plants_007.mp4,watering_plants,151,475
watering_plants_008.mp4,watering_plants,60,475
watering_plants_009.mp4,watering_plants,30,475
watering_plants_010.mp4,watering_plants,122,475
watering_plants_011.mp4,watering_plants,86,475
watering_plants_012.mp4,watering_plants,72,475
watering_plants_013.mp4,watering_plants,77,475
watering_plants_014.mp4,watering_plants,18,475
watering_plants_015.mp4,watering_plants,54,475
wear_face_mask_000.mp4,wear_face_mask,236,476
wear_face_mask_001.mp4,wear_face_mask,217,476
wear_face_mask_002.mp4,wear_face_mask,169,476
wear_face_mask_003.mp4,wear_face_mask,57,476
wear_face_mask_004.mp4,wear_face_mask,286,476
wear_face_mask_005.mp4,wear_face_mask,68,476
wear_face_mask_006.mp4,wear_face_mask,257,476
wear_face_mask_007.mp4,wear_face_mask,206,476
wear_face_mask_008.mp4,wear_face_mask,328,476
wear_face_mask_009.mp4,wear_face_mask,80,476
wear_face_mask_010.mp4,wear_face_mask,110,476
wear_face_mask_011.mp4,wear_face_mask,169,476
wear_face_mask_012.mp4,wear_face_mask,117,476
wear_face_mask_013.mp4,wear_face_mask,308,476
wear_face_mask_014.mp4,wear_face_mask,131,476
wear_face_mask_015.mp4,wear_face_mask,108,476
wear_helmet_000.mp4,wear_helmet,64,477
wear_helmet_001.mp4,wear_helmet,82,477
wear_helmet_002.mp4,wear_helmet,63,477
wear_helmet_003.mp4,wear_helmet,75,477
wear_helmet_004.mp4,wear_helmet,156,477
wear_helmet_005.mp4,wear_helmet,68,477
wear_helmet_006.mp4,wear_helmet,322,477
wear_helmet_007.mp4,wear_helmet,73,477
wear_helmet_008.mp4,wear_helmet,88,477
wear_helmet_009.mp4,wear_helmet,99,477
wear_helmet_010.mp4,wear_helmet,204,477
wear_helmet_011.mp4,wear_helmet,101,477
wear_helmet_012.mp4,wear_helmet,105,477
wear_helmet_013.mp4,wear_helmet,82,477
wear_helmet_014.mp4,wear_helmet,231,477
wear_helmet_015.mp4,wear_helmet,78,477
weightlifting_hang_000.mp4,weightlifting_hang,53,478
weightlifting_hang_001.mp4,weightlifting_hang,45,478
weightlifting_hang_002.mp4,weightlifting_hang,44,478
weightlifting_hang_003.mp4,weightlifting_hang,53,478
weightlifting_hang_004.mp4,weightlifting_hang,66,478
weightlifting_hang_005.mp4,weightlifting_hang,63,478
weightlifting_hang_006.mp4,weightlifting_hang,50,478
weightlifting_hang_007.mp4,weightlifting_hang,101,478
weightlifting_hang_008.mp4,weightlifting_hang,60,478
weightlifting_hang_009.mp4,weightlifting_hang,28,478
weightlifting_hang_010.mp4,weightlifting_hang,43,478
weightlifting_hang_011.mp4,weightlifting_hang,57,478
weightlifting_hang_012.mp4,weightlifting_hang,43,478
weightlifting_hang_013.mp4,weightlifting_hang,65,478
weightlifting_hang_014.mp4,weightlifting_hang,80,478
weightlifting_hang_015.mp4,weightlifting_hang,58,478
weightlifting_overhead_000.mp4,weightlifting_overhead,73,479
weightlifting_overhead_001.mp4,weightlifting_overhead,49,479
weightlifting_overhead_002.mp4,weightlifting_overhead,72,479
weightlifting_overhead_003.mp4,weightlifting_overhead,57,479
weightlifting_overhead_004.mp4,weightlifting_overhead,88,479
weightlifting_overhead_005.mp4,weightlifting_overhead,65,479
weightlifting_overhead_006.mp4,weightlifting_overhead,55,479
weightlifting_overhead_007.mp4,weightlifting_overhead,126,479
weightlifting_overhead_008.mp4,weightlifting_overhead,60,479
weightlifting_overhead_009.mp4,weightlifting_overhead,50,479
weightlifting_overhead_010.mp4,weightlifting_overhead,71,479
weightlifting_overhead_011.mp4,weightlifting_overhead,46,479
weightlifting_overhead_012.mp4,weightlifting_overhead,36,479
weightlifting_overhead_013.mp4,weightlifting_overhead,70,479
weightlifting_overhead_014.mp4,weightlifting_overhead,73,479
weightlifting_overhead_015.mp4,weightlifting_overhead,80,479
weightlifting_stand_000.mp4,weightlifting_stand,55,480
weightlifting_stand_001.mp4,weightlifting_stand,25,480
weightlifting_stand_002.mp4,weightlifting_stand,50,480
weightlifting_stand_003.mp4,weightlifting_stand,44,480
weightlifting_stand_004.mp4,weightlifting_stand,78,480
weightlifting_stand_005.mp4,weightlifting_stand,46,480
weightlifting_stand_006.mp4,weightlifting_stand,33,480
weightlifting_stand_007.mp4,weightlifting_stand,40,480
weightlifting_stand_008.mp4,weightlifting_stand,63,480
weightlifting_stand_009.mp4,weightlifting_stand,62,480
weightlifting_stand_010.mp4,weightlifting_stand,48,480
weightlifting_stand_011.mp4,weightlifting_stand,36,480
weightlifting_stand_012.mp4,weightlifting_stand,48,480
weightlifting_stand_013.mp4,weightlifting_stand,39,480
weightlifting_stand_014.mp4,weightlifting_stand,89,480
weightlifting_stand_015.mp4,weightlifting_stand,47,480
whipping_000.mp4,whipping,41,481
whipping_001.mp4,whipping,32,481
whipping_002.mp4,whipping,38,481
whipping_003.mp4,whipping,29,481
whipping_004.mp4,whipping,31,481
whipping_005.mp4,whipping,28,481
whipping_006.mp4,whipping,45,481
whipping_007.mp4,whipping,42,481
whipping_008.mp4,whipping,34,481
whipping_009.mp4,whipping,38,481
whipping_010.mp4,whipping,40,481
whipping_011.mp4,whipping,27,481
whipping_012.mp4,whipping,76,481
whipping_013.mp4,whipping,24,481
whipping_014.mp4,whipping,45,481
whipping_015.mp4,whipping,55,481
whistle_one_hand_000.mp4,whistle_one_hand,61,482
whistle_one_hand_001.mp4,whistle_one_hand,40,482
whistle_one_hand_002.mp4,whistle_one_hand,49,482
whistle_one_hand_003.mp4,whistle_one_hand,49,482
whistle_one_hand_004.mp4,whistle_one_hand,48,482
whistle_one_hand_005.mp4,whistle_one_hand,33,482
whistle_one_hand_006.mp4,whistle_one_hand,89,482
whistle_one_hand_007.mp4,whistle_one_hand,53,482
whistle_one_hand_008.mp4,whistle_one_hand,42,482
whistle_one_hand_009.mp4,whistle_one_hand,55,482
whistle_one_hand_010.mp4,whistle_one_hand,21,482
whistle_one_hand_011.mp4,whistle_one_hand,43,482
whistle_one_hand_012.mp4,whistle_one_hand,33,482
whistle_one_hand_013.mp4,whistle_one_hand,33,482
whistle_one_hand_014.mp4,whistle_one_hand,39,482
whistle_one_hand_015.mp4,whistle_one_hand,35,482
whistle_two_hands_000.mp4,whistle_two_hands,29,483
whistle_two_hands_001.mp4,whistle_two_hands,45,483
whistle_two_hands_002.mp4,whistle_two_hands,61,483
whistle_two_hands_003.mp4,whistle_two_hands,52,483
whistle_two_hands_004.mp4,whistle_two_hands,32,483
whistle_two_hands_005.mp4,whistle_two_hands,20,483
whistle_two_hands_006.mp4,whistle_two_hands,28,483
whistle_two_hands_007.mp4,whistle_two_hands,30,483
whistle_two_hands_008.mp4,whistle_two_hands,38,483
whistle_two_hands_009.mp4,whistle_two_hands,31,483
whistle_two_hands_010.mp4,whistle_two_hands,44,483
whistle_two_hands_011.mp4,whistle_two_hands,31,483
whistle_two_hands_012.mp4,whistle_two_hands,34,483
whistle_two_hands_013.mp4,whistle_two_hands,22,483
whistle_two_hands_014.mp4,whistle_two_hands,39,483
whistle_two_hands_015.mp4,whistle_two_hands,33,483
windsurfing_000.mp4,windsurfing,78,484
windsurfing_001.mp4,windsurfing,41,484
windsurfing_002.mp4,windsurfing,82,484
windsurfing_003.mp4,windsurfing,41,484
windsurfing_004.mp4,windsurfing,60,484
windsurfing_005.mp4,windsurfing,62,484
windsurfing_006.mp4,windsurfing,38,484
windsurfing_007.mp4,windsurfing,68,484
windsurfing_008.mp4,windsurfing,54,484
windsurfing_009.mp4,windsurfing,60,484
windsurfing_010.mp4,windsurfing,39,484
windsurfing_011.mp4,windsurfing,66,484
windsurfing_012.mp4,windsurfing,58,484
windsurfing_013.mp4,windsurfing,59,484
windsurfing_014.mp4,windsurfing,44,484
windsurfing_015.mp4,windsurfing,53,484
workout_chest-pull_000.mp4,workout_chest-pull,93,485
workout_chest-pull_001.mp4,workout_chest-pull,17,485
workout_chest-pull_002.mp4,workout_chest-pull,50,485
workout_chest-pull_003.mp4,workout_chest-pull,27,485
workout_chest-pull_004.mp4,workout_chest-pull,31,485
workout_chest-pull_005.mp4,workout_chest-pull,69,485
workout_chest-pull_006.mp4,workout_chest-pull,63,485
workout_chest-pull_007.mp4,workout_chest-pull,23,485
workout_chest-pull_008.mp4,workout_chest-pull,37,485
workout_chest-pull_009.mp4,workout_chest-pull,35,485
workout_chest-pull_010.mp4,workout_chest-pull,16,485
workout_chest-pull_011.mp4,workout_chest-pull,38,485
workout_chest-pull_012.mp4,workout_chest-pull,85,485
workout_chest-pull_013.mp4,workout_chest-pull,29,485
workout_chest-pull_014.mp4,workout_chest-pull,31,485
workout_chest-pull_015.mp4,workout_chest-pull,46,485
workout_crunch_000.mp4,workout_crunch,99,486
workout_crunch_001.mp4,workout_crunch,35,486
workout_crunch_002.mp4,workout_crunch,103,486
workout_crunch_003.mp4,workout_crunch,33,486
workout_crunch_004.mp4,workout_crunch,76,486
workout_crunch_005.mp4,workout_crunch,61,486
workout_crunch_006.mp4,workout_crunch,87,486
workout_crunch_007.mp4,workout_crunch,126,486
workout_crunch_008.mp4,workout_crunch,96,486
workout_crunch_009.mp4,workout_crunch,70,486
workout_crunch_010.mp4,workout_crunch,59,486
workout_crunch_011.mp4,workout_crunch,55,486
workout_crunch_012.mp4,workout_crunch,69,486
workout_crunch_013.mp4,workout_crunch,64,486
workout_crunch_014.mp4,workout_crunch,84,486
workout_crunch_015.mp4,workout_crunch,82,486
yawning_000.mp4,yawning,85,487
yawning_001.mp4,yawning,98,487
yawning_002.mp4,yawning,48,487
yawning_003.mp4,yawning,161,487
yawning_004.mp4,yawning,66,487
yawning_005.mp4,yawning,78,487
yawning_006.mp4,yawning,154,487
yawning_007.mp4,yawning,62,487
yawning_008.mp4,yawning,77,487
yawning_009.mp4,yawning,25,487
yawning_010.mp4,yawning,75,487
yawning_011.mp4,yawning,93,487
yawning_012.mp4,yawning,81,487
yawning_013.mp4,yawning,49,487
yawning_014.mp4,yawning,119,487
yawning_015.mp4,yawning,107,487
yoga_bridge_000.mp4,yoga_bridge,52,488
yoga_bridge_001.mp4,yoga_bridge,92,488
yoga_bridge_002.mp4,yoga_bridge,65,488
yoga_bridge_003.mp4,yoga_bridge,60,488
yoga_bridge_004.mp4,yoga_bridge,28,488
yoga_bridge_005.mp4,yoga_bridge,100,488
yoga_bridge_006.mp4,yoga_bridge,100,488
yoga_bridge_007.mp4,yoga_bridge,76,488
yoga_bridge_008.mp4,yoga_bridge,61,488
yoga_bridge_009.mp4,yoga_bridge,41,488
yoga_bridge_010.mp4,yoga_bridge,91,488
yoga_bridge_011.mp4,yoga_bridge,72,488
yoga_bridge_012.mp4,yoga_bridge,64,488
yoga_bridge_013.mp4,yoga_bridge,43,488
yoga_bridge_014.mp4,yoga_bridge,38,488
yoga_bridge_015.mp4,yoga_bridge,121,488
yoga_cat_000.mp4,yoga_cat,54,489
yoga_cat_001.mp4,yoga_cat,74,489
yoga_cat_002.mp4,yoga_cat,258,489
yoga_cat_003.mp4,yoga_cat,45,489
yoga_cat_004.mp4,yoga_cat,65,489
yoga_cat_005.mp4,yoga_cat,70,489
yoga_cat_006.mp4,yoga_cat,55,489
yoga_cat_007.mp4,yoga_cat,39,489
yoga_cat_008.mp4,yoga_cat,127,489
yoga_cat_009.mp4,yoga_cat,68,489
yoga_cat_010.mp4,yoga_cat,65,489
yoga_cat_011.mp4,yoga_cat,44,489
yoga_cat_012.mp4,yoga_cat,58,489
yoga_cat_013.mp4,yoga_cat,90,489
yoga_cat_014.mp4,yoga_cat,28,489
yoga_cat_015.mp4,yoga_cat,71,489
yoga_dancer_000.mp4,yoga_dancer,26,490
yoga_dancer_001.mp4,yoga_dancer,34,490
yoga_dancer_002.mp4,yoga_dancer,27,490
yoga_dancer_003.mp4,yoga_dancer,52,490
yoga_dancer_004.mp4,yoga_dancer,59,490
yoga_dancer_005.mp4,yoga_dancer,22,490
yoga_dancer_006.mp4,yoga_dancer,57,490
yoga_dancer_007.mp4,yoga_dancer,44,490
yoga_dancer_008.mp4,yoga_dancer,41,490
yoga_dancer_009.mp4,yoga_dancer,53,490
yoga_dancer_010.mp4,yoga_dancer,44,490
yoga_dancer_011.mp4,yoga_dancer,54,490
yoga_dancer_012.mp4,yoga_dancer,70,490
yoga_dancer_013.mp4,yoga_dancer,61,490
yoga_dancer_014.mp4,yoga_dancer,57,490
yoga_dancer_015.mp4,yoga_dancer,98,490
yoga_firefly_000.mp4,yoga_firefly,57,491
yoga_firefly_001.mp4,yoga_firefly,49,491
yoga_firefly_002.mp4,yoga_firefly,79,491
yoga_firefly_003.mp4,yoga_firefly,44,491
yoga_firefly_004.mp4,yoga_firefly,76,491
yoga_firefly_005.mp4,yoga_firefly,82,491
yoga_firefly_006.mp4,yoga_firefly,61,491
yoga_firefly_007.mp4,yoga_firefly,32,491
yoga_firefly_008.mp4,yoga_firefly,37,491
yoga_firefly_009.mp4,yoga_firefly,50,491
yoga_firefly_010.mp4,yoga_firefly,71,491
yoga_firefly_011.mp4,yoga_firefly,28,491
yoga_firefly_012.mp4,yoga_firefly,57,491
yoga_firefly_013.mp4,yoga_firefly,91,491
yoga_firefly_014.mp4,yoga_firefly,77,491
yoga_firefly_015.mp4,yoga_firefly,61,491
yoga_fish_000.mp4,yoga_fish,137,492
yoga_fish_001.mp4,yoga_fish,98,492
yoga_fish_002.mp4,yoga_fish,54,492
yoga_fish_003.mp4,yoga_fish,105,492
yoga_fish_004.mp4,yoga_fish,237,492
yoga_fish_005.mp4,yoga_fish,79,492
yoga_fish_006.mp4,yoga_fish,98,492
yoga_fish_007.mp4,yoga_fish,71,492
yoga_fish_008.mp4,yoga_fish,95,492
yoga_fish_009.mp4,yoga_fish,50,492
yoga_fish_010.mp4,yoga_fish,30,492
yoga_fish_011.mp4,yoga_fish,40,492
yoga_fish_012.mp4,yoga_fish,42,492
yoga_fish_013.mp4,yoga_fish,58,492
yoga_fish_014.mp4,yoga_fish,28,492
yoga_fish_015.mp4,yoga_fish,151,492
yoga_gate_000.mp4,yoga_gate,59,493
yoga_gate_001.mp4,yoga_gate,49,493
yoga_gate_002.mp4,yoga_gate,43,493
yoga_gate_003.mp4,yoga_gate,128,493
yoga_gate_004.mp4,yoga_gate,53,493
yoga_gate_005.mp4,yoga_gate,58,493
yoga_gate_006.mp4,yoga_gate,47,493
yoga_gate_007.mp4,yoga_gate,44,493
yoga_gate_008.mp4,yoga_gate,30,493
yoga_gate_009.mp4,yoga_gate,44,493
yoga_gate_010.mp4,yoga_gate,78,493
yoga_gate_011.mp4,yoga_gate,48,493
yoga_gate_012.mp4,yoga_gate,28,493
yoga_gate_013.mp4,yoga_gate,51,493
yoga_gate_014.mp4,yoga_gate,64,493
yoga_gate_015.mp4,yoga_gate,73,493
yoga_locust_000.mp4,yoga_locust,25,494
yoga_locust_001.mp4,yoga_locust,40,494
yoga_locust_002.mp4,yoga_locust,98,494
yoga_locust_003.mp4,yoga_locust,30,494
yoga_locust_004.mp4,yoga_locust,61,494
yoga_locust_005.mp4,yoga_locust,136,494
yoga_locust_006.mp4,yoga_locust,59,494
yoga_locust_007.mp4,yoga_locust,61,494
yoga_locust_008.mp4,yoga_locust,36,494
yoga_locust_009.mp4,yoga_locust,42,494
yoga_locust_010.mp4,yoga_locust,52,494
yoga_locust_011.mp4,yoga_locust,38,494
yoga_locust_012.mp4,yoga_locust,38,494
yoga_locust_013.mp4,yoga_locust,65,494
yoga_locust_014.mp4,yoga_locust,72,494
yoga_locust_015.mp4,yoga_locust,47,494
yoga_lotus_000.mp4,yoga_lotus,47,495
yoga_lotus_001.mp4,yoga_lotus,36,495
yoga_lotus_002.mp4,yoga_lotus,70,495
yoga_lotus_003.mp4,yoga_lotus,33,495
yoga_lotus_004.mp4,yoga_lotus,42,495
yoga_lotus_005.mp4,yoga_lotus,40,495
yoga_lotus_006.mp4,yoga_lotus,72,495
yoga_lotus_007.mp4,yoga_lotus,69,495
yoga_lotus_008.mp4,yoga_lotus,41,495
yoga_lotus_009.mp4,yoga_lotus,50,495
yoga_lotus_010.mp4,yoga_lotus,74,495
yoga_lotus_011.mp4,yoga_lotus,44,495
yoga_lotus_012.mp4,yoga_lotus,62,495
yoga_lotus_013.mp4,yoga_lotus,53,495
yoga_lotus_014.mp4,yoga_lotus,48,495
yoga_lotus_015.mp4,yoga_lotus,61,495
yoga_pigeon_000.mp4,yoga_pigeon,85,496
yoga_pigeon_001.mp4,yoga_pigeon,52,496
yoga_pigeon_002.mp4,yoga_pigeon,30,496
yoga_pigeon_003.mp4,yoga_pigeon,56,496
yoga_pigeon_004.mp4,yoga_pigeon,78,496
yoga_pigeon_005.mp4,yoga_pigeon,78,496
yoga_pigeon_006.mp4,yoga_pigeon,59,496
yoga_pigeon_007.mp4,yoga_pigeon,66,496
yoga_pigeon_008.mp4,yoga_pigeon,50,496
yoga_pigeon_009.mp4,yoga_pigeon,45,496
yoga_pigeon_010.mp4,yoga_pigeon,29,496
yoga_pigeon_011.mp4,yoga_pigeon,71,496
yoga_pigeon_012.mp4,yoga_pigeon,77,496
yoga_pigeon_013.mp4,yoga_pigeon,59,496
yoga_pigeon_014.mp4,yoga_pigeon,55,496
yoga_pigeon_015.mp4,yoga_pigeon,65,496
yoga_tree_000.mp4,yoga_tree,72,497
yoga_tree_001.mp4,yoga_tree,77,497
yoga_tree_002.mp4,yoga_tree,35,497
yoga_tree_003.mp4,yoga_tree,83,497
yoga_tree_004.mp4,yoga_tree,85,497
yoga_tree_005.mp4,yoga_tree,70,497
yoga_tree_006.mp4,yoga_tree,54,497
yoga_tree_007.mp4,yoga_tree,109,497
yoga_tree_008.mp4,yoga_tree,95,497
yoga_tree_009.mp4,yoga_tree,80,497
yoga_tree_010.mp4,yoga_tree,37,497
yoga_tree_011.mp4,yoga_tree,78,497
yoga_tree_012.mp4,yoga_tree,33,497
yoga_tree_013.mp4,yoga_tree,115,497
yoga_tree_014.mp4,yoga_tree,88,497
yoga_tree_015.mp4,yoga_tree,66,497
yoga_triangle_000.mp4,yoga_triangle,47,498
yoga_triangle_001.mp4,yoga_triangle,48,498
yoga_triangle_002.mp4,yoga_triangle,48,498
yoga_triangle_003.mp4,yoga_triangle,37,498
yoga_triangle_004.mp4,yoga_triangle,68,498
yoga_triangle_005.mp4,yoga_triangle,47,498
yoga_triangle_006.mp4,yoga_triangle,50,498
yoga_triangle_007.mp4,yoga_triangle,51,498
yoga_triangle_008.mp4,yoga_triangle,84,498
yoga_triangle_009.mp4,yoga_triangle,45,498
yoga_triangle_010.mp4,yoga_triangle,67,498
yoga_triangle_011.mp4,yoga_triangle,37,498
yoga_triangle_012.mp4,yoga_triangle,59,498
yoga_triangle_013.mp4,yoga_triangle,57,498
yoga_triangle_014.mp4,yoga_triangle,48,498
yoga_triangle_015.mp4,yoga_triangle,31,498
yoga_updog_000.mp4,yoga_updog,59,499
yoga_updog_001.mp4,yoga_updog,44,499
yoga_updog_002.mp4,yoga_updog,43,499
yoga_updog_003.mp4,yoga_updog,95,499
yoga_updog_004.mp4,yoga_updog,95,499
yoga_updog_005.mp4,yoga_updog,62,499
yoga_updog_006.mp4,yoga_updog,90,499
yoga_updog_007.mp4,yoga_updog,65,499
yoga_updog_008.mp4,yoga_updog,51,499
yoga_updog_009.mp4,yoga_updog,101,499
yoga_updog_010.mp4,yoga_updog,74,499
yoga_updog_011.mp4,yoga_updog,98,499
yoga_updog_012.mp4,yoga_updog,71,499
yoga_updog_013.mp4,yoga_updog,62,499
yoga_updog_014.mp4,yoga_updog,51,499
yoga_updog_015.mp4,yoga_updog,44,499
